UJAHR,UMONAT,USTUNDE,UWOCHENTAG,UART,UTYP1,ULICHTVERH,IstRad,IstPKW,IstFuss,IstKrad,IstGkfz,IstSonstige,USTRZUSTAND,LOCKDOWN,COVID,UKATEGORIE
2021,10,20,4,5,2,2,1,1,0,0,0,0,0,0,1,0
2019,8,8,4,5,3,0,1,1,0,0,0,0,0,0,0,0
2018,12,9,1,0,7,0,1,0,0,0,0,0,1,0,0,0
2018,5,22,3,5,5,2,0,1,0,0,0,0,0,0,0,0
2018,5,11,5,2,6,0,0,1,0,0,0,0,0,0,0,0
2018,1,16,7,8,1,0,0,1,0,0,0,0,0,0,0,0
2018,6,17,4,2,6,0,0,1,0,1,0,0,0,0,0,1
2018,1,10,6,1,5,0,1,1,0,0,0,0,1,0,0,0
2021,4,8,3,2,6,0,0,1,0,0,0,0,0,1,2,0
2019,12,10,3,5,3,0,1,0,0,0,0,0,0,0,0,0
2021,7,12,1,1,5,0,0,1,0,0,0,0,0,0,1,0
2021,2,13,2,2,6,0,0,1,0,0,0,0,2,1,2,0
2021,11,11,1,3,6,0,0,1,0,0,0,0,0,0,2,0
2019,1,19,5,6,3,2,0,1,1,0,0,0,1,0,0,0
2018,5,16,3,2,6,0,0,1,0,0,0,0,0,0,0,0
2020,6,17,1,3,6,0,0,1,0,1,0,0,0,0,1,0
2020,8,20,6,1,5,1,1,1,0,0,0,0,0,0,1,0
2020,5,8,6,0,3,0,0,0,0,0,0,1,0,1,1,0
2019,9,12,7,5,5,0,0,1,0,0,0,0,0,0,0,0
2020,7,9,4,5,3,0,1,1,0,0,0,0,0,0,1,1
2020,10,20,6,5,2,2,0,1,0,1,0,0,0,1,1,0
2020,10,5,4,0,1,2,0,0,0,1,0,0,1,1,1,0
2019,5,14,2,8,1,0,0,1,0,0,0,0,0,0,0,0
2019,10,10,5,5,3,0,1,1,0,0,0,0,0,0,0,0
2021,8,14,6,6,4,0,0,1,1,0,0,0,0,0,1,0
2019,11,12,5,5,7,0,0,1,0,0,1,0,0,0,0,0
2019,9,13,1,5,7,0,1,1,0,0,0,0,0,0,0,1
2018,5,9,6,5,3,0,1,1,0,0,0,0,0,0,0,0
2021,7,20,7,1,5,1,1,1,0,0,0,0,0,0,1,0
2019,8,18,4,3,6,0,1,1,0,0,0,0,0,0,0,0
2019,4,10,3,6,4,0,1,0,1,0,0,0,0,0,0,0
2018,10,16,4,1,5,0,0,1,0,0,0,0,0,0,0,0
2018,11,17,1,0,5,2,0,1,0,1,0,0,1,0,0,1
2021,2,11,7,0,7,0,1,1,0,0,0,1,0,1,2,0
2020,1,16,7,2,6,2,0,1,0,0,0,0,1,0,0,0
2020,7,12,4,4,6,0,0,1,0,0,0,0,0,0,1,1
2020,11,8,3,5,3,0,1,1,0,0,0,0,0,1,2,0
2019,5,9,5,5,2,0,1,0,0,0,1,0,0,0,0,1
2018,2,19,4,2,6,2,0,1,0,0,0,0,0,0,0,0
2019,5,9,6,0,6,0,0,0,0,1,0,1,0,0,0,0
2018,5,12,3,5,2,0,0,1,0,1,0,0,0,0,0,0
2018,11,18,1,2,2,2,1,1,0,0,0,0,1,0,0,0
2019,11,17,2,6,2,2,0,0,1,0,0,1,1,0,0,0
2020,8,14,7,0,3,0,0,1,0,1,0,0,0,0,1,0
2020,6,18,2,1,1,0,1,1,0,0,0,0,0,0,1,1
2021,11,10,2,2,6,0,0,1,0,0,0,0,0,0,2,0
2020,6,19,5,5,3,0,1,1,0,0,0,0,0,0,1,0
2019,3,15,2,5,3,0,0,1,0,0,0,0,1,0,0,0
2020,4,15,1,5,3,0,1,0,1,0,0,0,0,1,2,0
2018,7,7,3,6,4,0,0,1,1,0,0,0,0,0,0,1
2018,4,0,3,5,5,2,0,1,0,0,0,0,0,0,0,0
2021,4,13,5,2,6,0,0,1,0,0,0,0,0,1,2,0
2018,8,9,7,5,2,0,0,1,0,0,0,0,0,0,0,0
2018,8,10,5,5,3,0,0,1,0,0,0,0,0,0,0,0
2021,12,14,5,6,4,0,0,1,1,0,0,0,0,1,2,1
2020,5,5,3,5,3,0,0,1,0,0,0,1,0,1,1,0
2019,7,16,3,0,1,0,1,0,0,0,0,0,0,0,0,1
2019,1,14,3,2,2,0,0,0,0,0,1,1,1,0,0,0
2018,5,15,2,3,6,0,1,0,0,1,0,0,0,0,0,1
2018,11,9,4,5,3,0,0,1,0,0,0,0,0,0,0,0
2018,7,10,7,5,3,0,1,1,0,0,0,0,0,0,0,1
2020,1,10,6,5,3,0,1,1,0,0,0,0,1,0,0,0
2018,8,14,3,0,6,0,0,1,0,1,0,0,0,0,0,0
2018,3,4,3,8,1,2,0,1,0,0,0,0,0,0,0,0
2020,7,17,6,2,2,0,0,1,0,0,0,0,0,0,1,0
2021,12,16,6,8,1,1,0,0,0,0,0,1,2,1,2,0
2020,4,17,5,8,1,0,1,0,0,0,0,0,0,1,2,1
2020,2,19,5,5,2,2,1,1,0,0,0,0,0,0,0,0
2019,11,23,4,8,1,2,0,1,0,0,0,0,0,0,0,0
2020,6,19,3,5,2,0,1,1,0,0,0,0,0,0,1,0
2018,1,15,1,2,6,0,0,1,0,0,0,0,0,0,0,0
2020,10,9,2,5,3,0,0,1,0,1,0,0,1,1,1,0
2019,8,17,1,5,3,0,0,1,0,0,0,0,0,0,0,0
2018,5,7,3,6,7,0,0,1,1,0,0,0,0,0,0,0
2018,8,10,4,6,2,0,0,1,0,0,0,1,0,0,0,1
2021,11,9,3,6,4,0,1,0,1,0,0,0,1,0,2,0
2018,9,8,3,6,2,0,0,1,1,0,0,0,0,0,0,0
2020,8,9,7,0,1,0,0,0,0,1,0,0,0,0,1,0
2018,12,16,6,6,4,2,0,1,1,0,0,0,1,0,0,0
2018,1,6,2,6,4,2,0,1,1,0,0,0,0,0,0,0
2021,11,15,3,5,2,0,0,1,0,0,0,0,0,0,2,1
2019,1,16,3,4,1,2,0,1,0,0,0,0,1,0,0,0
2021,6,14,2,5,3,0,1,1,0,0,0,0,0,0,1,1
2020,8,0,1,0,1,2,1,0,0,0,0,0,0,0,1,1
2018,12,19,5,6,2,2,0,1,1,0,0,0,1,0,0,1
2020,2,18,4,5,3,2,0,1,0,1,0,0,1,0,0,0
2019,9,19,4,6,4,2,0,0,1,0,0,1,0,0,0,1
2020,12,10,4,0,1,0,1,0,0,0,0,0,1,1,2,0
2021,5,16,2,5,2,0,1,1,0,0,0,0,0,1,2,0
2020,12,13,4,5,3,0,0,1,0,0,0,0,0,1,2,0
2021,5,11,4,5,3,0,1,0,0,0,0,1,0,1,2,0
2021,8,18,7,2,6,0,0,1,0,0,0,0,0,0,1,0
2018,4,19,6,0,6,0,0,1,0,1,0,0,0,0,0,0
2018,7,21,7,0,1,2,1,1,0,0,0,0,1,0,0,0
2019,8,20,7,5,3,2,0,1,0,0,0,0,0,0,0,0
2021,8,21,7,5,2,2,1,1,0,0,0,0,0,0,1,0
2021,5,18,5,3,2,0,1,1,0,0,0,0,1,1,2,0
2021,11,13,7,9,1,0,1,0,0,0,0,0,0,0,2,0
2020,2,10,7,5,7,0,0,1,0,0,0,0,0,0,0,0
2021,10,11,6,5,2,0,0,1,0,1,0,0,0,0,1,0
2019,6,15,6,1,5,0,1,1,0,0,0,0,0,0,0,0
2021,10,12,6,6,4,0,0,1,1,0,0,0,0,0,1,1
2019,2,11,6,6,2,0,0,0,1,0,1,0,0,0,0,1
2021,9,19,7,5,2,1,1,1,0,0,0,0,0,0,1,0
2021,6,14,4,2,6,0,0,1,0,0,0,0,0,0,1,0
2020,6,19,2,0,5,0,0,1,0,1,0,0,0,0,1,0
2021,5,0,4,5,2,2,0,1,0,0,0,0,0,1,2,0
2018,6,17,3,2,6,0,0,1,0,0,0,0,0,0,0,0
2021,8,16,4,2,6,0,0,1,0,1,0,0,0,0,1,0
2019,1,7,4,3,6,0,1,1,0,0,0,0,0,0,0,0
2020,9,14,4,2,7,0,0,1,0,0,0,0,0,0,1,0
2018,5,15,7,5,3,0,0,1,0,0,0,0,0,0,0,0
2021,3,8,2,5,2,0,0,1,0,0,0,1,0,0,2,0
2021,6,18,3,1,5,0,0,1,0,0,0,0,0,0,1,1
2019,12,12,3,5,2,0,1,1,0,0,0,0,1,0,0,0
2020,11,8,6,2,2,0,1,1,0,0,0,0,0,1,2,0
2018,4,21,4,2,6,2,0,1,0,0,0,1,0,0,0,0
2019,1,18,4,0,5,2,0,1,0,1,0,0,1,0,0,0
2020,10,11,3,5,2,0,1,1,0,0,0,0,0,1,1,0
2019,9,17,6,1,5,0,1,1,0,0,0,0,1,0,0,0
2021,8,7,3,0,1,0,0,0,0,0,0,1,1,0,1,0
2018,10,11,5,2,2,0,0,1,0,0,0,0,0,0,0,0
2019,5,10,5,6,2,0,0,1,1,0,0,0,1,0,0,0
2019,7,15,2,2,7,0,1,1,0,0,0,0,0,0,0,0
2020,4,19,1,0,1,1,1,0,0,0,0,0,0,1,2,0
2019,10,20,7,6,7,2,1,0,1,0,0,0,1,0,0,0
2018,9,8,2,5,2,0,1,0,0,0,1,0,0,0,0,0
2020,9,16,4,5,2,0,1,1,0,0,0,0,0,0,1,1
2019,5,15,3,3,6,0,1,1,0,0,0,0,0,0,0,1
2020,11,12,4,1,5,0,0,1,0,0,0,0,1,1,2,1
2019,6,14,6,2,2,0,1,1,0,0,0,0,0,0,0,0
2020,12,15,5,0,7,1,0,1,0,0,0,0,0,1,2,1
2018,6,8,5,5,3,0,1,1,0,0,0,0,0,0,0,0
2019,1,6,5,6,2,2,0,1,1,0,0,0,1,0,0,0
2020,3,9,3,5,3,0,1,1,0,0,0,0,0,1,1,0
2020,8,12,4,5,3,0,0,1,0,0,0,0,0,0,1,0
2020,8,7,4,5,3,0,1,1,0,0,0,0,0,0,1,0
2019,9,16,5,5,2,0,0,1,0,0,0,1,0,0,0,1
2018,3,18,4,2,6,1,0,1,0,0,0,0,1,0,0,0
2021,5,14,2,0,7,0,0,1,0,1,0,0,0,1,2,0
2018,10,14,7,1,5,0,1,1,0,0,0,0,0,0,0,0
2018,6,15,2,2,7,0,0,1,0,0,1,0,0,0,0,0
2018,10,8,5,4,1,0,0,1,0,0,0,0,0,0,0,0
2021,5,10,2,0,2,0,1,1,0,0,0,0,0,1,2,0
2019,6,17,2,5,3,0,1,1,0,0,0,0,0,0,0,0
2021,9,10,5,4,6,0,1,0,0,0,0,1,0,0,1,0
2021,11,10,6,5,3,0,0,1,0,0,0,0,1,0,2,0
2018,5,13,7,2,6,0,0,1,0,1,0,0,0,0,0,0
2018,5,14,6,5,3,0,0,1,0,1,0,0,0,0,0,0
2021,11,15,3,5,3,0,0,1,0,0,0,0,1,0,2,0
2020,3,12,4,1,5,0,1,1,0,0,0,0,0,1,1,1
2020,9,15,3,6,4,0,0,1,1,0,0,0,0,0,1,1
2019,10,11,3,0,1,0,0,0,0,1,0,0,0,0,0,1
2020,4,9,3,1,5,0,1,1,0,0,0,0,0,1,2,0
2021,3,15,3,2,6,0,1,0,0,0,0,1,0,0,2,0
2018,6,11,4,5,3,0,0,1,0,0,0,0,0,0,0,1
2020,3,18,3,6,4,1,0,1,1,0,0,0,0,1,1,0
2018,5,16,2,6,4,0,0,1,1,0,0,0,0,0,0,0
2020,2,9,6,2,6,0,0,1,0,0,0,0,0,0,0,1
2019,3,0,5,5,3,2,0,1,0,0,0,0,1,0,0,0
2018,2,14,1,5,3,0,0,1,0,0,0,0,0,0,0,0
2018,9,7,6,5,3,1,0,1,1,1,0,0,0,0,0,0
2020,9,7,3,5,2,0,1,1,0,0,0,0,0,0,1,0
2020,11,4,1,0,1,2,0,1,0,0,0,1,1,1,2,0
2021,12,19,5,5,2,2,0,1,0,0,0,0,1,1,2,0
2020,6,20,5,7,7,0,1,0,0,0,0,0,0,0,1,0
2018,10,16,7,5,2,0,0,1,0,0,0,1,0,0,0,0
2021,3,15,3,2,6,0,0,1,0,0,0,1,0,0,2,0
2019,3,0,5,6,4,2,0,1,1,0,0,0,0,0,0,1
2021,10,18,7,3,6,2,0,1,0,0,0,0,0,0,1,0
2019,6,14,5,6,4,0,0,1,1,0,0,0,0,0,0,0
2018,4,13,5,2,6,0,0,1,0,0,0,0,0,0,0,1
2019,6,17,4,2,6,0,0,1,0,0,0,0,0,0,0,0
2019,3,5,5,0,6,2,0,1,0,1,0,0,1,0,0,0
2021,4,12,7,3,6,0,0,1,0,0,0,0,0,1,2,0
2018,2,18,2,3,6,2,1,1,0,0,0,0,1,0,0,0
2020,9,23,2,5,2,2,1,0,0,1,0,0,0,0,1,0
2020,2,23,5,6,2,2,0,1,1,0,0,0,0,0,0,0
2019,5,15,4,5,2,0,1,1,0,0,0,0,0,0,0,0
2018,4,17,6,5,2,0,1,1,0,0,0,0,0,0,0,0
2020,3,18,4,5,2,1,1,1,0,0,0,0,0,1,1,1
2018,1,7,4,5,3,1,1,1,0,0,0,0,0,0,0,0
2020,12,12,6,2,6,0,0,1,0,0,0,0,0,1,2,0
2018,1,8,3,6,2,1,0,1,1,0,0,0,1,0,0,0
2021,9,20,2,5,2,1,1,0,0,0,0,1,0,0,1,0
2021,2,21,4,6,4,2,0,0,1,0,0,1,2,1,2,0
2019,10,13,4,2,6,0,0,1,0,0,0,0,0,0,0,0
2020,11,10,6,0,3,0,0,1,0,0,0,1,0,1,2,0
2019,12,16,3,6,4,2,0,1,1,0,0,0,0,0,0,1
2021,3,5,3,6,4,2,0,0,1,0,0,1,1,0,2,0
2021,3,12,6,5,7,0,0,1,0,0,0,1,0,0,2,0
2021,9,20,7,5,3,2,1,1,0,0,0,0,1,0,1,0
2021,3,0,2,5,3,2,1,1,0,0,0,0,0,0,2,0
2021,11,14,3,5,3,0,0,1,0,1,0,0,0,0,2,0
2019,1,16,5,0,2,1,0,1,0,0,0,1,0,0,0,0
2019,9,15,2,2,6,0,0,1,0,0,0,0,0,0,0,0
2018,10,9,2,5,3,0,0,1,0,0,0,0,0,0,0,0
2021,5,17,4,5,2,0,1,1,0,0,0,0,0,1,2,0
2021,10,13,5,2,6,0,0,1,0,0,0,0,0,0,1,1
2021,7,18,6,5,3,0,0,1,0,0,0,1,0,0,1,0
2019,11,15,2,5,3,0,1,0,0,0,0,1,1,0,0,0
2019,9,8,3,5,2,0,1,1,0,0,0,0,0,0,0,0
2018,2,7,4,5,2,0,0,1,0,0,0,0,1,0,0,0
2020,1,20,6,5,3,2,1,1,0,0,0,0,1,0,0,0
2020,10,9,1,5,3,0,0,1,0,0,0,0,0,1,1,0
2021,12,17,3,6,2,2,0,1,1,0,0,0,1,1,2,0
2021,2,14,6,5,2,0,0,1,0,0,0,0,0,1,2,0
2018,7,6,3,6,7,0,1,0,1,0,0,0,0,0,0,0
2020,9,17,5,5,3,0,0,1,0,1,0,0,0,0,1,0
2018,9,22,4,5,2,2,0,1,0,0,0,0,0,0,0,0
2018,9,13,6,2,6,0,0,1,0,1,0,0,0,0,0,0
2021,11,6,2,5,5,2,0,1,0,1,0,0,1,0,2,1
2018,12,13,2,1,3,0,0,1,0,0,0,1,1,0,0,0
2020,8,18,7,4,6,0,1,0,0,0,0,1,0,0,1,0
2019,5,17,6,5,3,0,0,1,0,0,0,0,0,0,0,0
2018,12,22,4,0,1,2,0,0,0,1,0,0,1,0,0,0
2020,2,17,7,6,4,1,0,1,1,0,0,0,1,0,0,1
2018,1,9,5,3,6,0,0,1,0,0,0,0,1,0,0,0
2018,6,1,7,5,2,2,0,0,0,1,0,0,0,0,0,1
2019,6,20,1,1,5,0,1,1,0,0,0,1,0,0,0,0
2020,11,12,3,0,1,0,1,0,0,0,0,0,0,1,2,0
2018,11,16,5,2,6,1,0,1,0,0,0,0,0,0,0,0
2019,11,13,6,5,3,0,1,1,0,0,0,0,0,0,0,0
2019,8,16,6,2,6,0,0,1,0,0,0,0,1,0,0,0
2021,11,9,3,4,6,0,1,1,0,0,0,0,1,0,2,0
2018,12,13,6,0,1,0,0,0,0,1,0,0,1,0,0,0
2018,5,13,2,5,3,0,0,1,0,0,0,0,0,0,0,0
2020,1,23,1,0,1,2,1,0,0,0,0,0,1,0,0,0
2018,4,13,6,1,5,0,1,1,0,0,0,1,0,0,0,0
2021,4,8,3,2,6,0,0,1,0,0,0,1,0,1,2,0
2020,8,15,6,0,7,0,0,0,0,1,0,0,0,0,1,0
2018,8,14,7,5,2,0,0,1,0,0,0,0,0,0,0,0
2018,6,20,1,5,3,0,1,1,0,0,0,0,0,0,0,0
2021,2,8,4,2,6,0,0,1,0,0,0,0,1,1,2,0
2019,1,18,7,1,5,2,1,1,0,0,0,1,0,0,0,0
2021,8,17,6,2,6,0,0,1,0,0,0,0,0,0,1,1
2019,1,13,6,0,7,0,0,1,0,1,0,0,1,0,0,0
2018,7,10,3,5,2,0,0,1,0,0,0,0,0,0,0,0
2020,9,14,3,2,6,0,0,1,0,1,0,0,0,0,1,0
2018,10,13,6,0,1,0,1,0,0,0,0,0,0,0,0,0
2019,8,14,4,0,1,0,0,0,0,1,0,0,1,0,0,0
2018,10,22,2,6,4,2,1,0,1,0,0,0,0,0,0,0
2020,10,13,6,5,7,0,0,1,0,0,0,0,0,1,1,0
2019,11,11,3,1,5,0,0,1,0,0,0,0,0,0,0,0
2019,10,8,2,5,7,0,0,1,0,0,0,0,0,0,0,0
2018,6,16,5,5,3,0,0,1,0,1,0,0,0,0,0,0
2018,10,12,4,5,2,0,1,1,0,0,0,0,0,0,0,1
2020,7,7,6,3,6,0,0,1,0,1,0,0,0,0,1,1
2019,7,18,4,2,3,0,0,1,0,0,0,0,0,0,0,0
2021,7,14,7,5,3,0,0,1,0,0,0,1,0,0,1,0
2019,1,15,5,1,5,0,1,1,0,0,0,0,1,0,0,0
2018,2,15,3,2,6,0,0,1,0,0,0,0,0,0,0,0
2018,8,15,2,6,4,0,0,1,1,0,0,0,0,0,0,0
2020,4,11,2,5,2,0,1,1,0,0,0,0,0,1,2,0
2021,10,9,3,5,3,0,0,1,0,0,0,0,0,0,1,0
2019,11,7,4,5,3,1,1,0,0,0,0,1,0,0,0,0
2018,6,13,4,3,6,0,1,1,0,0,0,0,0,0,0,0
2021,4,19,3,0,2,1,1,1,0,0,0,0,1,1,2,0
2018,3,6,3,6,4,0,1,0,1,0,0,0,0,0,0,1
2021,9,12,5,3,6,0,0,1,0,0,0,1,0,0,1,0
2020,8,16,3,2,6,0,0,1,0,1,0,0,1,0,1,0
2021,5,15,3,2,6,0,0,1,0,1,0,0,0,1,2,0
2019,11,14,1,5,2,0,1,1,0,0,0,0,0,0,0,0
2019,7,15,3,5,2,0,1,1,0,0,0,0,0,0,0,0
2018,1,2,4,5,3,2,0,1,0,0,0,0,1,0,0,0
2019,9,14,1,1,5,0,0,1,0,0,0,1,0,0,0,0
2020,1,7,5,5,3,1,1,0,0,0,0,1,0,0,0,0
2021,8,8,2,0,6,0,0,1,0,1,0,0,1,0,1,0
2020,2,18,4,3,6,1,1,1,0,0,0,0,0,0,0,0
2020,11,12,5,0,3,0,0,1,0,1,0,0,1,1,2,0
2018,7,13,6,2,6,0,0,1,0,0,0,0,0,0,0,1
2019,10,14,7,0,5,0,1,0,0,1,0,0,0,0,0,0
2018,12,9,3,0,3,0,0,1,0,1,0,0,1,0,0,0
2021,6,11,4,5,2,0,1,1,0,0,0,0,0,0,1,0
2019,2,12,7,2,6,0,0,1,0,0,0,0,0,0,0,0
2021,8,0,4,0,1,2,1,0,0,0,0,0,0,0,1,0
2019,10,13,6,2,6,0,0,1,0,0,0,0,0,0,0,0
2020,9,15,3,5,2,0,1,1,0,0,0,0,0,0,1,0
2019,6,13,3,2,6,0,0,1,0,0,0,0,0,0,0,0
2018,5,16,1,0,7,0,1,0,0,0,0,0,0,0,0,1
2018,7,9,3,4,1,0,0,1,0,0,1,1,0,0,0,1
2021,12,9,4,5,2,0,1,1,0,0,0,0,0,1,2,1
2020,9,7,6,5,5,0,0,1,0,1,0,0,0,0,1,0
2019,11,16,4,5,3,2,1,1,0,0,0,0,0,0,0,1
2021,9,17,4,5,3,0,0,1,0,0,0,0,1,0,1,0
2019,3,9,3,5,3,0,0,1,0,1,0,0,0,0,0,0
2018,8,19,4,2,6,0,1,0,0,0,0,0,0,0,0,0
2019,1,17,6,0,4,1,0,1,1,0,0,0,1,0,0,0
2020,3,14,1,6,4,0,0,1,1,0,0,0,1,1,1,1
2018,4,16,6,5,3,0,1,1,0,0,0,0,0,0,0,1
2019,7,8,3,3,6,0,1,0,0,0,0,0,0,0,0,0
2019,4,16,1,5,3,0,0,1,0,0,0,0,0,0,0,0
2019,9,10,6,2,6,0,0,1,0,0,0,1,1,0,0,0
2021,10,6,3,5,3,0,0,1,0,0,0,1,1,0,1,0
2021,11,7,6,2,6,0,0,1,0,0,0,1,1,0,2,0
2018,7,9,3,5,3,0,1,1,0,0,0,0,0,0,0,0
2018,5,17,5,2,6,0,0,1,0,0,0,0,0,0,0,0
2021,3,11,5,2,6,0,0,1,0,0,0,0,0,0,2,0
2018,6,18,2,1,5,0,1,1,0,0,0,0,0,0,0,0
2018,9,12,2,3,6,0,0,1,0,1,0,0,0,0,0,0
2020,12,11,7,5,3,0,0,1,0,0,0,1,0,1,2,0
2020,9,17,4,6,7,0,0,0,1,0,0,1,0,0,1,0
2019,9,11,5,2,6,0,0,1,0,0,0,0,0,0,0,0
2021,10,21,6,9,1,2,0,0,0,1,0,0,0,0,1,0
2019,3,22,5,6,7,2,0,1,1,0,0,0,1,0,0,0
2020,12,8,2,3,6,1,1,1,0,0,0,0,1,1,2,0
2018,5,19,4,5,2,0,1,1,0,0,0,0,0,0,0,0
2018,8,20,5,5,2,1,0,1,0,1,0,0,0,0,0,0
2018,2,23,7,5,3,2,0,1,0,0,0,0,0,0,0,0
2018,3,20,6,3,6,2,0,1,0,0,0,0,0,0,0,0
2018,6,17,7,5,3,0,0,1,0,0,0,0,0,0,0,0
2019,11,17,4,6,6,2,1,0,1,0,0,0,0,0,0,0
2020,1,5,4,6,2,2,0,1,1,0,0,0,0,0,0,0
2018,10,14,3,5,3,0,1,0,0,0,0,0,0,0,0,0
2019,5,19,3,5,3,0,1,0,0,0,0,0,0,0,0,0
2021,8,13,1,2,6,0,0,1,0,0,0,0,0,0,1,0
2019,12,16,4,6,4,2,0,1,1,0,0,0,0,0,0,0
2019,6,15,5,5,3,0,0,1,0,0,0,0,1,0,0,0
2018,9,13,3,2,7,0,0,1,0,0,0,0,0,0,0,0
2019,4,15,4,5,3,0,0,1,0,1,0,0,0,0,0,0
2019,9,13,2,0,7,0,0,1,0,0,0,0,0,0,0,0
2020,9,7,3,1,5,0,1,1,0,0,0,0,0,0,1,0
2021,1,20,1,3,6,2,0,1,0,0,0,0,1,1,2,0
2021,4,18,1,2,6,0,0,1,0,0,0,0,0,1,2,0
2020,10,18,7,5,2,1,1,1,0,0,0,0,0,1,1,0
2021,7,16,2,5,3,0,1,0,0,0,0,0,0,0,1,0
2020,7,7,4,6,7,0,1,0,1,0,0,0,0,0,1,0
2020,7,22,4,0,7,2,0,0,0,1,0,0,1,0,1,0
2020,5,7,1,1,5,0,1,1,0,0,0,0,0,1,1,0
2019,5,14,5,5,5,0,1,1,0,0,0,0,0,0,0,0
2019,12,9,6,5,3,0,0,1,0,0,0,0,1,0,0,0
2021,2,16,3,6,2,2,0,0,1,1,0,0,1,1,2,0
2019,7,8,3,2,2,0,0,1,0,0,0,0,1,0,0,0
2018,9,9,3,2,6,0,0,1,0,0,0,0,0,0,0,0
2018,3,17,6,5,2,0,0,1,0,0,0,1,0,0,0,0
2019,3,13,3,5,3,0,0,1,0,0,0,0,1,0,0,0
2021,9,15,7,1,5,0,0,1,0,0,0,0,0,0,1,0
2018,12,12,5,6,4,0,0,1,1,0,0,0,0,0,0,0
2018,12,18,2,3,6,2,0,1,0,1,0,0,1,0,0,0
2020,8,15,2,2,6,0,0,1,0,1,0,0,1,0,1,0
2021,11,19,4,3,6,2,0,1,0,0,1,0,1,0,2,0
2018,10,18,3,5,3,1,0,1,0,1,0,0,1,0,0,0
2020,2,10,3,5,3,0,1,1,0,0,0,0,0,0,0,0
2020,6,18,3,5,2,0,1,1,0,0,0,0,0,0,1,0
2018,1,14,3,5,2,0,1,1,0,0,0,0,0,0,0,0
2019,5,15,5,2,6,0,0,1,0,0,0,0,0,0,0,0
2018,1,18,4,5,3,2,0,1,0,0,0,0,1,0,0,0
2019,2,11,4,1,5,0,1,0,0,0,1,1,0,0,0,0
2019,4,15,2,1,5,0,1,1,0,0,0,0,0,0,0,0
2021,11,9,5,6,2,0,0,1,1,0,0,0,0,0,2,0
2019,5,16,4,5,3,0,1,1,0,0,0,0,0,0,0,0
2018,11,7,4,0,7,0,1,1,0,0,0,0,0,0,0,0
2018,11,19,1,3,6,1,1,1,0,0,0,0,0,0,0,1
2019,12,16,2,2,6,2,0,1,0,0,0,0,2,0,0,0
2019,6,19,6,3,6,0,1,0,0,0,0,1,0,0,0,0
2019,3,9,7,6,2,0,0,1,1,0,0,0,0,0,0,0
2019,9,17,3,2,6,0,0,1,0,0,0,0,1,0,0,0
2021,10,16,2,5,2,0,1,1,0,0,0,0,0,0,1,0
2018,9,15,2,5,2,0,1,0,0,0,0,1,1,0,0,0
2019,7,21,1,0,3,1,0,1,0,1,0,0,0,0,0,1
2019,11,15,2,7,7,0,0,1,0,0,0,1,0,0,0,0
2019,3,11,1,6,4,0,0,1,1,0,0,0,0,0,0,0
2021,5,14,7,5,3,0,0,1,0,1,0,0,0,1,2,0
2019,11,18,4,2,6,2,0,1,0,0,0,0,0,0,0,0
2018,7,17,2,6,7,0,0,1,1,0,0,0,0,0,0,0
2020,10,16,6,0,6,0,0,0,0,1,0,0,0,1,1,0
2018,7,15,6,3,6,0,1,1,0,0,0,0,0,0,0,0
2019,5,10,6,3,1,0,1,1,0,0,0,0,0,0,0,0
2018,11,17,3,5,3,2,0,1,0,0,0,0,0,0,0,0
2018,5,7,4,6,4,0,0,1,1,0,0,0,0,0,0,0
2021,7,19,3,5,3,0,1,0,0,0,0,0,0,0,1,0
2018,6,15,6,2,6,0,0,1,0,0,0,0,0,0,0,0
2019,8,17,2,5,2,0,1,0,0,0,0,1,0,0,0,0
2019,1,19,6,1,5,2,1,1,0,0,0,0,1,0,0,0
2021,10,15,6,5,2,0,0,1,0,0,0,0,1,0,1,0
2018,6,16,7,6,7,0,1,0,1,0,0,0,0,0,0,0
2021,8,16,2,0,1,0,0,0,0,1,0,0,0,0,1,0
2020,4,9,4,5,3,0,0,1,0,0,0,0,0,1,2,0
2020,6,19,4,5,3,0,0,1,0,1,0,0,0,0,1,0
2018,7,23,4,5,3,2,0,1,0,1,0,0,0,0,0,0
2018,4,17,1,3,6,0,0,1,0,1,0,0,0,0,0,0
2020,8,22,4,0,1,2,0,0,0,1,0,0,0,0,1,0
2018,8,10,2,5,2,0,1,0,0,0,0,1,0,0,0,0
2021,8,16,2,5,3,0,0,1,0,0,0,1,1,0,1,0
2018,6,12,4,0,7,0,0,0,0,1,0,0,1,0,0,0
2018,9,18,5,1,1,0,0,1,0,0,0,0,0,0,0,1
2019,3,14,6,5,2,0,1,1,0,0,0,0,0,0,0,0
2021,3,6,4,0,3,0,0,1,0,0,0,0,0,0,2,0
2018,1,9,6,6,7,0,0,1,1,0,0,0,1,0,0,0
2020,10,11,2,2,6,0,0,1,0,0,0,0,1,1,1,0
2021,8,14,6,5,3,0,1,1,0,0,0,0,0,0,1,0
2018,7,15,6,6,2,0,0,1,1,0,0,0,0,0,0,0
2019,12,13,1,5,5,0,0,1,0,0,0,0,1,0,0,0