UJAHR,UMONAT,USTUNDE,UWOCHENTAG,UART,UTYP1,ULICHTVERH,IstRad,IstPKW,IstFuss,IstKrad,IstGkfz,IstSonstige,USTRZUSTAND,LOCKDOWN,COVID,UKATEGORIE
2019,12,17,5,2,6,2,0,1,0,1,0,0,1,0,0,0
2021,12,12,6,1,5,0,0,1,0,0,0,0,1,1,2,0
2018,9,9,6,0,7,0,0,1,0,1,0,0,0,0,0,0
2018,3,14,2,5,2,0,0,0,0,0,0,1,1,0,0,0
2018,2,16,1,2,6,1,0,1,0,0,0,0,1,0,0,0
2019,9,11,2,5,7,0,0,1,0,0,0,1,0,0,0,0
2019,9,7,5,0,1,0,0,0,0,1,0,0,1,0,0,0
2020,4,14,7,5,2,0,1,1,0,0,0,0,0,1,2,0
2019,6,9,2,5,2,0,1,1,0,0,0,0,0,0,0,0
2020,9,18,4,5,3,0,0,1,0,0,0,0,0,0,1,0
2019,10,19,1,2,6,2,0,1,0,0,0,0,0,0,0,0
2019,8,16,4,0,1,0,0,1,0,1,0,0,0,0,0,0
2019,3,23,1,9,1,2,0,1,0,0,0,0,1,0,0,0
2020,1,13,6,5,3,0,1,1,0,0,0,0,0,0,0,0
2021,7,16,7,5,2,0,1,1,0,0,0,0,0,0,1,0
2020,5,7,6,0,6,0,1,1,0,0,0,0,0,1,1,1
2021,9,15,3,5,2,0,0,1,0,0,0,0,0,0,1,0
2019,9,15,4,3,6,0,1,0,0,0,0,0,0,0,0,0
2020,6,19,5,1,7,0,0,1,0,1,0,0,0,0,1,0
2020,7,18,3,4,6,0,1,0,0,0,0,0,0,0,1,0
2019,9,10,2,2,6,0,0,1,0,0,0,0,1,0,0,0
2019,2,16,6,2,7,0,1,1,0,0,0,0,0,0,0,1
2020,7,4,3,0,2,1,1,1,0,0,0,0,0,0,1,0
2018,11,12,3,0,7,0,0,1,0,0,0,0,1,0,0,0
2018,6,12,6,5,7,0,1,0,0,0,0,0,0,0,0,0
2020,8,19,3,5,2,0,1,0,0,0,0,1,0,0,1,0
2018,11,20,6,0,6,2,0,1,0,0,0,0,0,0,0,0
2021,6,10,6,5,3,0,0,1,0,0,0,0,0,0,1,1
2018,9,12,3,5,3,0,0,1,0,0,0,0,0,0,0,0
2018,10,18,1,2,2,1,0,1,0,0,0,0,0,0,0,0
2021,8,12,2,1,1,0,0,0,0,0,0,1,1,0,1,0
2018,9,19,3,1,5,2,0,1,0,0,0,1,0,0,0,0
2018,1,7,5,2,6,0,0,1,0,0,0,0,1,0,0,1
2020,9,11,2,0,4,0,0,1,1,0,0,0,0,0,1,0
2020,5,16,7,5,2,0,1,1,0,0,0,0,0,1,1,0
2019,2,8,4,6,4,0,0,1,1,0,0,0,0,0,0,0
2018,8,15,6,2,6,0,0,1,0,0,0,1,0,0,0,1
2018,5,17,5,1,5,0,1,1,0,0,0,0,0,0,0,0
2019,6,8,3,5,2,0,1,1,0,0,0,0,0,0,0,0
2018,4,8,6,6,7,0,0,1,1,0,0,0,0,0,0,0
2021,1,18,2,4,6,2,0,1,0,0,0,0,1,1,2,0
2018,5,18,1,5,7,0,0,1,0,1,0,0,0,0,0,0
2018,5,8,3,2,6,0,0,1,0,0,0,0,0,0,0,0
2018,6,15,5,0,6,0,0,1,0,1,0,0,0,0,0,0
2018,8,10,5,2,6,0,0,1,0,0,0,0,0,0,0,0
2021,8,11,6,5,2,0,1,1,0,0,0,0,0,0,1,0
2021,6,14,7,5,3,0,1,1,0,0,0,0,0,0,1,1
2021,7,1,7,9,1,2,0,1,0,0,0,0,1,0,1,0
2021,1,15,4,5,2,0,0,1,0,1,0,0,1,1,2,0
2019,4,14,5,5,2,0,1,0,0,1,0,0,0,0,0,0
2020,12,13,2,5,3,0,0,1,0,1,0,0,0,1,2,0
2020,8,18,7,5,3,0,0,1,0,1,0,0,0,0,1,1
2021,11,11,5,5,2,0,1,1,0,0,0,0,0,0,2,0
2018,4,16,7,5,2,0,1,0,0,0,0,1,0,0,0,0
2019,8,16,6,5,3,0,0,1,0,0,0,0,1,0,0,0
2019,12,16,6,6,2,2,0,1,1,0,0,0,1,0,0,0
2021,9,16,3,5,5,0,0,1,0,1,0,0,0,0,1,0
2018,4,20,7,5,3,2,0,1,0,0,0,0,0,0,0,0
2019,3,11,2,5,2,0,0,1,0,0,0,0,1,0,0,0
2020,2,18,4,2,6,2,0,1,0,0,0,0,1,0,0,0
2020,6,5,2,0,1,0,0,0,0,1,0,0,1,0,1,0
2019,8,2,6,0,1,2,1,0,0,0,0,0,0,0,0,0
2019,5,16,6,5,3,0,1,1,0,0,0,0,0,0,0,1
2019,3,19,3,5,2,2,1,1,0,0,0,0,0,0,0,0
2018,8,13,7,2,6,0,0,1,0,0,0,0,0,0,0,0
2018,6,16,2,5,2,0,1,1,0,0,0,0,0,0,0,0
2021,12,20,2,0,1,2,0,1,0,0,0,0,0,1,2,1
2018,7,13,5,2,6,0,0,1,0,0,0,0,0,0,0,0
2019,2,16,2,0,2,0,1,0,0,0,0,1,0,0,0,0
2018,2,11,7,5,7,0,0,1,0,0,0,0,0,0,0,0
2019,11,16,3,6,4,2,0,1,1,0,0,0,0,0,0,1
2021,9,12,1,1,5,0,1,1,0,0,0,0,0,0,1,0
2021,1,18,4,5,2,2,1,1,0,0,0,0,0,1,2,0
2021,7,21,4,6,4,1,1,0,1,0,0,0,0,0,1,0
2019,4,13,2,1,1,0,0,1,0,0,0,0,0,0,0,0
2019,7,13,3,2,6,0,0,0,0,1,0,1,0,0,0,0
2021,3,9,6,3,6,0,0,1,0,0,1,0,0,0,2,0
2021,8,23,3,5,3,2,0,1,0,0,0,0,0,0,1,0
2021,11,14,5,3,6,0,0,1,0,1,0,0,0,0,2,0
2020,12,16,1,1,5,1,0,1,0,0,0,0,0,1,2,0
2021,12,19,1,6,4,2,0,1,1,0,0,0,1,1,2,0
2019,5,19,1,1,7,0,1,1,0,0,0,0,0,0,0,0
2020,1,11,5,2,6,0,0,1,0,0,0,0,0,0,0,0
2018,2,19,2,6,4,2,0,1,1,0,0,0,0,0,0,0
2019,11,11,4,5,3,0,0,1,0,1,0,0,1,0,0,0
2021,5,19,1,5,2,0,0,1,0,0,0,0,1,1,2,0
2018,6,20,3,9,1,0,0,0,0,1,0,0,0,0,0,1
2020,10,15,4,2,6,0,0,1,0,0,0,0,1,1,1,0
2018,3,16,2,6,7,0,0,1,1,0,0,0,0,0,0,0
2018,4,14,4,0,1,0,0,0,1,1,0,1,0,0,0,0
2021,5,8,5,1,5,0,1,1,0,0,0,0,1,1,2,0
2020,4,9,4,5,3,0,1,1,0,0,0,0,0,1,2,0
2020,2,8,2,0,5,0,1,0,0,0,0,1,1,0,0,0
2021,6,17,2,5,2,0,1,1,0,0,0,0,0,0,1,1
2020,8,17,1,2,7,0,1,1,0,0,0,0,1,0,1,0
2019,1,13,5,5,3,0,0,1,0,0,0,0,0,0,0,0
2021,6,18,4,5,3,0,1,1,0,0,0,0,0,0,1,0
2020,4,19,4,0,1,0,1,0,0,0,0,0,0,1,2,0
2020,6,19,5,0,1,0,0,0,0,0,0,1,1,0,1,0
2020,11,16,2,5,7,1,0,1,0,0,0,0,0,1,2,0
2019,12,7,4,6,2,1,0,1,1,0,0,0,0,0,0,0
2018,2,7,6,0,7,1,1,0,0,0,0,0,0,0,0,0
2019,11,19,5,2,6,2,0,1,0,0,0,0,1,0,0,0
2021,10,19,3,2,1,1,0,1,0,0,0,0,0,0,1,0
2020,2,14,1,5,3,0,1,1,0,0,0,0,1,0,0,0
2020,2,19,7,0,5,2,1,1,0,0,0,0,1,0,0,0
2018,10,16,4,5,3,1,1,0,0,0,0,0,0,0,0,0
2020,7,15,7,0,1,0,1,0,0,0,0,0,0,0,1,1
2018,1,5,4,0,1,2,0,1,0,1,0,0,1,0,0,0
2018,1,17,2,2,6,1,0,1,0,0,0,1,0,0,0,1
2020,8,15,2,5,2,0,1,1,0,0,0,0,0,0,1,0
2019,5,12,7,5,3,0,1,0,0,0,0,1,0,0,0,0
2021,4,20,7,5,2,2,0,1,0,0,0,0,0,1,2,1
2019,8,16,6,5,2,0,0,1,0,1,0,0,0,0,0,0
2021,2,10,3,5,2,0,0,1,0,0,0,1,1,1,2,0
2018,7,19,4,5,2,0,0,1,0,1,0,0,0,0,0,0
2018,7,17,5,2,2,0,0,0,0,1,0,0,0,0,0,0
2019,12,18,5,6,2,2,0,1,1,0,0,0,0,0,0,0
2019,3,14,3,2,2,0,0,1,0,0,0,0,1,0,0,0
2020,8,17,1,5,2,0,1,1,0,0,0,0,0,0,1,0
2018,9,13,3,5,2,0,1,1,0,0,0,0,0,0,0,0
2018,5,8,5,5,3,0,0,1,0,0,0,0,0,0,0,0
2018,5,14,4,5,2,0,0,1,0,0,0,0,1,0,0,0
2021,3,6,2,5,7,1,0,1,0,0,0,1,0,0,2,0
2018,5,11,5,2,2,0,0,1,0,0,0,0,0,0,0,0
2021,4,9,2,5,3,0,1,0,0,0,0,1,0,1,2,0
2018,6,23,7,5,2,2,0,1,0,1,0,0,0,0,0,0
2019,1,17,3,6,4,1,0,1,1,0,0,0,1,0,0,0
2019,9,15,5,0,6,0,0,1,0,0,0,1,0,0,0,0
2018,8,18,4,3,6,0,0,1,0,1,0,0,0,0,0,1
2019,3,18,6,2,6,2,0,1,0,0,0,0,0,0,0,0
2020,6,11,3,0,7,0,1,1,0,0,0,0,0,0,1,0
2019,7,18,5,5,3,0,0,1,0,0,0,0,0,0,0,0
2018,1,11,7,2,2,0,0,1,0,0,0,0,0,0,0,0
2021,8,8,5,5,2,0,1,1,0,0,0,0,0,0,1,1
2021,4,8,2,5,2,0,1,1,0,0,0,0,0,1,2,0
2019,3,12,6,2,6,0,0,1,0,0,0,0,0,0,0,0
2020,7,8,2,5,3,0,0,1,0,1,0,0,0,0,1,0
2018,12,14,7,1,6,0,1,1,0,0,0,1,1,0,0,0
2021,9,14,5,5,3,0,0,1,0,0,0,0,0,0,1,0
2019,10,14,5,5,7,0,0,1,0,0,0,0,0,0,0,0
2018,8,11,2,3,6,0,0,1,0,1,0,0,0,0,0,0
2018,4,11,5,1,5,0,0,1,0,1,0,0,0,0,0,1
2020,7,21,7,5,7,1,0,1,0,0,0,0,0,0,1,0
2018,8,19,5,0,1,1,1,0,0,0,0,1,0,0,0,0
2019,10,7,4,3,6,0,1,0,0,0,0,1,0,0,0,0
2019,8,9,2,5,2,0,1,0,0,0,0,1,0,0,0,0
2018,5,16,5,3,6,0,0,1,0,0,1,0,0,0,0,1
2018,6,20,7,5,3,0,1,0,0,1,0,0,0,0,0,0
2019,6,7,6,5,3,0,0,1,1,0,0,0,0,0,0,0
2018,9,14,3,2,6,0,0,1,0,0,0,0,0,0,0,0
2018,3,14,3,5,3,0,0,1,0,0,0,0,0,0,0,0
2018,10,10,2,2,6,0,0,1,0,0,0,0,0,0,0,0
2018,5,16,2,2,2,0,0,1,0,0,1,0,0,0,0,0
2018,9,7,5,5,3,0,1,1,0,0,0,0,0,0,0,0
2020,7,14,6,5,2,0,0,1,0,0,0,0,0,0,1,0
2019,7,23,4,7,7,2,0,0,0,0,0,1,0,0,0,1
2019,6,14,1,2,7,0,1,1,0,0,0,0,0,0,0,0
2021,10,14,4,1,5,0,1,0,0,0,0,1,0,0,1,1
2020,6,18,6,2,6,0,1,1,0,0,0,0,1,0,1,0
2018,1,16,5,2,6,2,0,1,0,0,0,0,1,0,0,0
2019,11,7,2,1,5,0,1,1,0,0,0,1,1,0,0,0
2020,6,15,2,5,2,0,1,1,0,0,0,0,0,0,1,0
2020,8,12,1,5,2,0,0,1,0,0,0,0,0,0,1,1
2021,11,17,3,0,3,1,1,1,0,0,0,0,0,0,2,0
2020,9,12,3,5,3,0,1,1,0,0,0,0,0,0,1,0
2019,8,11,7,8,1,0,0,0,0,1,0,0,0,0,0,1
2020,7,13,2,5,7,0,1,1,0,0,0,0,0,0,1,0
2021,11,15,7,2,3,0,1,1,0,0,0,0,0,0,2,0
2019,10,12,6,2,6,0,0,1,0,0,0,0,0,0,0,0
2020,7,13,5,5,5,0,1,1,0,0,0,0,1,0,1,0
2018,11,16,6,2,6,2,0,1,0,0,0,0,1,0,0,0
2019,4,18,3,5,2,0,0,1,0,0,0,0,0,0,0,0
2021,7,9,3,5,3,0,0,1,0,0,0,1,0,0,1,0
2021,7,7,7,8,1,0,0,1,0,0,0,0,0,0,1,0
2021,11,13,1,5,3,0,0,1,0,0,0,0,1,0,2,0
2019,7,10,3,2,6,0,0,1,0,0,0,0,0,0,0,0
2019,11,18,5,5,3,2,0,0,0,1,0,0,1,0,0,0
2020,7,16,5,2,2,0,1,1,0,0,0,0,0,0,1,0
2021,6,16,6,2,6,0,1,1,0,0,0,0,0,0,1,0
2020,6,15,5,5,2,0,0,1,0,0,0,1,0,0,1,0
2020,2,18,2,5,3,2,1,1,0,0,0,0,1,0,0,0
2021,8,7,6,1,1,0,1,1,0,0,0,0,0,0,1,0
2018,7,4,1,5,2,2,0,1,0,0,0,0,1,0,0,0
2021,12,22,6,5,3,2,1,1,0,0,0,0,1,1,2,0
2021,10,12,4,6,7,0,0,0,1,0,0,1,0,0,1,0
2018,6,12,3,2,6,0,0,1,0,0,0,0,0,0,0,0
2020,8,10,2,1,5,0,1,1,0,0,0,0,0,0,1,0
2021,7,18,4,3,6,0,0,1,0,1,0,0,0,0,1,0
2021,6,7,2,5,3,0,1,1,0,0,0,0,0,0,1,0
2019,8,13,6,1,5,0,0,1,0,1,0,0,0,0,0,0
2020,11,16,2,5,2,2,0,1,0,0,0,1,0,1,2,0
2018,10,19,2,1,5,2,1,0,0,0,0,1,0,0,0,0
2019,7,16,4,6,4,0,0,1,1,0,0,0,0,0,0,0
2021,2,17,2,6,2,1,0,1,1,0,0,0,0,1,2,0
2020,6,15,4,2,6,0,0,1,0,1,0,0,0,0,1,1
2021,9,9,6,5,2,0,0,1,0,1,0,0,0,0,1,0
2021,10,11,4,5,2,0,0,1,0,1,0,0,0,0,1,1
2021,5,16,5,2,2,0,0,1,0,0,0,0,0,1,2,0
2020,10,8,2,5,2,0,1,1,0,0,0,0,0,1,1,0
2020,10,23,3,0,1,2,1,0,0,0,0,0,0,1,1,0
2019,12,8,3,7,7,0,1,0,0,0,0,0,0,0,0,0
2018,7,12,1,2,2,0,0,1,0,0,0,0,0,0,0,0
2021,9,7,5,5,2,0,1,1,0,0,0,0,0,0,1,0
2020,7,19,7,5,3,0,1,1,0,0,0,0,0,0,1,1
2019,4,12,3,0,1,0,0,0,0,1,0,0,0,0,0,0
2019,9,14,5,6,4,0,0,0,1,0,0,1,0,0,0,1
2019,11,18,3,3,6,2,0,1,0,1,0,0,1,0,0,0
2019,8,9,3,5,5,0,0,1,0,0,0,0,0,0,0,0
2019,1,20,6,6,2,2,0,1,1,0,0,0,1,0,0,1
2018,7,13,5,1,5,0,1,1,0,0,0,0,0,0,0,0
2020,1,7,4,2,6,0,0,1,0,0,0,0,1,0,0,0
2019,7,16,7,5,3,0,1,1,0,0,0,0,0,0,0,0
2020,3,16,3,5,2,0,1,1,0,0,0,0,1,1,1,0
2019,10,20,4,5,3,2,1,1,0,0,0,0,0,0,0,0
2019,1,17,4,0,7,2,0,1,0,0,0,0,1,0,0,1
2020,11,13,1,5,2,0,0,1,0,0,0,0,0,1,2,0
2019,1,13,6,5,3,0,1,1,0,0,0,0,1,0,0,0
2019,6,18,3,2,6,0,0,1,0,0,0,0,0,0,0,0
2019,7,9,3,6,7,0,0,1,1,0,0,0,0,0,0,0
2020,7,19,2,0,1,0,0,0,0,1,0,0,1,0,1,0
2018,8,17,2,5,2,0,1,1,0,0,0,0,0,0,0,0
2019,1,9,4,5,3,0,0,1,0,0,0,0,1,0,0,0
2018,1,17,4,2,6,2,0,1,0,0,0,0,1,0,0,1
2021,6,10,6,1,5,0,1,1,0,0,0,0,0,0,1,0
2018,5,7,3,5,2,0,1,1,0,0,0,0,0,0,0,0
2020,4,8,6,2,6,0,0,1,0,0,0,0,0,1,2,0
2018,9,14,3,6,4,0,0,0,1,0,0,1,0,0,0,0
2019,2,20,7,5,3,2,1,1,0,0,0,0,0,0,0,0
2021,10,12,6,5,2,0,0,1,0,0,0,1,0,0,1,0
2020,4,16,3,5,2,0,1,1,0,0,0,0,0,1,2,0
2018,11,22,5,5,3,2,1,0,0,0,0,1,0,0,0,0
2021,6,16,4,5,3,0,0,1,0,0,0,0,0,0,1,1
2019,3,18,6,0,2,2,0,1,0,1,0,0,0,0,0,0
2021,4,15,6,0,2,0,1,0,0,0,0,1,0,1,2,0
2019,2,2,1,5,3,2,0,1,0,0,0,1,0,0,0,0
2018,4,11,2,2,6,0,0,1,0,0,0,0,0,0,0,0
2019,6,18,3,2,6,0,0,1,0,0,0,0,0,0,0,0
2020,8,14,5,0,7,0,0,0,0,1,0,0,1,0,1,0
2019,8,7,4,1,5,0,1,0,0,0,0,1,0,0,0,0
2018,9,17,2,5,3,1,1,0,0,0,0,0,1,0,0,0
2018,6,17,3,5,5,0,0,1,0,1,0,0,0,0,0,0
2019,11,15,1,0,3,0,0,1,0,1,0,0,1,0,0,0
2019,1,9,2,2,2,0,0,1,0,0,0,0,1,0,0,0
2020,8,16,4,5,7,0,0,1,0,0,0,0,0,0,1,0
2018,6,18,1,0,2,0,1,1,0,0,0,0,1,0,0,0
2019,10,12,7,0,6,0,0,1,0,0,0,0,0,0,0,0
2019,5,9,2,5,2,0,1,0,0,0,1,0,0,0,0,1
2018,10,18,6,5,3,1,1,1,0,0,0,0,0,0,0,0
2019,8,8,5,2,6,0,0,1,0,0,0,0,0,0,0,0
2019,3,8,4,5,2,0,1,0,0,0,1,0,0,0,0,1
2018,6,8,5,1,5,0,1,1,0,0,0,0,0,0,0,0
2021,6,17,5,5,7,0,1,1,0,0,0,0,0,0,1,0
2018,9,7,4,5,2,0,1,1,0,0,0,0,0,0,0,0
2021,10,15,6,5,3,0,1,1,0,0,0,0,1,0,1,1
2019,4,13,7,5,2,0,0,1,0,0,0,0,0,0,0,0
2020,10,18,6,6,4,0,1,0,1,0,0,0,1,1,1,0
2020,12,16,4,5,3,2,0,1,0,0,0,0,1,1,2,0
2019,11,12,2,0,3,0,0,1,0,0,0,0,1,0,0,0
2019,1,16,7,2,2,1,0,1,0,0,0,0,1,0,0,0
2020,10,17,3,3,6,0,0,1,0,1,0,0,0,1,1,1
2021,9,14,6,0,1,0,0,1,0,0,0,0,0,0,1,1
2019,12,21,6,1,5,2,1,0,0,0,0,1,1,0,0,0
2021,12,20,7,2,2,2,0,1,0,0,0,0,0,1,2,0
2018,10,16,6,2,6,0,0,1,0,0,0,0,0,0,0,0
2020,8,13,2,5,3,0,1,0,0,0,0,0,0,0,1,0
2019,5,7,4,2,6,0,0,1,0,0,0,0,0,0,0,0
2019,5,16,1,1,5,0,0,1,0,0,0,0,0,0,0,0
2019,2,14,4,3,6,0,1,1,0,0,0,0,0,0,0,0
2019,11,18,5,2,6,2,0,1,0,0,0,1,1,0,0,1
2021,11,12,3,5,2,0,1,1,0,0,0,0,1,0,2,1
2019,6,19,6,1,5,0,1,0,0,0,0,1,0,0,0,0
2019,3,11,6,5,2,0,1,1,0,0,0,0,0,0,0,0
2018,8,7,5,5,2,0,1,1,0,0,0,0,0,0,0,0
2018,8,13,5,5,3,0,1,1,0,0,0,0,0,0,0,0
2019,5,17,6,3,6,0,1,1,0,0,0,0,0,0,0,0
2019,8,20,4,5,3,0,0,1,0,1,0,0,0,0,0,0
2019,2,22,3,6,2,2,0,1,1,0,0,0,0,0,0,0
2021,12,6,3,2,2,2,0,1,0,0,0,0,0,1,2,0
2020,11,8,6,0,2,0,0,1,0,0,0,1,0,1,2,0
2019,8,15,3,5,2,0,0,1,0,0,0,0,0,0,0,0
2018,5,19,2,2,2,0,0,1,0,0,0,0,0,0,0,1
2021,8,7,2,5,3,0,1,1,0,0,0,0,0,0,1,1
2019,12,12,7,5,7,0,0,1,0,0,0,0,1,0,0,0
2019,5,6,5,2,7,0,0,1,0,0,0,1,0,0,0,0
2018,3,11,4,6,4,0,0,1,1,0,0,0,1,0,0,1
2021,10,12,4,2,6,0,0,1,0,0,0,0,0,0,1,1
2021,5,15,4,3,6,0,0,0,0,1,0,1,0,1,2,0
2020,6,10,3,4,6,0,1,0,0,0,0,0,0,0,1,0
2021,6,14,3,5,2,0,1,1,0,0,0,0,0,0,1,0
2018,2,16,2,5,3,0,1,1,0,0,0,0,0,0,0,1
2020,11,16,4,5,2,2,0,1,0,0,0,0,0,1,2,0
2021,8,10,5,0,3,0,0,1,0,0,0,1,0,0,1,0
2018,8,9,5,5,3,0,0,1,0,0,0,1,0,0,0,0
2019,12,19,6,6,2,2,0,1,1,0,0,0,1,0,0,0
2018,3,16,2,5,2,0,1,1,0,0,0,0,0,0,0,0
2021,5,18,5,5,3,0,1,0,0,0,0,0,0,1,2,0
2019,4,21,5,2,6,2,0,1,0,0,0,0,0,0,0,0
2019,1,19,6,0,5,2,1,1,0,0,0,0,1,0,0,0
2018,10,6,3,9,1,2,0,1,0,0,0,0,1,0,0,0
2020,9,16,5,5,3,0,0,0,0,1,0,0,0,0,1,0
2019,6,11,7,0,7,0,1,0,0,0,0,0,0,0,0,0
2018,10,18,3,2,6,2,1,1,0,0,0,0,1,0,0,0
2021,2,23,6,1,5,2,1,1,0,0,0,0,0,1,2,0
2018,5,10,5,5,2,0,1,1,0,0,0,0,0,0,0,0
2019,7,22,2,1,5,2,1,1,0,0,0,0,1,0,0,0
2021,5,15,2,5,2,0,0,1,0,0,0,0,0,1,2,0
2018,10,19,5,4,6,2,0,1,0,0,0,1,0,0,0,0
2019,8,11,1,2,6,0,0,1,0,0,0,0,1,0,0,0
2021,10,16,3,5,7,0,0,1,0,0,0,0,0,0,1,0
2018,4,17,7,1,5,0,1,1,0,0,0,1,0,0,0,0
2018,12,12,4,2,6,0,0,1,0,0,0,0,1,0,0,0
2020,7,15,4,6,2,0,0,1,1,0,0,0,0,0,1,0
2021,8,20,2,5,2,1,1,1,0,0,0,0,0,0,1,0
2018,10,8,3,3,6,0,1,0,0,0,0,0,0,0,0,0
2020,3,6,4,5,2,0,1,0,0,0,1,0,0,1,1,0
2020,2,13,7,2,6,0,0,1,0,0,0,0,0,0,0,0
2021,10,16,2,6,4,0,0,1,1,0,0,0,0,0,1,1
2020,9,9,4,3,6,0,0,1,0,1,0,0,0,0,1,0
2021,6,16,3,5,3,0,0,1,0,0,0,0,0,0,1,0
2019,10,8,3,2,6,0,0,1,0,0,0,1,0,0,0,0
2019,11,17,3,0,6,2,0,1,0,0,0,1,0,0,0,0
2018,11,12,4,6,4,0,0,1,1,0,0,0,0,0,0,0
2018,9,21,6,0,1,2,0,0,0,1,0,0,1,0,0,0
2021,9,15,6,5,3,0,0,1,0,0,0,0,1,0,1,0
2018,4,8,2,9,1,0,0,1,0,0,0,0,0,0,0,1
2018,12,18,5,6,2,2,0,1,1,0,0,0,1,0,0,1
2020,3,16,5,2,6,0,1,1,0,0,0,0,0,1,1,0
2020,7,11,2,6,4,0,1,0,1,0,0,0,0,0,1,0
2021,12,16,4,6,2,2,0,1,1,0,0,0,1,1,2,0
2019,1,10,3,5,3,0,0,1,0,0,0,1,0,0,0,0
2021,7,11,3,2,6,0,0,1,0,1,0,0,0,0,1,1
2019,2,9,4,0,1,0,0,0,0,1,0,0,1,0,0,0
2020,4,17,4,6,7,0,1,0,1,0,0,0,0,1,2,0
2021,5,22,1,5,2,0,0,1,0,1,0,0,0,1,2,1
2018,5,12,5,0,6,0,0,1,0,1,0,0,0,0,0,0
2019,9,15,2,2,6,0,0,1,0,0,0,0,0,0,0,0
2021,11,14,6,0,7,0,0,0,0,1,0,0,0,0,2,0
2021,12,19,7,2,6,2,0,1,0,0,0,0,1,1,2,0
2018,7,0,5,2,6,2,0,1,0,1,0,0,1,0,0,1
2019,8,13,6,2,6,0,0,1,0,1,0,0,0,0,0,0
2018,6,14,4,2,6,0,0,1,0,0,0,1,0,0,0,0
2020,1,18,7,2,6,2,0,1,0,0,0,0,1,0,0,0
2019,9,8,4,5,2,0,1,1,0,0,0,0,0,0,0,0
2018,7,14,4,2,6,0,0,1,0,1,0,0,0,0,0,0
2020,7,16,1,0,5,0,0,1,0,1,0,0,0,0,1,0
2021,6,21,6,5,7,0,0,1,0,0,0,0,0,0,1,0
2018,9,10,4,2,2,0,0,1,0,0,0,0,0,0,0,0
2018,10,16,2,2,6,0,0,1,0,0,0,0,0,0,0,0
2018,10,14,2,5,3,0,0,1,0,0,0,1,0,0,0,0
2020,10,11,2,0,6,0,0,1,0,1,0,0,0,1,1,1
2019,10,16,3,0,4,0,0,0,1,0,0,1,0,0,0,0
2021,4,19,4,5,7,1,0,1,0,0,0,0,0,1,2,0
2021,3,9,5,6,4,0,0,1,1,0,0,0,0,0,2,0
2018,2,11,7,2,6,0,0,1,0,0,0,0,0,0,0,0
2019,12,16,6,2,6,2,0,1,0,0,0,0,1,0,0,0
2018,11,17,3,5,2,2,1,1,0,0,0,0,1,0,0,0
2021,10,17,3,5,2,0,0,1,0,0,0,0,1,0,1,1
2018,4,18,6,2,6,1,0,1,0,0,0,0,1,0,0,0
2021,9,19,2,6,7,1,0,1,1,0,0,0,0,0,1,0
2019,2,8,2,6,2,0,0,1,1,0,0,0,1,0,0,0
2019,3,20,4,0,1,2,1,1,0,0,0,0,0,0,0,0
2019,11,16,3,2,2,2,0,1,0,0,0,0,0,0,0,0
2018,2,16,7,5,3,0,0,1,0,0,0,0,0,0,0,0
2018,9,2,7,0,1,2,1,0,0,0,0,0,0,0,0,1
2020,6,12,3,5,7,0,1,1,0,0,0,0,0,0,1,0
2019,9,6,5,0,7,0,1,1,0,0,0,0,0,0,0,1
2021,5,13,7,2,6,0,0,1,0,0,0,0,1,1,2,0
2018,7,13,1,2,6,0,1,1,0,0,0,0,0,0,0,0
2019,2,17,6,2,6,2,0,1,0,0,0,0,1,0,0,0
2019,8,17,7,0,7,0,0,0,0,0,0,1,0,0,0,1
2020,5,11,7,5,3,0,0,1,0,0,0,0,0,1,1,0
2020,11,16,3,3,6,1,1,1,0,0,0,0,0,1,2,0
2020,10,20,6,3,6,2,1,0,0,0,0,0,0,1,1,0
2019,5,15,4,5,2,0,0,1,0,0,0,1,0,0,0,1
2020,4,10,1,1,5,0,1,1,0,0,0,0,0,1,2,0
2021,6,17,4,5,2,0,1,1,0,0,0,0,0,0,1,0
2020,12,8,2,5,3,0,0,1,0,0,0,0,1,1,2,0
2018,6,14,2,5,2,0,0,1,0,0,0,1,0,0,0,0
2018,1,1,2,6,4,2,0,0,1,0,0,1,0,0,0,0
2020,8,13,6,5,3,0,1,1,0,0,0,0,0,0,1,0
2019,1,18,5,6,4,2,0,1,1,0,0,0,1,0,0,1
2020,12,8,6,2,6,0,0,1,0,0,0,1,1,1,2,0
2018,4,17,2,3,6,0,1,0,0,0,0,0,0,0,0,0
2021,5,7,6,5,3,0,1,1,0,0,0,0,1,1,2,0
2020,4,11,3,5,3,0,0,1,0,0,0,0,0,1,2,0
2020,5,15,2,2,6,0,0,1,0,1,0,0,1,1,1,0
2018,9,22,7,5,2,2,0,1,0,0,0,0,1,0,0,0
2021,10,23,3,9,7,2,0,1,0,0,0,0,1,0,1,1
2021,4,14,1,5,3,0,0,1,0,0,0,1,0,1,2,1
2018,9,18,7,4,5,0,0,1,0,1,0,0,0,0,0,0
2021,9,10,6,2,6,0,0,0,0,0,0,1,0,0,1,0
2021,9,12,7,5,7,0,1,1,0,0,0,0,0,0,1,0