UJAHR,UMONAT,USTUNDE,UWOCHENTAG,UART,UTYP1,ULICHTVERH,IstRad,IstPKW,IstFuss,IstKrad,IstGkfz,IstSonstige,USTRZUSTAND,LOCKDOWN,COVID,UKATEGORIE
2021,3,17,7,5,2,1,1,1,0,0,0,0,0,0,2,0
2020,1,14,6,5,3,0,0,1,0,0,0,0,1,0,0,0
2019,2,15,2,2,6,0,0,1,0,0,0,0,0,0,0,0
2020,7,21,1,5,3,2,0,1,0,0,0,0,0,0,1,1
2018,5,14,5,3,6,0,0,1,0,1,0,0,0,0,0,0
2018,9,9,4,0,6,0,1,0,0,0,0,1,0,0,0,0
2018,5,7,3,5,3,0,1,0,0,0,0,0,0,0,0,0
2021,10,13,4,6,4,0,0,1,1,0,0,0,0,0,1,1
2019,1,18,3,6,4,1,1,0,1,0,0,0,0,0,0,0
2019,5,8,2,2,6,0,0,1,0,0,0,0,0,0,0,0
2021,10,16,5,6,2,0,0,1,1,0,0,0,0,0,1,0
2021,4,6,2,5,3,0,1,0,0,0,0,1,1,1,2,0
2021,11,21,7,1,5,2,0,1,0,1,0,0,0,0,2,0
2019,7,15,5,5,3,0,1,1,0,0,0,0,0,0,0,1
2019,4,15,3,5,2,0,1,1,0,0,0,0,0,0,0,0
2019,11,17,6,5,3,1,0,1,0,0,0,0,1,0,0,0
2019,7,14,3,0,1,0,1,0,0,0,0,0,0,0,0,0
2020,10,9,3,5,3,0,0,1,0,0,0,1,0,1,1,0
2021,5,12,3,6,2,0,0,1,1,0,0,0,0,1,2,0
2021,8,11,3,1,5,0,1,1,0,0,0,0,0,0,1,0
2019,6,12,4,2,6,0,1,1,0,0,0,0,0,0,0,0
2020,9,18,4,2,6,0,1,1,0,0,0,0,1,0,1,1
2018,11,12,2,5,2,0,1,0,0,0,0,1,0,0,0,0
2021,10,16,1,4,6,0,1,0,0,0,0,1,1,0,1,0
2020,8,15,4,5,2,0,1,1,0,0,0,0,1,0,1,0
2020,6,20,4,5,2,1,1,1,0,0,0,0,0,0,1,0
2021,8,7,3,0,5,0,1,0,0,0,0,0,0,0,1,0
2020,7,15,5,3,6,0,1,0,0,0,0,0,0,0,1,0
2020,6,5,3,2,6,0,0,1,0,0,0,0,0,0,1,0
2019,9,10,2,1,5,0,0,1,0,0,0,0,0,0,0,1
2020,8,17,2,0,1,0,1,0,0,0,0,0,1,0,1,1
2021,7,11,6,3,6,0,0,1,0,0,0,1,1,0,1,0
2018,9,17,7,5,2,0,1,1,0,0,0,0,0,0,0,0
2021,5,15,3,5,2,0,1,1,0,0,0,0,0,1,2,0
2018,1,16,2,5,2,2,0,1,0,0,0,0,0,0,0,0
2018,2,15,6,6,4,0,0,1,1,0,0,0,0,0,0,1
2020,7,14,4,0,1,0,0,0,0,1,0,0,1,0,1,0
2019,3,13,7,2,6,0,0,1,0,0,0,0,0,0,0,0
2019,6,11,3,5,3,0,1,1,0,0,0,0,0,0,0,0
2019,3,15,7,6,4,0,1,0,1,0,0,0,1,0,0,0
2021,6,21,1,1,5,1,1,1,0,0,0,0,0,0,1,0
2018,5,17,2,6,4,0,0,1,1,0,0,0,0,0,0,1
2019,11,16,6,2,6,2,0,1,0,0,0,0,0,0,0,0
2019,9,8,3,0,2,0,1,0,0,1,0,0,0,0,0,0
2018,7,17,2,2,6,0,0,1,0,1,0,0,0,0,0,0
2018,7,14,3,5,7,0,0,1,0,1,0,0,0,0,0,0
2018,10,6,2,5,7,2,0,1,0,1,0,0,0,0,0,0
2018,3,10,6,0,1,0,0,0,0,0,0,1,1,0,0,0
2020,8,16,5,3,6,0,1,1,0,0,0,0,0,0,1,0
2018,10,13,5,2,6,0,0,1,0,0,0,0,1,0,0,0
2019,6,10,4,2,6,0,0,1,0,1,0,0,0,0,0,0
2019,10,20,5,0,7,2,1,0,0,0,0,0,1,0,0,1
2019,6,22,5,0,7,2,1,0,0,0,0,0,0,0,0,1
2018,6,8,7,5,3,0,0,1,0,0,0,0,0,0,0,0
2020,1,11,6,6,2,0,0,1,1,0,0,0,0,0,0,0
2021,8,13,1,5,2,0,1,1,0,0,0,0,0,0,1,0
2021,6,8,3,2,6,0,0,1,0,1,0,0,0,0,1,0
2018,3,18,2,2,6,0,0,1,0,0,0,0,0,0,0,0
2018,1,17,2,0,6,2,1,0,0,1,0,0,1,0,0,0
2018,4,7,5,1,5,0,1,1,0,0,0,1,0,0,0,1
2019,9,16,2,5,3,0,0,1,0,0,0,0,1,0,0,0
2021,12,12,2,2,6,0,0,1,0,0,0,0,1,1,2,0
2018,6,12,6,2,2,0,0,1,0,0,0,1,0,0,0,0
2018,4,10,5,0,1,0,0,0,0,1,0,0,0,0,0,0
2020,7,3,6,0,7,2,0,1,0,0,0,0,0,0,1,1
2020,10,16,6,0,7,0,1,0,0,0,0,0,0,1,1,0
2021,5,8,5,5,3,0,1,0,0,0,0,1,0,1,2,0
2021,9,13,7,0,1,0,0,0,0,0,0,1,0,0,1,0
2018,9,20,5,0,1,2,1,0,0,0,0,0,0,0,0,1
2021,3,16,4,5,2,0,1,1,0,0,0,0,0,0,2,0
2019,5,18,1,6,4,0,0,0,1,0,0,1,0,0,0,0
2018,8,22,4,0,7,2,0,0,0,1,0,0,0,0,0,1
2020,4,21,2,5,3,2,0,1,0,0,0,0,0,1,2,0
2018,1,13,2,5,2,0,0,1,0,0,0,0,0,0,0,0
2018,11,8,6,5,7,0,0,1,0,0,0,1,0,0,0,0
2021,12,19,4,6,2,2,0,1,1,0,0,0,0,1,2,0
2021,8,17,4,5,2,0,1,1,0,0,0,0,0,0,1,0
2021,2,7,4,2,2,0,0,1,0,0,0,0,0,1,2,0
2021,10,11,6,2,6,0,0,1,0,0,0,0,0,0,1,1
2021,3,15,4,1,5,0,1,1,0,0,0,0,0,0,2,0
2020,4,17,5,0,3,0,0,1,0,1,0,0,0,1,2,0
2020,9,13,4,3,6,0,0,1,0,1,0,0,0,0,1,0
2021,4,19,4,0,1,1,0,0,0,1,0,0,0,1,2,1
2019,6,19,5,1,5,0,0,1,0,0,0,1,0,0,0,0
2018,11,13,5,5,2,0,1,0,0,0,0,0,0,0,0,0
2018,6,7,5,6,4,0,0,1,1,0,0,0,0,0,0,0
2018,8,10,6,3,5,0,1,0,0,0,0,1,0,0,0,0
2019,7,9,1,5,2,0,1,0,0,0,0,1,0,0,0,0
2020,12,13,7,5,3,0,0,1,0,1,0,0,0,1,2,0
2020,10,12,4,6,4,0,0,1,1,0,0,0,0,1,1,0
2021,8,18,3,7,7,0,1,1,0,0,0,1,1,0,1,0
2018,10,21,4,5,3,2,0,1,0,1,0,0,0,0,0,1
2021,7,11,4,6,2,0,0,1,1,0,0,0,1,0,1,1
2018,9,22,6,6,4,2,1,0,1,0,0,0,1,0,0,0
2019,6,18,5,6,4,0,0,1,1,0,0,0,0,0,0,1
2018,10,16,6,5,3,0,0,1,1,0,0,1,0,0,0,1
2020,2,6,2,6,2,2,0,0,1,0,0,1,1,0,0,0
2019,4,18,2,6,4,0,1,0,1,0,0,0,0,0,0,0
2019,1,11,5,6,2,0,0,0,1,0,1,0,0,0,0,0
2020,2,19,2,2,2,2,0,1,0,0,0,0,1,0,0,0
2019,11,13,7,2,6,0,0,1,0,0,0,0,0,0,0,0
2020,2,13,1,5,2,0,0,1,0,0,0,0,0,0,0,0
2021,6,19,7,2,2,1,0,1,0,0,0,1,0,0,1,1
2020,6,14,2,0,1,0,0,0,0,1,0,0,0,0,1,0
2019,11,13,3,3,6,0,1,1,0,0,0,0,0,0,0,0
2019,7,15,4,2,6,0,0,1,0,0,0,0,0,0,0,0
2019,8,11,6,0,7,0,0,1,0,0,0,1,0,0,0,1
2018,9,14,2,2,7,0,0,1,0,0,0,1,0,0,0,0
2019,11,12,3,0,7,0,0,0,0,1,0,1,0,0,0,0
2021,10,8,3,5,2,0,1,1,0,0,0,0,0,0,1,1
2020,8,16,4,0,7,0,1,0,0,0,0,1,1,0,1,0
2021,8,10,6,3,6,0,0,1,0,0,1,0,0,0,1,0
2018,3,7,5,2,2,0,0,1,0,0,0,0,0,0,0,0
2018,5,8,3,2,6,0,1,0,0,0,0,0,0,0,0,0
2020,8,13,7,5,3,0,0,1,0,1,0,0,0,0,1,0
2021,9,21,7,6,7,2,0,1,1,0,0,0,0,0,1,0
2019,8,13,7,6,4,0,1,0,1,0,0,0,0,0,0,0
2021,7,23,7,5,3,2,1,1,0,0,0,0,0,0,1,0
2020,5,13,6,5,2,0,1,1,0,0,0,0,0,1,1,0
2020,5,2,5,0,1,2,0,1,0,0,0,0,0,1,1,1
2020,3,20,2,5,2,2,0,1,0,0,0,0,0,1,1,0
2020,10,17,2,5,2,1,0,1,0,0,0,1,1,1,1,0
2021,10,10,4,3,6,0,0,1,0,0,0,0,0,0,1,0
2019,4,17,3,6,4,0,1,0,1,0,0,0,0,0,0,1
2019,6,21,5,3,6,2,0,1,0,0,0,0,0,0,0,0
2019,6,11,7,5,5,0,1,1,0,0,0,0,0,0,0,0
2021,9,15,7,3,6,0,1,0,0,0,0,1,0,0,1,0
2019,3,11,2,5,3,0,1,1,0,0,0,0,1,0,0,0
2019,4,16,5,2,6,0,0,1,0,0,0,0,0,0,0,0
2019,1,8,4,5,3,1,0,1,0,0,0,0,1,0,0,0
2020,5,15,5,5,3,0,1,0,0,0,0,0,0,1,1,0
2019,10,14,2,5,3,0,1,1,0,0,0,0,0,0,0,1
2020,3,13,2,3,6,0,1,1,0,1,0,1,0,1,1,1
2018,11,9,3,5,2,0,1,1,0,0,0,0,1,0,0,0
2018,12,6,3,2,2,2,0,1,0,0,0,0,1,0,0,0
2018,5,20,2,5,3,1,0,1,0,1,0,0,0,0,0,1
2018,10,11,5,3,6,0,0,1,0,0,0,1,0,0,0,0
2020,7,23,2,5,2,2,0,1,0,1,0,0,0,0,1,1
2018,2,15,3,6,4,0,0,1,1,0,0,0,0,0,0,0
2020,3,14,4,0,7,0,1,0,0,0,0,0,0,1,1,0
2018,8,19,2,1,5,0,1,1,0,0,0,0,0,0,0,0
2018,8,16,1,3,6,0,0,1,0,1,0,0,0,0,0,0
2018,6,16,2,5,3,0,1,1,0,0,0,0,0,0,0,0
2019,12,19,4,5,2,2,0,1,0,1,0,0,0,0,0,1
2020,8,21,7,6,4,2,1,1,1,0,0,0,0,0,1,0
2020,5,13,4,5,3,0,1,1,0,0,0,0,0,1,1,0
2018,8,9,4,5,3,0,1,1,0,0,0,0,0,0,0,0
2019,7,20,3,5,3,0,0,1,0,0,0,0,0,0,0,0
2019,11,14,6,5,3,0,0,1,0,0,0,0,0,0,0,0
2019,9,6,1,0,1,1,1,0,0,0,0,0,1,0,0,1
2018,10,11,7,5,3,0,0,1,0,1,0,0,0,0,0,0
2019,9,9,7,5,3,0,1,1,0,0,0,0,0,0,0,0
2021,9,11,7,5,2,0,1,0,0,0,0,1,0,0,1,0
2021,3,4,3,2,6,2,0,1,0,0,0,0,1,0,2,0
2018,3,8,6,6,7,0,1,0,1,0,0,0,1,0,0,0
2021,9,18,4,5,3,0,0,1,0,0,0,0,1,0,1,0
2021,12,14,7,9,1,0,0,1,0,0,0,0,0,1,2,1
2018,4,17,3,5,7,0,0,1,0,1,0,0,0,0,0,0
2018,12,18,5,2,6,2,0,1,0,0,0,1,1,0,0,0
2018,12,19,1,5,2,2,0,1,0,0,0,0,1,0,0,1
2019,10,21,5,5,3,2,0,1,0,0,0,0,0,0,0,0
2019,5,18,4,5,2,0,0,1,0,0,0,0,0,0,0,1
2020,10,18,5,0,1,2,0,0,0,1,0,0,1,1,1,0
2021,12,21,4,6,2,2,0,1,1,0,0,0,1,1,2,1
2018,7,16,4,5,3,0,0,1,0,0,0,0,0,0,0,0
2018,10,7,6,5,2,0,0,1,0,0,0,0,0,0,0,0
2021,3,16,6,5,2,1,1,1,0,0,0,0,0,0,2,0
2019,2,11,6,5,5,0,0,1,0,1,0,0,0,0,0,0
2018,10,17,2,0,1,1,1,0,0,0,0,0,1,0,0,0
2020,6,12,4,5,3,0,1,1,1,0,0,0,0,0,1,0
2020,4,8,5,1,5,0,1,1,0,0,0,0,0,1,2,0
2021,3,19,4,5,3,0,1,1,0,0,0,0,0,0,2,0
2018,4,19,3,0,1,0,1,0,0,0,0,0,0,0,0,1
2019,8,16,1,5,2,0,0,1,0,0,0,0,1,0,0,0
2018,7,9,2,5,2,0,1,0,0,1,0,0,0,0,0,0
2018,7,17,6,5,7,0,0,1,0,1,0,0,0,0,0,0
2018,12,17,3,1,5,2,1,1,0,0,0,0,1,0,0,0
2020,6,19,6,5,3,0,1,1,0,0,0,0,0,0,1,0
2020,1,8,2,5,3,0,0,1,0,0,1,0,0,0,0,0
2021,7,18,2,5,3,0,0,1,0,0,0,0,0,0,1,1
2018,3,6,1,1,1,0,0,1,0,0,0,0,0,0,0,0
2021,11,18,7,1,5,2,0,1,0,0,0,0,1,0,2,0
2020,9,15,5,5,2,0,1,1,0,0,0,0,0,0,1,0
2020,2,12,4,2,6,0,0,1,0,0,0,1,1,0,0,0
2021,1,13,3,5,2,0,1,0,0,0,1,0,1,1,2,0
2020,9,0,4,9,7,2,0,1,0,0,0,0,0,0,1,0
2021,3,11,2,2,7,0,0,1,0,1,0,0,0,0,2,0
2021,3,15,2,6,4,0,0,1,1,0,0,0,0,0,2,0
2018,2,18,2,5,3,2,1,1,0,0,0,0,0,0,0,0
2019,12,6,6,2,6,0,0,1,0,0,0,0,1,0,0,0
2019,9,10,7,5,2,0,1,1,0,0,0,0,1,0,0,1
2018,1,8,5,6,4,1,0,1,1,0,0,0,1,0,0,0
2019,3,18,4,5,3,1,1,1,0,0,0,0,0,0,0,0
2021,10,18,4,1,5,2,1,1,0,0,0,0,1,0,1,0
2018,1,18,3,6,4,2,0,1,1,0,0,0,0,0,0,1
2018,7,11,4,2,6,0,0,1,0,1,0,0,0,0,0,1
2018,5,13,6,5,2,0,1,0,0,0,0,1,0,0,0,0
2020,6,11,3,5,3,0,1,0,0,0,0,0,0,0,1,0
2021,2,14,5,6,4,0,0,1,1,0,0,0,0,1,2,0
2018,12,10,1,2,6,0,0,1,0,0,0,0,1,0,0,0
2020,3,0,1,5,2,2,0,1,0,0,0,0,0,1,1,0
2021,4,15,7,6,7,0,0,1,1,0,0,0,0,1,2,0
2018,7,15,3,1,5,0,1,1,0,0,0,0,0,0,0,0
2021,9,9,4,0,1,0,1,0,0,0,0,0,0,0,1,0
2019,11,18,4,5,3,2,1,0,0,1,0,0,1,0,0,0
2021,12,19,2,0,1,2,1,0,0,0,0,0,0,1,2,0
2020,8,15,7,0,1,0,1,0,0,0,0,0,0,0,1,0
2021,7,14,3,2,6,0,0,1,0,1,0,0,0,0,1,0
2019,2,13,2,6,4,0,0,1,1,0,0,0,0,0,0,1
2018,10,10,4,2,6,0,0,1,0,0,0,0,1,0,0,0
2021,7,18,4,5,2,0,1,1,0,0,0,0,0,0,1,0
2021,12,16,5,2,6,1,0,1,0,0,0,0,2,1,2,0
2021,6,17,2,5,3,0,0,1,0,0,0,1,0,0,1,1
2021,5,20,7,2,6,1,0,1,0,0,0,0,0,1,2,0
2019,5,19,2,1,1,0,0,1,0,0,0,0,0,0,0,0
2019,11,12,2,0,6,0,0,1,0,1,0,0,1,0,0,0
2019,3,11,2,5,2,0,0,1,0,0,0,0,0,0,0,0
2021,6,12,5,0,5,0,1,1,0,0,0,0,0,0,1,0
2018,5,17,6,0,1,0,1,0,0,0,0,0,0,0,0,0
2018,1,22,7,5,3,2,0,1,0,0,0,0,0,0,0,0
2018,8,12,6,3,6,0,0,1,0,1,0,0,0,0,0,0
2020,11,21,7,0,3,2,0,1,0,0,0,0,0,1,2,0
2020,5,7,5,5,2,0,1,0,0,0,1,0,0,1,1,0
2021,6,9,3,2,6,0,0,1,0,0,0,0,0,0,1,0
2021,11,13,4,6,4,0,0,0,1,1,0,0,1,0,2,0
2019,4,9,3,5,2,0,1,1,0,0,0,0,0,0,0,0
2018,10,17,3,2,6,0,0,1,0,1,0,0,1,0,0,0
2019,5,8,2,0,3,0,0,1,0,1,0,0,0,0,0,0
2021,1,9,4,2,6,0,0,1,0,1,0,0,1,1,2,0
2020,8,13,5,1,5,0,0,1,0,0,0,1,0,0,1,0
2021,5,12,2,5,2,0,0,1,0,0,0,0,0,1,2,0
2019,3,17,5,0,6,0,0,1,0,1,0,0,1,0,0,0
2020,11,7,2,5,3,0,0,1,0,0,0,0,0,1,2,0
2021,12,15,3,0,6,0,0,1,0,0,0,1,0,1,2,1
2019,6,9,4,2,6,0,1,0,0,0,0,1,0,0,0,0
2021,12,14,2,2,6,0,0,1,0,0,0,0,1,1,2,0
2018,10,16,3,4,6,0,1,0,0,0,0,0,0,0,0,0
2020,7,18,4,5,2,0,0,1,0,1,0,0,0,0,1,0
2019,9,20,1,5,3,2,1,1,0,0,0,0,0,0,0,0
2018,2,18,1,2,6,2,0,1,0,0,0,0,0,0,0,0
2020,5,13,7,2,6,0,0,1,0,0,0,0,0,1,1,0
2018,8,6,5,6,4,0,1,0,1,0,0,0,0,0,0,0
2019,8,16,3,4,6,0,1,1,0,0,0,0,0,0,0,0
2021,1,19,4,5,3,2,1,1,0,0,0,0,1,1,2,0
2019,7,20,7,0,1,2,0,1,0,0,0,0,1,0,0,0
2018,2,4,2,5,3,2,0,1,0,0,0,0,2,0,0,1
2018,10,7,6,1,5,0,1,1,0,0,0,0,0,0,0,0
2018,6,17,1,0,7,0,1,0,0,0,0,1,0,0,0,0
2018,11,17,2,6,2,2,0,1,1,0,0,0,1,0,0,1
2018,5,18,4,5,2,0,1,0,0,0,0,1,0,0,0,0
2021,8,1,4,1,5,2,0,1,0,0,0,0,0,0,1,0
2020,2,11,7,1,5,0,0,1,0,0,0,0,0,0,0,0
2018,5,12,3,2,6,0,0,1,0,1,0,0,0,0,0,1
2018,7,13,7,1,5,0,1,1,0,0,0,0,0,0,0,0
2021,3,9,2,2,7,0,0,1,0,1,0,0,0,0,2,0
2021,1,0,1,0,2,2,0,1,0,0,0,0,1,1,2,0
2019,11,16,3,2,6,2,0,1,0,0,0,0,0,0,0,0
2019,12,12,3,5,2,0,1,1,0,0,0,0,2,0,0,0
2018,10,19,3,5,2,1,0,1,0,0,0,0,1,0,0,0
2021,10,4,4,0,1,2,0,0,0,1,0,0,1,0,1,0
2020,9,16,2,1,5,0,1,1,0,0,0,0,0,0,1,1
2019,2,12,5,5,2,0,0,1,0,1,0,0,0,0,0,0
2018,11,14,4,3,6,0,1,1,0,0,0,0,0,0,0,0
2018,9,4,5,5,3,2,0,1,0,1,0,0,0,0,0,0
2020,3,12,6,5,3,0,1,1,0,0,0,0,1,1,1,0
2021,4,10,6,6,7,0,0,1,1,0,0,0,0,1,2,0
2019,6,13,1,1,5,0,1,1,0,0,0,0,0,0,0,1
2019,5,18,5,5,2,0,1,1,0,0,0,0,0,0,0,0
2018,10,15,6,5,2,0,1,1,0,0,0,0,0,0,0,0
2021,10,0,2,5,3,2,0,1,0,0,0,1,0,0,1,0
2018,7,2,2,8,1,2,0,0,0,1,0,0,0,0,0,1
2019,8,8,6,2,7,0,0,1,0,0,0,0,0,0,0,0
2019,4,19,1,5,3,0,0,1,0,0,0,1,0,0,0,0
2020,6,14,3,0,6,0,1,0,0,0,0,0,0,0,1,1
2019,1,9,2,0,1,0,0,0,0,1,0,0,1,0,0,1
2018,10,15,1,2,6,0,0,1,0,0,0,0,0,0,0,0
2020,4,17,5,2,6,0,0,1,0,0,0,0,0,1,2,0
2018,9,19,4,5,5,1,0,1,0,1,0,0,0,0,0,0
2021,1,11,3,2,6,0,0,1,0,0,0,1,0,1,2,0
2019,11,18,6,0,6,2,0,0,0,1,0,1,0,0,0,0
2020,7,12,4,3,6,0,0,1,0,0,0,0,1,0,1,0
2018,7,17,5,2,6,0,0,1,0,0,0,0,0,0,0,0
2018,4,9,5,1,5,0,0,0,0,1,0,1,0,0,0,0
2020,9,20,7,5,3,2,0,1,0,0,0,0,1,0,1,0
2021,6,18,3,6,4,0,0,0,1,0,0,1,0,0,1,0
2019,8,7,4,5,2,0,0,1,0,0,0,0,0,0,0,0
2021,12,13,7,6,4,0,0,1,1,0,0,0,0,1,2,0
2019,10,14,5,5,5,0,0,1,0,0,0,0,0,0,0,0
2018,8,14,7,0,7,0,0,0,0,1,0,0,1,0,0,0
2019,12,7,4,5,2,2,1,1,0,0,0,0,0,0,0,0
2021,8,15,2,5,2,0,1,1,0,0,0,0,0,0,1,1
2021,7,8,5,5,3,0,1,1,0,0,0,0,0,0,1,0
2019,9,17,2,5,3,0,1,1,0,0,0,0,0,0,0,0
2019,3,8,3,1,5,0,0,1,0,1,0,0,0,0,0,1
2020,3,13,7,5,3,0,0,1,0,0,0,0,0,1,1,0
2018,10,11,5,5,3,0,1,1,0,0,0,0,0,0,0,0
2020,5,8,3,5,7,0,0,1,0,1,0,0,0,1,1,0
2018,1,16,4,2,6,2,0,1,0,0,0,0,1,0,0,0
2021,10,1,1,1,5,2,1,1,0,0,0,0,0,0,1,0
2018,3,15,3,2,2,0,0,1,0,0,0,1,0,0,0,0
2019,5,9,3,2,6,0,0,1,0,0,0,0,0,0,0,0
2018,10,13,7,5,3,0,1,0,0,0,0,0,0,0,0,0
2018,11,13,3,2,7,0,0,1,0,1,0,0,1,0,0,0
2019,6,16,4,2,6,0,0,1,0,0,0,0,0,0,0,0
2021,8,17,2,5,2,0,1,0,0,0,0,0,0,0,1,0
2019,12,7,6,5,3,1,1,1,0,0,0,0,1,0,0,0
2018,1,16,4,5,3,2,0,1,0,0,0,0,1,0,0,0
2019,2,11,6,5,2,0,0,1,0,0,0,0,0,0,0,0
2019,3,7,2,6,4,0,0,1,1,0,0,0,1,0,0,1
2018,3,0,7,5,3,2,0,1,0,0,0,0,2,0,0,0
2018,11,13,4,5,2,0,0,1,0,0,0,0,0,0,0,0
2018,7,8,4,5,3,0,0,1,0,1,0,0,0,0,0,0
2019,8,16,5,2,6,0,0,1,0,0,0,1,0,0,0,0
2018,8,7,6,5,7,0,1,1,0,0,0,0,0,0,0,0
2021,11,23,7,0,5,2,0,1,0,0,0,1,0,0,2,0
2020,8,11,6,0,1,0,1,0,0,0,0,0,0,0,1,0
2020,1,11,2,0,2,0,1,1,0,0,0,0,0,0,0,0
2021,9,12,6,5,2,0,0,1,0,0,0,0,0,0,1,0
2019,7,15,6,2,2,0,1,1,0,0,0,0,0,0,0,0
2020,5,18,4,5,3,0,1,1,0,0,0,0,0,1,1,0
2019,8,7,3,3,6,0,0,0,0,1,0,1,0,0,0,1
2020,5,16,1,5,2,0,1,1,0,0,0,0,1,1,1,0
2018,8,7,3,5,2,0,1,0,0,0,0,1,0,0,0,1
2019,10,8,3,0,3,0,0,1,0,1,0,0,0,0,0,0
2020,5,10,5,5,7,0,0,1,0,0,0,0,0,1,1,0
2020,1,9,4,5,2,0,1,1,0,0,0,0,0,0,0,0
2021,6,10,3,5,3,0,1,0,0,0,0,1,1,0,1,0
2018,6,7,7,5,7,0,0,1,0,0,0,1,0,0,0,0
2019,8,15,6,5,2,0,0,1,0,1,0,0,0,0,0,0
2019,5,9,3,3,6,0,0,1,0,0,0,0,0,0,0,0
2018,9,15,3,1,7,0,0,1,0,0,0,0,0,0,0,1
2019,2,10,2,6,4,0,0,1,1,0,0,0,0,0,0,0
2019,10,12,4,1,5,0,1,1,0,0,0,0,1,0,0,0
2021,9,10,6,5,2,0,1,0,0,0,0,1,0,0,1,0
2019,11,9,1,5,3,0,0,1,0,0,0,0,1,0,0,0
2018,2,17,1,5,2,2,0,1,0,1,0,0,1,0,0,0
2019,6,21,3,1,5,0,1,1,0,0,0,0,0,0,0,0
2021,12,13,3,6,7,0,1,0,1,0,0,0,0,1,2,1
2019,2,10,6,0,2,0,0,1,0,0,0,1,0,0,0,0
2020,8,17,2,0,2,0,1,1,0,0,0,0,1,0,1,0
2019,12,8,3,0,2,0,0,1,0,1,0,0,1,0,0,0
2019,9,12,1,3,6,0,0,1,0,0,0,0,1,0,0,0
2020,9,16,2,8,1,0,0,1,0,0,0,0,0,0,1,0
2019,8,16,3,6,4,0,0,0,1,1,0,0,0,0,0,1
2021,12,11,5,6,4,0,0,1,1,0,0,0,1,1,2,1
2021,7,9,5,2,2,0,0,1,0,0,0,1,0,0,1,0
2020,7,10,5,0,6,0,0,1,0,0,0,1,0,0,1,1
2019,10,11,3,6,4,0,0,1,1,0,0,0,1,0,0,0
2020,8,8,2,6,7,0,1,0,1,0,0,0,0,0,1,0
2019,5,19,7,5,2,1,1,1,0,0,0,0,0,0,0,0
2021,4,17,2,5,3,0,1,1,0,0,0,0,0,1,2,0
2018,4,8,6,5,3,0,0,1,0,1,0,0,0,0,0,0
2020,5,15,5,2,6,0,0,1,0,1,0,0,0,1,1,0
2018,4,7,3,2,6,0,0,1,0,0,0,0,1,0,0,0
2019,4,12,5,5,2,0,0,1,0,0,0,1,0,0,0,0
2021,5,18,5,0,6,0,0,1,0,1,0,0,1,1,2,0
2019,5,5,3,5,2,0,1,0,0,0,0,1,0,0,0,0
2019,3,9,3,2,6,0,0,1,0,0,0,0,0,0,0,0
2019,12,16,6,5,3,2,0,1,0,0,0,0,1,0,0,0
2019,8,13,2,2,6,0,1,0,0,0,0,0,0,0,0,0
2018,3,13,4,5,3,0,1,1,0,0,0,0,0,0,0,0
2019,2,18,1,2,6,2,1,1,0,0,0,0,1,0,0,1
2020,12,6,3,2,6,2,0,1,0,0,0,0,1,1,2,0
2019,1,17,3,5,3,2,0,1,0,0,0,0,1,0,0,0
2021,8,16,4,5,2,0,1,1,0,0,0,0,0,0,1,0
2019,10,15,7,5,3,0,0,1,0,0,0,0,0,0,0,0
2018,10,15,4,3,2,0,0,1,0,1,0,0,0,0,0,0
2021,5,12,1,0,2,0,0,0,0,0,0,1,0,1,2,0
2018,1,16,7,8,1,2,0,1,0,0,0,0,0,0,0,0
2019,8,17,1,5,2,0,0,1,0,1,0,0,0,0,0,0
2021,12,17,7,6,4,1,1,0,1,0,0,0,1,1,2,0
2018,4,7,2,5,2,0,0,1,0,0,0,0,0,0,0,0
2019,8,8,2,5,3,0,1,1,0,0,0,0,0,0,0,0
2018,7,13,1,2,2,0,0,1,0,0,0,0,0,0,0,0
2019,7,6,3,1,5,0,1,1,0,0,0,0,0,0,0,1
2021,2,21,2,8,1,2,0,1,0,0,0,0,2,1,2,0
2021,6,15,7,3,6,0,0,1,0,0,0,0,1,0,1,0
2021,10,17,2,5,2,0,1,1,0,0,0,0,0,0,1,1
2018,11,7,7,5,3,1,1,1,0,0,0,0,0,0,0,0
2018,3,21,2,5,2,2,0,1,0,1,0,0,0,0,0,0
2019,2,10,4,5,3,0,0,1,0,0,0,1,1,0,0,0
2018,1,16,2,3,6,0,0,1,0,0,0,1,0,0,0,0
2018,6,2,6,2,6,2,0,1,0,0,0,0,0,0,0,0
2019,8,7,5,2,6,0,0,1,0,1,0,0,0,0,0,0
2021,11,22,1,6,2,2,0,1,1,0,0,0,0,0,2,1
2019,10,20,3,2,6,2,0,1,0,0,0,0,0,0,0,0
2021,5,16,4,2,6,0,0,1,0,0,0,0,0,1,2,0
2020,4,18,5,6,7,0,0,0,1,0,0,1,0,1,2,1
2019,12,6,7,5,3,2,1,1,0,0,0,0,1,0,0,1
2021,3,8,5,5,2,0,1,1,0,0,0,0,0,0,2,0
2020,11,9,3,6,2,0,0,1,1,0,0,0,0,1,2,0
2021,7,9,6,5,2,0,1,1,0,0,0,0,0,0,1,0
2019,11,15,6,5,3,0,1,1,0,0,0,0,0,0,0,0