UJAHR,UMONAT,USTUNDE,UWOCHENTAG,UART,UTYP1,ULICHTVERH,IstRad,IstPKW,IstFuss,IstKrad,IstGkfz,IstSonstige,USTRZUSTAND,LOCKDOWN,COVID,UKATEGORIE
2020,4,17,6,1,6,0,1,1,0,0,0,0,0,1,2,0
2020,8,13,5,1,5,0,0,1,0,0,1,0,0,0,1,0
2020,11,18,3,2,2,2,1,1,0,0,0,0,0,1,2,0
2018,9,11,7,2,6,0,0,1,0,0,0,0,0,0,0,0
2020,3,8,4,6,4,0,0,1,1,0,0,0,0,1,1,1
2020,2,16,6,5,3,0,0,1,0,1,0,0,0,0,0,0
2021,5,21,1,5,3,2,0,1,0,0,0,0,0,1,2,0
2018,5,23,1,5,2,2,1,1,0,0,0,0,0,0,0,0
2018,7,13,2,2,6,0,0,1,0,0,0,1,0,0,0,0
2021,9,15,7,0,1,0,0,0,0,1,0,0,0,0,1,0
2018,8,13,5,5,2,0,1,1,0,0,0,0,0,0,0,1
2019,2,15,1,6,2,0,0,1,1,0,0,0,0,0,0,0
2018,5,8,4,3,6,0,1,0,0,0,0,0,0,0,0,0
2020,6,14,5,2,6,0,1,1,0,0,0,0,0,0,1,0
2018,6,14,1,5,2,0,1,0,0,0,0,1,1,0,0,0
2018,6,10,6,2,2,0,1,1,0,0,0,0,0,0,0,0
2021,8,14,1,5,2,0,0,1,0,1,0,0,0,0,1,0
2019,9,14,3,2,6,0,0,1,0,0,0,0,0,0,0,0
2018,5,4,7,0,1,2,1,0,0,0,0,0,0,0,0,1
2021,12,22,7,2,6,2,0,1,0,0,0,1,0,1,2,0
2018,7,19,3,3,6,0,0,1,0,0,0,1,0,0,0,0
2018,3,8,3,0,6,0,1,1,0,0,0,0,0,0,0,0
2021,6,20,3,4,6,1,1,1,0,0,0,0,1,0,1,0
2021,1,14,2,5,3,0,0,1,0,0,0,0,0,1,2,0
2020,2,8,2,5,2,0,1,1,0,0,0,0,1,0,0,0
2018,6,0,4,5,3,2,0,1,0,0,0,0,0,0,0,0
2020,7,19,4,5,2,0,1,1,0,0,0,0,0,0,1,0
2018,12,8,5,2,6,0,1,1,0,0,0,0,0,0,0,0
2019,12,17,6,2,6,2,0,1,0,0,0,0,0,0,0,0
2020,6,16,2,2,6,0,0,1,0,1,0,0,0,0,1,0
2020,3,17,2,2,6,1,0,1,0,0,0,0,0,1,1,0
2019,7,11,2,0,7,0,0,0,0,0,1,0,0,0,0,0
2018,6,14,1,5,3,0,1,1,0,0,0,0,0,0,0,0
2018,8,8,3,2,6,0,1,0,0,0,0,0,0,0,0,0
2019,7,14,1,1,5,0,1,1,0,0,0,0,0,0,0,0
2019,9,21,1,1,5,2,0,1,0,0,0,0,0,0,0,0
2021,7,8,5,1,5,0,0,1,0,0,0,1,1,0,1,0
2018,12,10,6,5,3,0,0,1,0,0,0,0,1,0,0,0
2020,1,10,7,5,2,0,1,1,0,0,0,0,1,0,0,0
2021,8,16,5,5,3,0,1,1,0,0,0,0,1,0,1,0
2020,1,13,5,5,3,0,0,1,0,0,0,0,1,0,0,0
2019,10,14,6,0,5,0,0,0,1,0,0,1,0,0,0,0
2019,8,15,4,0,6,0,0,1,0,1,0,0,0,0,0,0
2019,6,9,3,3,6,0,1,0,0,0,0,1,0,0,0,0
2019,5,18,5,5,3,0,1,1,0,0,0,0,1,0,0,1
2018,9,18,3,0,1,0,1,0,0,0,0,0,0,0,0,0
2019,9,10,4,2,6,0,0,1,0,0,0,0,0,0,0,0
2019,6,21,1,2,6,1,0,1,0,0,0,0,0,0,0,0
2018,1,10,4,5,3,0,0,1,0,0,0,0,1,0,0,0
2020,9,17,3,5,3,0,0,1,0,1,0,0,0,0,1,0
2018,3,20,4,5,3,2,1,1,0,0,0,0,1,0,0,0
2020,10,15,5,5,2,0,1,0,0,0,0,1,1,1,1,0
2020,6,17,4,1,5,0,1,1,0,0,0,0,0,0,1,0
2018,6,17,4,0,3,0,1,0,0,1,0,0,0,0,0,1
2019,6,13,6,1,5,0,1,1,0,0,0,0,0,0,0,0
2020,5,12,7,1,5,0,0,1,0,0,0,0,0,1,1,0
2018,5,17,4,5,2,0,1,1,0,0,0,0,0,0,0,0
2020,8,10,4,2,6,0,0,1,0,0,0,0,1,0,1,0
2018,10,14,1,9,7,0,0,0,0,1,0,0,0,0,0,1
2021,12,18,7,5,2,2,0,1,0,0,0,1,0,1,2,0
2020,6,13,1,5,3,0,0,1,0,0,0,0,0,0,1,0
2021,1,6,6,6,2,2,0,1,1,0,0,0,0,1,2,0
2021,9,7,4,0,2,0,1,1,0,0,0,0,0,0,1,0
2019,8,16,5,5,7,0,0,1,0,0,0,0,0,0,0,0
2018,5,16,7,3,6,0,0,1,0,0,0,0,0,0,0,1
2019,4,19,2,2,7,1,0,1,0,1,0,0,0,0,0,0
2018,10,20,3,6,4,2,0,1,1,0,0,0,0,0,0,1
2020,6,16,3,5,3,0,1,1,0,0,0,0,0,0,1,0
2018,10,16,5,2,6,0,0,1,0,0,0,0,0,0,0,0
2019,1,13,7,6,4,0,0,0,1,0,0,1,2,0,0,0
2021,3,14,4,5,2,0,1,0,0,0,0,1,1,0,2,0
2018,9,8,4,5,2,0,1,1,0,0,0,0,0,0,0,0
2019,11,21,5,5,3,2,0,1,0,0,0,0,1,0,0,0
2021,1,7,5,6,2,2,0,1,1,0,0,0,1,1,2,1
2018,8,7,6,5,3,0,1,1,0,0,0,0,0,0,0,0
2021,9,14,5,5,3,0,1,1,0,0,0,0,0,0,1,0
2020,10,17,5,5,3,0,0,1,0,1,0,0,0,1,1,1
2018,11,12,3,2,6,0,0,1,0,0,1,0,0,0,0,0
2021,8,13,6,5,3,0,0,1,0,1,0,0,0,0,1,0
2020,10,10,5,0,2,0,1,1,0,0,0,0,1,1,1,0
2019,7,17,4,7,7,0,0,0,0,1,0,0,0,0,0,0
2018,3,19,3,6,2,2,0,1,1,0,0,0,1,0,0,0
2019,7,7,5,5,2,0,1,1,0,0,0,0,0,0,0,0
2020,10,17,1,6,7,1,1,0,1,0,0,0,0,1,1,0
2018,3,9,7,5,3,0,0,1,0,0,0,1,0,0,0,0
2019,4,7,3,2,6,0,0,1,0,0,0,0,0,0,0,0
2019,10,11,7,2,2,0,0,1,0,0,0,0,0,0,0,0
2019,12,21,7,0,6,2,0,1,0,0,0,0,1,0,0,0
2019,6,8,2,5,2,0,0,1,0,0,0,0,0,0,0,0
2019,2,18,2,0,7,2,0,0,0,1,0,0,0,0,0,1
2019,11,8,7,5,2,1,1,1,0,0,0,0,1,0,0,0
2021,3,16,3,2,6,1,1,0,0,0,0,0,0,0,2,0
2019,6,13,6,5,2,0,0,1,0,1,0,0,0,0,0,0
2019,5,17,7,5,3,0,0,1,0,0,0,0,0,0,0,0
2019,6,19,3,1,5,0,1,1,0,0,0,1,0,0,0,0
2019,5,15,2,5,2,0,1,0,0,0,0,1,0,0,0,0
2018,5,8,3,3,6,0,0,1,0,0,0,1,0,0,0,0
2018,2,9,6,5,3,0,1,1,0,0,0,0,0,0,0,0
2020,7,8,6,5,3,0,1,1,0,0,0,0,1,0,1,0
2018,4,14,5,0,6,0,0,1,0,1,0,0,0,0,0,0
2019,9,18,5,0,7,1,0,0,0,1,0,0,1,0,0,1
2020,6,0,5,1,7,2,0,0,0,1,0,0,0,0,1,0
2021,7,15,5,5,3,0,1,1,0,0,0,0,1,0,1,1
2018,11,8,3,5,2,0,0,1,0,1,0,1,0,0,0,0
2020,11,13,4,3,6,0,0,1,0,1,0,0,0,1,2,0
2018,1,8,5,1,5,0,1,1,0,0,0,0,1,0,0,0
2021,9,13,5,5,3,0,0,0,0,1,0,1,0,0,1,0
2019,9,10,3,5,2,0,0,1,0,1,0,0,0,0,0,0
2020,6,13,7,5,3,0,1,1,0,0,0,0,0,0,1,0
2021,11,16,1,2,2,2,0,1,0,0,0,0,1,0,2,0
2019,9,13,4,5,3,0,0,1,0,0,0,0,0,0,0,0
2019,7,15,2,2,7,0,0,0,0,1,1,0,0,0,0,0
2020,6,16,1,5,2,0,1,0,0,0,0,0,0,0,1,0
2021,9,10,2,5,2,0,0,1,0,0,0,1,0,0,1,0
2018,6,20,7,0,7,0,0,1,0,1,0,0,0,0,0,0
2018,4,9,5,2,6,0,0,1,0,0,0,0,0,0,0,0
2021,6,16,4,0,1,0,1,0,0,0,0,0,0,0,1,0
2018,4,10,2,5,3,0,1,1,0,0,0,0,1,0,0,1
2021,6,21,3,5,2,1,1,1,0,0,0,0,1,0,1,0
2019,12,7,6,3,6,2,0,1,0,0,0,0,1,0,0,0
2018,9,14,6,2,6,0,0,1,0,0,1,0,0,0,0,0
2018,6,17,3,2,6,0,0,1,0,0,0,0,0,0,0,0
2021,9,6,6,0,1,1,0,0,0,1,0,0,1,0,1,0
2018,3,13,6,3,6,0,1,0,0,0,1,0,0,0,0,1
2019,9,13,5,5,3,0,1,1,0,0,0,0,0,0,0,1
2020,9,18,2,5,3,0,0,1,0,0,0,1,0,0,1,0
2020,4,16,4,6,4,0,0,1,1,0,0,0,0,1,2,1
2019,5,17,6,5,7,0,0,1,0,1,0,0,0,0,0,0
2019,8,18,3,6,6,0,1,0,1,0,0,0,0,0,0,0
2019,4,18,3,4,5,0,0,1,0,1,0,0,0,0,0,0
2018,12,8,5,0,3,0,1,0,0,1,0,0,0,0,0,0
2019,10,21,4,0,4,2,1,0,1,0,0,0,1,0,0,0
2021,11,19,6,1,5,2,0,1,0,0,0,1,0,0,2,0
2020,2,14,4,5,3,0,1,1,0,0,0,0,0,0,0,0
2021,9,17,6,2,6,0,0,1,0,0,0,0,0,0,1,0
2020,4,15,2,5,2,0,1,0,0,0,1,0,0,1,2,0
2021,8,12,7,5,3,0,0,1,0,1,0,0,0,0,1,1
2018,5,11,1,2,7,0,0,1,0,0,0,0,0,0,0,0
2019,7,8,6,2,6,0,0,1,0,0,0,0,1,0,0,0
2020,7,7,3,1,5,0,0,1,0,0,0,0,0,0,1,0
2020,11,12,1,5,3,0,0,1,0,0,0,0,0,1,2,0
2021,8,12,5,5,2,0,1,1,0,0,0,0,0,0,1,0
2021,6,20,3,5,2,1,1,1,0,0,0,0,1,0,1,0
2018,6,15,7,0,7,0,0,1,0,0,0,0,0,0,0,0
2019,10,7,5,2,6,0,0,1,0,0,0,0,1,0,0,0
2018,10,19,5,0,3,2,1,1,0,0,0,0,1,0,0,0
2018,6,16,7,3,6,0,1,1,0,0,0,0,0,0,0,0
2018,5,14,7,1,5,0,0,1,0,0,0,0,0,0,0,0
2020,5,17,5,0,1,0,0,0,0,1,0,0,0,1,1,1
2018,6,7,3,5,2,0,1,1,0,0,0,0,0,0,0,0
2020,10,23,5,2,6,2,0,1,0,0,0,0,1,1,1,0
2019,6,15,3,5,2,0,0,1,0,1,0,0,0,0,0,0
2021,11,19,1,5,2,2,1,1,0,0,0,0,1,0,2,0
2020,11,13,4,6,2,0,0,0,1,0,0,1,0,1,2,1
2020,6,10,2,5,2,0,1,1,0,0,0,0,0,0,1,0
2018,11,9,1,6,2,0,0,1,1,0,0,0,1,0,0,1
2021,8,12,1,5,3,0,0,1,0,0,0,0,0,0,1,0
2019,2,23,5,5,2,2,0,1,0,0,0,0,0,0,0,0
2018,9,13,6,2,6,0,0,1,0,0,0,0,0,0,0,0
2018,7,13,3,6,4,0,0,1,1,0,0,0,0,0,0,1
2019,10,15,2,6,2,0,0,1,1,0,0,0,0,0,0,0
2020,10,15,6,6,2,0,0,1,1,0,0,0,0,1,1,0
2020,8,8,2,2,6,0,0,1,0,1,0,0,0,0,1,0
2020,10,15,5,1,5,0,1,1,0,0,0,0,0,1,1,0
2021,11,11,7,4,6,0,0,1,0,1,0,0,0,0,2,0
2018,8,15,5,2,6,0,0,1,0,0,0,0,0,0,0,0
2020,4,17,5,6,4,0,0,1,1,0,0,0,0,1,2,1
2021,12,12,4,1,5,0,0,1,0,0,0,1,0,1,2,0
2020,7,8,5,0,2,0,1,0,0,0,0,1,0,0,1,0
2018,12,1,1,1,5,2,0,1,0,0,0,0,1,0,0,0
2019,8,16,4,5,2,0,1,1,0,0,0,0,0,0,0,0
2018,5,20,4,5,3,0,1,1,0,0,0,0,0,0,0,0
2020,1,16,7,2,6,2,0,1,0,0,0,0,1,0,0,0
2020,10,13,5,0,1,0,0,0,0,1,0,0,0,1,1,0
2021,11,19,5,6,2,1,0,1,1,0,0,0,1,0,2,1
2019,10,7,6,6,2,0,0,1,1,0,0,0,0,0,0,0
2018,1,13,1,5,2,0,1,1,0,0,0,0,0,0,0,0
2020,8,11,1,5,2,0,1,1,0,0,0,0,0,0,1,1
2021,8,6,6,5,2,0,1,0,0,1,0,0,1,0,1,0
2018,11,22,4,5,2,2,1,1,0,0,0,0,0,0,0,0
2019,3,14,7,5,3,0,1,0,0,0,0,0,0,0,0,0
2020,7,8,6,5,3,0,1,1,0,0,0,0,1,0,1,0
2021,10,18,4,5,3,2,1,1,0,0,0,0,1,0,1,0
2019,7,17,3,1,5,0,1,1,0,0,0,1,0,0,0,0
2018,12,17,3,3,6,2,0,1,0,0,1,0,1,0,0,0
2019,12,19,3,1,5,2,0,1,0,0,0,0,0,0,0,0
2018,11,0,6,9,1,2,0,1,0,0,0,0,0,0,0,0
2021,2,19,3,1,5,2,0,1,0,0,0,0,1,1,2,0
2018,10,8,4,5,7,0,0,1,0,1,0,0,0,0,0,0
2020,2,17,1,0,7,2,0,1,0,1,0,0,0,0,0,0
2019,3,17,4,5,2,0,1,1,0,0,0,0,0,0,0,0
2019,4,13,3,1,5,0,1,1,0,0,0,0,0,0,0,0
2020,4,12,6,5,2,0,1,1,0,0,0,0,0,1,2,0
2018,5,13,2,5,7,0,0,1,0,1,0,0,0,0,0,1
2019,5,17,5,0,1,0,0,0,0,1,0,0,0,0,0,0
2019,1,7,2,2,6,1,0,1,0,0,0,0,1,0,0,0
2020,11,12,4,1,5,0,0,1,0,0,1,0,0,1,2,0
2019,11,18,5,3,6,2,1,0,0,0,0,1,1,0,0,0
2020,7,14,2,5,3,0,0,1,0,0,0,1,0,0,1,0
2018,1,14,1,5,3,0,0,1,0,0,0,0,0,0,0,0
2018,4,12,3,5,3,0,1,0,0,0,1,0,0,0,0,1
2021,8,22,4,6,4,2,0,0,1,1,0,0,1,0,1,0
2020,9,14,1,5,3,0,1,1,0,0,0,0,0,0,1,1
2021,11,17,2,6,4,1,0,1,1,0,0,0,1,0,2,0
2018,9,17,2,1,5,0,0,1,0,0,0,0,0,0,0,0
2019,2,10,4,0,1,0,0,0,0,1,0,0,0,0,0,0
2018,7,13,4,5,3,0,1,0,0,0,0,0,0,0,0,0
2019,10,13,7,0,1,0,1,0,0,0,0,0,0,0,0,0
2020,10,14,2,5,3,0,1,0,0,1,0,0,0,1,1,0
2020,11,20,6,2,6,2,1,1,0,0,0,0,0,1,2,0
2020,12,16,3,0,5,2,0,1,0,0,0,1,0,1,2,0
2021,10,14,6,5,2,0,0,0,0,0,1,1,1,0,1,0
2018,9,16,3,6,4,0,0,1,1,0,0,0,0,0,0,0
2018,11,14,5,6,7,0,1,0,1,0,0,0,0,0,0,0
2020,3,17,6,5,3,1,1,1,0,0,0,0,1,1,1,0
2020,7,9,3,5,2,0,1,1,0,0,0,0,0,0,1,0
2018,5,12,3,6,7,0,0,1,1,0,0,0,0,0,0,0
2018,8,14,2,5,2,0,0,1,0,1,0,0,0,0,0,0
2019,12,8,6,5,7,0,0,0,0,1,0,1,0,0,0,0
2020,4,13,7,5,2,0,0,1,0,1,0,0,0,1,2,1
2018,12,10,2,2,7,0,0,1,0,0,0,0,0,0,0,0
2018,8,9,4,2,6,0,0,1,0,0,0,0,0,0,0,0
2021,8,12,4,0,7,0,1,0,0,0,0,0,0,0,1,0
2019,5,16,2,0,3,0,0,1,0,0,0,1,0,0,0,0
2019,9,18,1,2,7,2,0,1,0,1,0,1,1,0,0,0
2021,5,13,7,2,6,0,0,1,0,1,0,0,0,1,2,0
2019,1,17,3,6,2,2,0,1,1,0,0,0,1,0,0,0
2021,5,8,6,5,3,0,0,1,0,0,0,0,0,1,2,0
2021,11,14,4,3,6,0,1,1,0,0,0,0,0,0,2,0
2018,5,11,7,7,7,0,1,0,0,0,0,0,0,0,0,0
2021,3,12,3,5,2,0,0,1,0,0,0,0,0,0,2,0
2021,11,10,5,1,5,0,1,1,0,0,0,0,0,0,2,0
2020,8,8,5,5,3,0,1,1,0,0,0,0,0,0,1,0
2021,11,18,5,2,6,1,0,1,0,0,0,0,1,0,2,1
2020,2,19,7,2,6,2,0,1,0,0,0,0,0,0,0,0
2020,8,9,4,5,2,0,0,1,0,0,0,0,0,0,1,0
2021,6,9,5,0,1,0,0,0,0,1,0,0,0,0,1,0
2021,8,12,5,3,2,0,0,1,0,0,0,0,1,0,1,0
2021,12,20,6,5,2,2,0,1,0,0,0,0,0,1,2,0
2021,7,10,3,6,4,0,0,1,1,0,0,0,0,0,1,0
2018,10,9,4,5,2,0,0,1,0,0,0,0,0,0,0,0
2018,10,12,6,2,6,0,0,0,0,1,0,1,0,0,0,0
2021,7,11,2,0,3,0,0,1,0,0,0,1,1,0,1,0
2021,6,16,2,4,6,0,1,0,0,0,0,0,0,0,1,0
2019,4,19,3,5,2,1,1,1,0,0,0,0,0,0,0,1
2020,12,12,7,1,5,0,0,1,0,0,0,1,0,1,2,0
2018,3,15,4,6,4,0,0,1,1,0,0,0,0,0,0,0
2018,5,12,6,5,3,0,1,1,0,0,0,0,0,0,0,0
2018,1,9,2,1,5,0,1,1,0,0,0,0,0,0,0,0
2020,10,8,5,2,6,0,0,1,0,1,0,0,0,1,1,0
2021,6,16,3,5,3,0,1,1,0,0,0,0,0,0,1,0
2018,9,15,4,5,2,0,1,1,0,0,0,0,0,0,0,0
2020,12,15,5,1,5,1,1,1,0,0,0,0,0,1,2,1
2018,7,10,4,5,2,0,0,1,0,0,0,0,0,0,0,0
2021,9,7,6,5,3,0,1,0,0,0,0,0,0,0,1,0
2021,11,16,4,2,6,1,0,1,0,1,0,0,0,0,2,0
2018,11,6,4,5,2,2,1,1,0,0,0,0,0,0,0,0
2019,7,10,5,1,5,0,1,1,0,0,0,0,0,0,0,0
2019,4,17,6,5,3,0,1,1,0,0,0,0,0,0,0,0
2020,4,11,4,3,6,0,0,1,0,1,0,0,0,1,2,0
2019,4,13,3,5,2,0,0,1,0,0,0,0,0,0,0,0
2019,12,12,7,5,3,0,0,1,0,0,0,0,1,0,0,0
2018,8,19,1,5,3,0,1,1,0,0,0,0,0,0,0,0
2018,6,12,5,1,5,0,1,1,0,0,0,0,0,0,0,0
2021,9,14,6,5,3,0,1,1,0,0,0,0,1,0,1,1
2019,7,19,2,0,6,0,1,1,0,0,0,0,1,0,0,0
2018,6,9,5,5,7,0,0,1,0,1,0,0,0,0,0,0
2019,12,18,5,5,3,2,1,1,0,0,0,0,0,0,0,0
2020,6,15,3,3,6,0,0,0,0,1,0,1,0,0,1,0
2019,12,15,4,0,6,0,0,1,0,0,0,1,0,0,0,0
2021,7,15,7,6,4,0,1,0,1,0,0,0,0,0,1,0
2021,2,22,4,8,1,2,0,1,0,0,0,0,1,1,2,0
2019,9,13,5,5,3,0,1,0,0,0,0,1,0,0,0,0
2021,7,20,6,1,5,0,1,1,0,0,0,0,0,0,1,0
2020,10,12,4,5,3,0,0,1,0,1,0,0,0,1,1,0
2021,5,20,4,6,4,1,0,1,1,0,0,0,0,1,2,0
2018,3,10,3,6,4,0,1,0,1,0,0,0,0,0,0,0
2020,8,12,6,2,6,0,0,1,0,0,0,0,0,0,1,0
2018,4,16,4,3,6,0,0,1,0,1,0,0,0,0,0,0
2018,3,8,4,5,3,0,1,1,0,0,0,0,0,0,0,0
2018,7,13,7,1,5,0,1,1,0,0,0,0,0,0,0,0
2019,6,19,2,5,3,0,0,1,0,0,0,1,0,0,0,0
2019,5,13,5,0,1,0,1,0,0,0,0,0,0,0,0,0
2019,6,7,6,5,3,0,1,1,0,0,0,0,0,0,0,0
2021,8,16,2,6,4,0,0,1,1,0,0,0,0,0,1,0
2020,12,18,1,0,1,2,0,0,0,1,0,0,1,1,2,0
2018,12,19,2,6,4,2,1,0,1,0,0,0,1,0,0,0
2018,4,16,3,5,2,0,0,1,0,0,0,0,0,0,0,0
2020,12,17,4,5,2,2,0,1,0,0,0,0,1,1,2,0
2019,3,21,7,6,4,2,0,1,1,0,0,0,1,0,0,1
2018,12,22,7,2,2,2,0,1,0,0,0,0,1,0,0,0
2018,10,15,6,5,3,0,1,1,0,0,0,0,0,0,0,0
2018,10,19,2,5,3,2,0,1,0,0,0,1,0,0,0,0
2018,5,15,1,5,3,0,0,1,0,0,0,0,0,0,0,0
2019,6,9,6,3,6,0,1,0,0,0,1,0,0,0,0,0
2021,7,19,6,5,3,0,1,1,0,0,0,0,0,0,1,0
2021,8,16,6,5,3,0,1,1,0,0,0,0,0,0,1,1
2020,9,17,3,1,5,0,1,1,0,0,0,0,0,0,1,0
2020,6,12,6,1,5,0,1,1,0,0,0,0,0,0,1,0
2021,6,18,5,2,6,0,1,1,0,0,0,0,0,0,1,1
2018,1,18,6,0,5,2,1,1,0,0,0,0,1,0,0,0
2019,8,11,1,5,3,0,0,1,0,0,0,0,1,0,0,1
2019,7,4,4,5,3,1,1,1,0,0,0,0,0,0,0,0
2019,5,17,5,6,4,0,0,1,1,0,0,0,0,0,0,1
2021,4,12,1,9,1,0,0,1,0,0,0,0,1,1,2,1
2020,3,16,7,2,6,0,0,1,0,0,0,0,0,1,1,0
2018,5,21,4,1,5,2,1,1,0,0,0,0,0,0,0,0
2018,1,11,2,6,4,0,1,0,1,0,0,0,0,0,0,1
2019,3,15,5,5,3,0,1,1,0,0,0,0,1,0,0,0
2021,6,18,4,3,6,0,0,1,0,0,0,0,1,0,1,0
2018,11,13,5,0,3,0,0,1,0,1,0,0,0,0,0,0
2019,10,20,2,2,6,2,1,1,0,0,0,0,0,0,0,0
2019,7,11,2,5,3,0,0,1,0,0,0,1,0,0,0,0
2021,8,13,3,5,2,0,1,1,0,0,0,0,0,0,1,0
2021,3,13,1,9,1,0,0,1,0,0,0,0,0,0,2,1
2019,2,17,6,6,4,2,0,1,1,0,0,0,0,0,0,0
2020,7,15,4,5,2,0,0,1,0,0,0,1,1,0,1,0
2018,10,10,2,2,6,0,0,1,0,0,0,0,0,0,0,0
2020,4,14,4,2,6,0,0,1,0,0,0,1,0,1,2,0
2019,4,10,4,5,2,0,0,1,0,0,0,0,0,0,0,0
2018,10,5,2,2,6,2,0,1,0,0,0,0,0,0,0,0
2020,8,14,7,5,2,0,0,1,0,1,0,0,0,0,1,0
2020,12,12,2,5,2,0,1,0,0,0,0,1,1,1,2,0
2018,8,14,4,5,2,0,0,1,0,0,0,0,0,0,0,0
2019,10,17,6,5,3,1,0,1,0,0,0,0,1,0,0,0
2021,12,15,3,6,4,1,0,0,1,0,0,1,0,1,2,0
2021,8,13,5,0,7,0,0,0,0,1,0,1,1,0,1,0
2019,12,12,5,0,2,0,1,1,0,0,0,0,0,0,0,0
2020,3,5,5,5,3,2,1,1,0,0,0,0,1,1,1,0
2019,12,18,5,3,6,2,0,1,0,0,0,0,0,0,0,0
2021,12,7,5,5,2,1,1,1,0,0,0,0,1,1,2,0
2020,8,17,2,0,1,0,0,0,0,1,0,0,1,0,1,1
2019,8,8,6,0,2,0,1,1,0,0,0,0,0,0,0,0
2019,10,8,2,0,6,0,1,1,0,0,0,0,0,0,0,0
2021,10,16,4,5,3,0,1,1,0,0,0,0,1,0,1,0
2019,7,15,3,0,1,0,1,0,0,0,0,0,0,0,0,0
2018,8,8,5,5,2,0,1,1,0,0,0,0,0,0,0,0
2019,12,20,3,5,2,2,0,1,0,0,0,0,0,0,0,0
2018,5,8,6,5,3,0,0,1,0,0,0,0,0,0,0,0
2019,6,8,2,5,2,0,1,1,0,0,0,0,0,0,0,0
2020,2,17,2,0,1,2,0,1,0,1,0,0,1,0,0,1
2020,6,11,7,6,7,0,0,0,1,0,0,1,0,0,1,0
2020,10,14,5,5,2,0,1,1,0,0,0,0,0,1,1,0
2021,8,15,4,5,2,0,0,1,0,0,0,0,0,0,1,0
2018,1,20,2,5,3,2,1,0,0,0,0,0,0,0,0,0
2021,8,7,4,2,6,0,0,1,0,0,1,1,0,0,1,0
2018,9,13,6,5,7,0,1,1,0,0,0,0,0,0,0,0
2018,2,11,4,5,3,0,1,1,0,0,0,0,0,0,0,1
2020,6,7,3,2,7,0,1,1,0,0,0,0,0,0,1,0
2019,1,8,4,5,3,0,0,1,0,1,0,0,0,0,0,0
2020,10,11,3,5,7,0,1,1,0,0,0,0,0,1,1,0
2018,12,17,5,5,3,2,1,1,0,0,0,0,0,0,0,0
2021,11,10,5,5,2,0,1,1,0,0,0,0,1,0,2,0
2018,5,16,5,5,7,0,0,1,0,1,0,0,0,0,0,0
2021,6,8,5,2,6,0,0,1,0,0,0,0,1,0,1,0
2021,10,23,1,1,1,2,0,1,0,0,0,0,0,0,1,1
2020,5,8,4,5,3,0,1,1,0,0,0,0,0,1,1,1
2021,11,9,3,0,6,0,1,1,0,0,0,0,0,0,2,0
2018,8,17,3,5,3,0,0,1,0,0,0,0,0,0,0,0
2021,5,12,5,3,5,0,1,0,0,0,1,1,0,1,2,1
2019,6,16,2,5,3,0,0,1,0,1,0,0,0,0,0,0
2018,2,19,5,2,6,2,0,1,0,0,0,0,0,0,0,0
2020,9,16,6,2,6,0,0,1,0,0,1,0,0,0,1,0
2018,7,18,3,5,2,0,1,1,0,0,0,0,0,0,0,0
2021,6,17,2,2,6,0,0,1,0,0,0,0,0,0,1,0
2020,10,17,2,0,7,0,0,1,0,1,0,0,1,1,1,0
2018,3,16,4,5,3,0,0,1,0,0,0,0,1,0,0,0
2019,6,16,7,5,2,0,0,1,0,1,0,0,0,0,0,0
2019,10,6,4,5,3,0,1,0,0,0,0,1,1,0,0,0
2021,12,16,1,6,4,2,0,1,1,0,0,0,1,1,2,0
2021,6,16,5,2,6,0,0,1,0,0,0,1,0,0,1,0
2019,11,13,5,2,6,0,0,1,0,0,0,0,0,0,0,1
2021,6,21,1,2,6,1,0,0,0,0,0,1,0,0,1,0
2018,9,7,5,0,2,1,1,1,0,0,0,0,0,0,0,0
2018,5,15,5,2,6,0,0,1,0,0,0,1,0,0,0,0
2018,5,5,4,5,2,0,1,1,0,0,0,0,0,0,0,0
2020,3,0,7,1,5,2,1,1,0,0,0,0,1,1,1,0
2018,7,18,7,5,2,0,0,1,0,0,0,0,0,0,0,0
2019,9,21,6,0,1,2,1,0,0,0,0,0,0,0,0,0
2018,10,9,2,5,3,0,1,0,0,0,0,0,0,0,0,0
2021,8,11,7,5,3,0,0,1,0,0,0,0,0,0,1,0
2020,1,8,3,5,3,0,1,1,0,0,0,0,0,0,0,0
2019,11,6,4,6,2,2,0,1,1,0,0,0,1,0,0,0
2019,8,0,7,4,6,2,0,1,0,0,0,0,1,0,0,0
2019,8,14,5,4,7,0,1,0,0,0,0,0,0,0,0,0
2021,9,12,3,2,6,0,0,1,0,0,0,1,0,0,1,0
2019,6,11,5,5,3,0,1,1,0,0,0,0,0,0,0,1
2018,8,11,7,1,5,0,1,1,0,0,0,0,0,0,0,0
2020,1,11,3,5,2,0,0,1,0,1,0,0,1,0,0,0
2020,4,11,7,5,2,0,1,1,0,0,0,0,0,1,2,0
2020,4,16,5,5,2,0,1,1,0,0,0,0,0,1,2,0
2019,3,15,2,5,2,0,1,1,0,0,0,0,0,0,0,0
2019,8,15,3,5,2,0,1,0,0,0,1,0,0,0,0,0