UJAHR,UMONAT,USTUNDE,UWOCHENTAG,UART,UTYP1,ULICHTVERH,IstRad,IstPKW,IstFuss,IstKrad,IstGkfz,IstSonstige,USTRZUSTAND,LOCKDOWN,COVID,UKATEGORIE
2018,8,15,2,0,1,0,1,0,0,0,0,0,1,0,0,0
2018,1,10,7,5,3,0,1,1,0,0,0,0,0,0,0,1
2021,7,10,5,2,6,0,0,1,0,0,0,0,1,0,1,0
2020,10,17,5,5,2,0,1,1,0,0,0,0,1,1,1,0
2021,11,13,6,3,6,0,0,1,0,0,0,0,1,0,2,0
2021,8,23,1,1,5,2,0,1,0,0,0,0,1,0,1,0
2019,10,9,6,6,2,0,0,1,1,0,0,0,0,0,0,0
2019,5,13,1,0,7,0,1,0,0,0,0,0,0,0,0,0
2021,5,17,6,2,7,0,0,1,0,1,0,0,0,1,2,0
2018,11,14,6,6,4,0,0,1,1,0,0,0,0,0,0,1
2019,9,18,4,1,5,0,0,1,0,0,0,0,0,0,0,0
2020,10,14,5,6,7,0,0,1,1,0,0,0,0,1,1,0
2021,6,9,5,2,6,0,0,0,0,1,0,1,0,0,1,0
2021,3,15,1,2,6,0,0,1,0,0,0,0,0,0,2,0
2020,7,11,3,5,3,0,1,1,0,0,0,0,0,0,1,0
2018,5,16,2,5,2,0,1,0,0,0,0,1,0,0,0,0
2020,6,13,6,0,1,0,0,0,0,1,0,0,0,0,1,0
2020,1,12,6,5,3,0,1,1,0,0,0,0,1,0,0,0
2019,4,8,3,6,6,0,1,0,1,0,0,0,0,0,0,0
2021,9,15,5,2,2,0,0,1,0,0,0,0,0,0,1,0
2019,4,10,6,2,6,0,0,0,0,1,0,0,0,0,0,0
2019,2,9,1,3,6,0,1,0,0,0,0,1,0,0,0,0
2021,10,10,1,5,3,0,1,1,0,0,0,0,0,0,1,0
2018,5,9,5,3,6,0,1,1,0,0,0,0,0,0,0,1
2018,12,10,4,3,6,0,0,1,0,0,0,1,0,0,0,0
2018,8,9,2,1,5,0,1,1,0,0,0,0,0,0,0,0
2018,5,18,5,5,2,0,1,1,0,0,0,0,0,0,0,0
2020,10,16,4,2,6,2,0,1,0,0,0,0,1,1,1,0
2019,11,12,2,0,3,0,1,0,0,0,0,1,0,0,0,0
2019,4,10,2,5,3,0,0,1,0,0,0,0,0,0,0,0
2020,3,14,3,5,2,0,1,1,0,0,0,0,0,1,1,0
2019,11,16,3,5,3,2,1,1,0,0,0,0,0,0,0,0
2019,5,13,4,3,6,0,0,0,0,1,0,1,0,0,0,0
2018,4,14,4,5,2,0,0,1,0,0,0,0,0,0,0,0
2019,12,14,6,5,3,0,1,0,0,0,1,0,0,0,0,0
2019,5,13,7,5,7,0,1,1,0,0,0,0,0,0,0,0
2021,6,6,4,5,5,0,1,1,0,0,0,0,0,0,1,0
2021,10,14,4,0,1,0,0,0,0,0,0,1,0,0,1,0
2021,8,9,4,2,6,0,0,1,0,0,0,0,0,0,1,0
2021,4,3,2,5,3,2,0,1,0,0,0,0,0,1,2,0
2019,9,8,6,5,2,0,1,1,0,0,0,0,1,0,0,0
2018,7,9,3,5,2,0,0,1,0,1,0,0,0,0,0,0
2018,8,16,6,5,2,0,1,1,0,0,0,0,0,0,0,0
2020,7,17,4,1,5,0,1,1,0,0,0,0,0,0,1,0
2021,11,12,3,5,3,0,1,1,0,0,0,0,0,0,2,1
2019,6,9,4,5,2,0,1,1,0,0,0,0,0,0,0,0
2021,9,11,6,2,6,0,0,1,0,1,0,0,0,0,1,0
2021,11,14,5,6,7,0,0,0,1,0,0,1,0,0,2,0
2021,11,15,4,1,5,0,1,0,0,0,0,1,1,0,2,0
2018,10,6,3,5,3,2,0,1,0,0,0,0,1,0,0,0
2020,11,16,4,6,7,0,0,0,1,0,0,1,0,1,2,1
2018,4,16,5,3,6,0,1,0,0,0,0,0,0,0,0,0
2021,8,12,4,5,3,0,1,1,0,0,0,0,0,0,1,0
2021,8,17,4,0,3,0,0,1,0,1,0,0,0,0,1,1
2019,5,15,3,2,6,0,0,1,0,0,0,0,0,0,0,0
2020,7,18,6,2,6,0,0,1,0,0,0,0,0,0,1,0
2021,11,17,5,5,3,2,0,0,0,0,0,1,1,0,2,0
2020,10,9,6,3,6,0,1,1,0,0,0,0,1,1,1,0
2019,5,16,4,2,6,0,0,1,0,0,0,0,0,0,0,0
2020,9,17,5,6,7,0,1,0,1,0,0,0,0,0,1,0
2021,5,12,5,5,7,0,0,1,0,0,0,0,0,1,2,0
2021,5,17,4,5,3,0,0,1,0,0,0,0,0,1,2,1
2019,8,9,5,5,2,0,0,1,0,1,0,0,0,0,0,0
2018,8,10,3,1,5,0,0,1,0,0,0,1,0,0,0,0
2021,4,16,2,2,6,0,0,1,0,0,0,0,0,1,2,0
2021,8,6,3,5,3,0,0,1,0,0,0,1,0,0,1,0
2018,10,14,2,3,6,0,0,1,0,0,1,0,1,0,0,0
2018,11,15,2,5,3,0,1,0,0,0,0,0,0,0,0,1
2019,6,20,2,1,7,1,0,1,0,0,0,0,1,0,0,1
2018,11,17,6,6,7,2,1,0,1,0,0,0,1,0,0,0
2019,5,16,4,5,2,0,1,1,0,0,0,0,0,0,0,0
2018,11,17,5,5,2,1,1,1,0,0,0,0,0,0,0,0
2020,7,5,4,5,3,1,0,1,0,1,0,0,0,0,1,1
2021,10,15,5,5,7,0,0,1,0,0,0,0,0,0,1,0
2020,6,16,3,5,2,0,1,1,0,0,0,0,0,0,1,0
2019,3,13,1,3,6,0,1,1,0,0,0,0,0,0,0,0
2020,3,11,5,1,7,0,0,1,0,0,0,0,0,1,1,0
2019,4,8,2,2,6,0,0,1,0,0,0,0,1,0,0,0
2021,7,8,4,3,6,0,0,1,0,0,1,0,1,0,1,0
2019,9,18,5,5,3,2,1,1,0,0,0,0,0,0,0,0
2019,7,21,5,3,6,2,0,1,0,0,0,0,0,0,0,0
2018,5,17,7,5,3,0,1,1,0,0,0,0,0,0,0,0
2020,8,12,3,0,3,0,0,1,0,0,0,1,0,0,1,0
2020,3,5,2,5,3,2,0,1,0,1,0,0,0,1,1,1
2019,10,14,3,6,2,0,0,1,1,0,0,0,0,0,0,0
2021,4,14,6,2,6,0,0,1,0,0,0,0,0,1,2,0
2019,6,11,1,2,2,0,1,1,0,0,0,0,0,0,0,0
2020,5,7,6,5,2,0,1,1,0,0,0,0,0,1,1,0
2020,9,17,4,1,5,0,0,1,0,0,0,1,0,0,1,0
2018,9,13,7,6,4,0,0,0,1,0,0,1,0,0,0,0
2018,7,20,7,0,6,1,0,1,0,1,0,0,1,0,0,0
2020,8,7,5,6,7,0,0,0,1,0,0,1,0,0,1,0
2018,11,19,3,0,6,2,0,0,0,0,0,1,0,0,0,0
2018,9,9,5,3,6,0,0,0,0,1,1,0,1,0,0,0
2021,9,17,7,2,6,0,0,1,0,0,0,0,0,0,1,0
2020,11,17,5,6,4,1,0,1,1,0,0,0,1,1,2,0
2020,7,21,6,0,4,2,0,0,1,1,0,0,0,0,1,1
2021,3,15,2,2,7,0,1,1,0,0,0,0,0,0,2,0
2020,10,17,5,6,4,1,0,0,1,0,0,1,1,1,1,0
2021,10,12,5,5,2,0,1,1,0,0,0,0,0,0,1,0
2020,6,16,3,5,5,0,0,1,0,0,0,0,0,0,1,0
2018,2,18,4,0,5,2,0,1,0,1,0,0,1,0,0,0
2020,6,6,2,3,6,0,0,1,0,0,0,1,0,0,1,0
2019,9,10,4,5,2,0,1,0,0,0,0,1,0,0,0,1
2019,4,12,5,6,4,0,0,1,1,0,0,0,0,0,0,0
2019,4,14,2,4,1,0,0,1,0,0,0,0,0,0,0,1
2020,8,19,4,5,2,0,1,1,0,0,0,0,0,0,1,0
2019,10,19,5,6,4,2,1,0,1,0,0,0,0,0,0,0
2018,10,13,7,6,2,0,0,1,1,0,0,0,0,0,0,0
2020,9,8,2,2,2,0,0,1,0,0,0,0,0,0,1,0
2019,8,14,1,5,3,0,0,1,0,0,0,0,0,0,0,0
2020,2,15,6,5,3,0,1,1,0,0,0,0,0,0,0,0
2019,3,17,3,5,3,0,0,1,0,0,0,0,1,0,0,1
2020,6,18,4,5,2,0,1,1,0,0,0,0,0,0,1,0
2021,11,13,7,5,3,0,1,1,0,0,0,0,0,0,2,0
2021,8,3,1,5,3,2,0,1,0,0,0,1,0,0,1,0
2019,8,11,6,0,6,0,0,1,0,0,0,0,0,0,0,0
2019,11,19,7,0,1,2,0,0,0,1,0,0,0,0,0,0
2020,1,15,2,5,3,0,0,1,0,0,0,0,1,0,0,1
2019,12,17,2,4,5,0,0,1,0,0,0,1,0,0,0,0
2019,5,9,5,5,3,0,0,1,0,0,0,0,1,0,0,0
2018,7,10,6,5,2,0,1,1,0,0,0,0,0,0,0,0
2018,7,16,4,6,2,0,0,1,1,0,0,0,0,0,0,0
2021,8,14,7,0,7,0,1,0,0,0,0,0,0,0,1,1
2021,2,18,5,5,3,2,1,1,0,0,0,0,1,1,2,0
2018,7,20,3,0,2,1,0,1,0,1,0,0,0,0,0,0
2019,10,8,4,0,7,0,0,1,0,0,0,1,1,0,0,0
2020,2,16,1,0,7,0,0,1,0,0,0,1,0,0,0,0
2019,8,15,4,3,6,0,1,1,0,0,0,0,0,0,0,0
2018,1,14,1,5,3,0,0,1,0,0,0,0,0,0,0,0
2018,8,16,3,2,6,0,0,1,0,0,0,0,0,0,0,0
2019,7,20,3,0,7,0,0,1,0,0,0,0,0,0,0,0
2018,5,10,2,0,3,0,0,1,0,1,0,0,0,0,0,0
2018,3,14,6,2,6,0,0,1,0,0,0,1,0,0,0,0
2020,9,13,7,6,4,0,0,1,1,0,0,0,1,0,1,0
2018,1,20,5,5,3,2,0,1,0,0,0,0,1,0,0,0
2019,12,16,2,5,3,2,0,1,0,0,0,1,1,0,0,0
2020,4,12,5,5,2,0,1,1,0,0,0,0,0,1,2,0
2019,9,17,6,2,2,0,0,1,0,0,0,0,0,0,0,0
2019,6,1,5,5,2,2,1,1,0,0,0,0,1,0,0,0
2021,7,15,6,5,3,0,1,1,0,0,0,0,0,0,1,0
2019,10,22,3,3,6,2,0,1,0,1,0,0,0,0,0,0
2020,8,9,4,5,2,0,1,1,0,0,0,0,0,0,1,0
2021,9,17,1,2,6,0,1,1,0,0,0,0,0,0,1,0
2020,8,9,3,0,7,0,1,0,0,0,0,0,1,0,1,0
2021,12,13,5,5,3,0,1,1,0,0,0,0,0,1,2,0
2019,9,10,2,9,7,0,0,1,0,0,0,0,0,0,0,1
2021,11,12,5,2,7,0,0,1,0,0,0,0,0,0,2,0
2021,11,22,3,6,4,2,0,0,1,0,0,1,1,0,2,0
2018,4,16,5,5,3,0,0,1,0,0,0,0,0,0,0,0
2019,8,14,3,5,3,0,0,1,0,1,0,0,0,0,0,0
2018,5,15,4,5,2,0,1,1,0,0,0,0,0,0,0,0
2018,6,12,4,5,3,0,0,1,0,0,0,0,0,0,0,0
2019,8,17,7,2,2,0,0,1,0,0,0,0,0,0,0,0
2019,11,7,3,5,2,0,1,0,0,0,0,1,0,0,0,0
2021,8,16,3,5,7,0,1,1,0,0,0,0,0,0,1,0
2018,12,8,4,5,3,0,1,1,0,0,0,0,1,0,0,0
2019,2,18,6,6,4,1,0,1,1,0,0,0,0,0,0,0
2018,7,0,6,0,7,2,1,0,0,0,0,0,0,0,0,0
2020,2,14,2,2,6,0,0,1,0,0,0,0,1,0,0,0
2018,11,18,7,1,1,2,0,1,0,0,0,0,0,0,0,0
2021,3,16,3,2,6,1,0,1,0,0,0,0,0,0,2,0
2018,12,9,2,5,2,0,1,0,0,0,0,1,0,0,0,0
2020,4,15,2,1,5,0,0,1,0,0,0,0,0,1,2,0
2018,10,17,2,5,2,0,1,1,0,0,0,0,0,0,0,0
2019,9,18,4,0,1,0,1,1,0,0,0,0,0,0,0,0
2021,6,7,4,5,3,0,1,0,0,1,0,0,0,0,1,0
2018,7,14,6,3,6,0,0,1,0,1,0,0,0,0,0,0
2020,4,12,1,5,2,0,0,1,0,0,0,0,0,1,2,0
2020,7,13,4,6,7,0,0,0,1,0,0,1,0,0,1,0
2020,6,12,7,3,6,0,1,1,0,0,0,0,0,0,1,0
2020,12,19,4,5,3,2,1,1,0,0,0,0,1,1,2,0
2018,3,15,6,3,2,0,1,0,0,0,0,1,0,0,0,0
2019,8,22,1,5,2,2,1,1,0,0,0,0,0,0,0,0
2018,8,7,5,5,2,0,1,0,0,0,0,1,0,0,0,0
2019,9,14,4,5,3,0,1,1,0,0,0,0,0,0,0,0
2019,12,13,4,2,6,0,0,1,0,0,1,1,0,0,0,0
2019,5,8,5,5,2,0,0,1,0,1,0,0,1,0,0,1
2020,8,3,7,9,1,2,0,1,0,0,0,0,0,0,1,0
2018,6,20,7,5,7,1,1,1,0,0,0,0,0,0,0,0
2020,11,17,3,4,6,2,1,0,0,0,0,0,1,1,2,0
2019,7,19,4,2,7,0,0,1,0,0,0,0,0,0,0,1
2021,12,11,1,6,7,0,0,1,1,0,0,0,0,1,2,0
2021,11,7,4,5,2,0,1,1,0,0,0,0,1,0,2,0
2021,7,18,2,5,7,0,1,1,0,0,0,0,0,0,1,1
2021,4,15,2,4,6,0,1,1,0,0,0,0,0,1,2,0
2018,4,20,1,0,7,1,1,1,0,0,0,0,0,0,0,0
2018,3,14,1,6,4,0,1,0,1,0,0,0,0,0,0,0
2018,7,15,5,5,2,0,1,1,0,0,0,0,0,0,0,0
2021,1,14,4,6,4,0,1,0,1,0,0,0,0,1,2,1
2018,8,15,2,4,5,0,1,0,0,0,0,1,0,0,0,0
2020,5,16,1,6,4,0,0,1,1,0,0,0,0,1,1,1
2019,7,3,3,5,3,2,1,1,0,0,0,0,0,0,0,0
2020,5,14,5,6,4,0,0,1,1,0,0,0,0,1,1,0
2020,7,1,7,0,1,2,1,0,0,0,0,0,0,0,1,1
2018,10,20,2,2,6,2,0,1,0,0,0,0,0,0,0,0
2019,3,23,6,5,7,2,1,1,0,0,0,0,0,0,0,0
2019,11,5,6,6,4,2,0,0,1,0,0,1,0,0,0,1
2020,8,11,4,5,3,0,1,0,0,0,0,1,0,0,1,0
2020,12,10,4,0,1,0,1,0,0,0,0,0,1,1,2,0
2018,9,8,6,5,2,0,1,1,0,0,0,0,0,0,0,1
2019,7,15,7,5,3,0,0,1,0,0,0,0,0,0,0,0
2018,8,8,6,5,3,0,1,1,0,0,0,0,0,0,0,0
2018,10,11,3,0,1,0,0,0,0,1,0,0,1,0,0,0
2020,3,18,2,6,7,1,1,0,1,0,0,0,0,1,1,0
2021,8,18,6,0,1,0,1,0,0,0,0,0,1,0,1,0
2020,8,10,3,5,3,0,0,1,0,0,0,0,0,0,1,0
2020,10,13,4,0,1,0,1,0,0,0,0,0,1,1,1,1
2019,12,16,2,1,5,2,1,1,0,0,0,0,1,0,0,0
2019,2,15,2,2,6,0,0,1,0,0,0,1,0,0,0,0
2018,8,10,7,9,1,0,0,0,0,1,0,0,1,0,0,0
2020,8,18,1,3,6,0,1,1,0,0,0,0,0,0,1,0
2020,5,17,3,2,6,0,1,1,0,0,0,0,1,1,1,0
2020,4,17,5,5,2,0,1,1,0,0,0,0,0,1,2,0
2018,11,13,3,2,6,0,0,1,0,0,0,0,1,0,0,0
2019,9,17,4,5,3,0,0,1,0,0,0,0,0,0,0,0
2020,9,13,2,6,4,0,0,0,1,0,0,1,0,0,1,1
2021,11,19,7,6,2,2,0,1,1,0,0,0,1,0,2,1
2020,6,10,7,1,5,0,0,1,0,0,0,0,0,0,1,0
2021,7,15,3,2,6,0,1,1,0,0,0,0,0,0,1,0
2019,6,8,3,5,2,0,1,1,0,0,0,0,0,0,0,0
2020,9,17,2,5,2,0,1,1,0,0,0,0,0,0,1,1
2020,4,18,3,5,3,0,1,1,0,0,0,0,0,1,2,0
2020,1,17,1,1,5,1,1,1,0,0,0,0,0,0,0,0
2018,4,18,5,5,3,0,0,1,0,0,0,0,1,0,0,0
2020,2,23,6,6,4,2,0,1,1,0,0,0,1,0,0,0
2018,8,13,5,5,3,0,0,1,0,1,0,0,0,0,0,0
2020,2,18,4,6,2,2,0,1,1,0,0,0,1,0,0,0
2020,3,13,6,5,3,0,1,1,0,0,0,0,1,1,1,0
2018,6,19,5,6,4,0,0,1,1,0,0,0,0,0,0,1
2021,11,9,4,5,2,0,1,1,0,0,0,0,1,0,2,0
2020,4,11,5,5,3,0,1,0,0,0,0,1,0,1,2,0
2020,9,22,5,5,3,2,0,1,0,1,0,0,0,0,1,0
2019,3,14,4,3,6,0,0,1,0,0,1,0,0,0,0,0
2021,11,9,3,2,6,0,0,1,0,0,0,0,1,0,2,0
2018,7,23,4,4,6,2,1,1,0,0,0,0,0,0,0,0
2019,6,11,6,6,4,0,1,0,1,0,0,0,0,0,0,0
2019,12,7,3,6,2,2,0,1,1,0,0,0,1,0,0,0
2019,2,6,4,6,2,1,0,1,1,0,0,0,1,0,0,0
2021,5,1,4,1,7,2,0,1,0,0,0,0,0,1,2,0
2018,9,12,5,0,7,0,0,0,0,1,0,0,0,0,0,1
2020,7,13,2,2,6,0,0,1,0,0,1,0,0,0,1,0
2018,10,4,2,4,6,2,0,1,0,0,1,0,0,0,0,1
2019,5,14,6,6,4,0,0,1,1,0,0,0,0,0,0,1
2019,8,17,6,1,5,0,1,0,0,0,0,1,0,0,0,0
2019,10,22,7,0,1,2,0,0,0,0,0,1,0,0,0,0
2019,8,5,2,0,3,1,0,1,0,1,0,0,0,0,0,0
2020,6,16,3,3,6,0,1,1,0,0,0,0,0,0,1,0
2018,9,10,5,5,3,0,0,1,0,0,0,0,1,0,0,0
2019,10,17,2,5,3,2,0,1,0,0,0,0,1,0,0,0
2019,11,19,1,6,4,2,0,1,1,0,0,0,0,0,0,1
2021,11,18,2,0,3,2,0,1,0,1,0,0,1,0,2,0
2021,7,15,5,0,7,0,1,0,0,0,0,0,0,0,1,0
2020,8,11,4,6,4,0,0,1,1,0,0,0,1,0,1,1
2020,2,21,5,5,3,2,1,1,0,0,0,0,1,0,0,0
2018,1,11,2,6,4,0,0,1,1,0,0,0,0,0,0,0
2018,2,11,6,5,3,0,0,1,0,0,0,0,0,0,0,0
2019,12,16,1,5,3,2,0,1,0,0,0,0,1,0,0,0
2020,9,17,2,2,6,0,0,1,0,0,0,0,0,0,1,0
2020,7,11,7,5,2,0,1,1,0,0,0,0,0,0,1,0
2020,6,11,6,1,5,0,0,1,0,0,0,0,0,0,1,0
2019,10,22,4,5,3,2,0,1,0,0,0,1,1,0,0,0
2019,3,20,5,6,4,2,0,1,1,0,0,0,0,0,0,0
2019,3,10,3,6,7,0,0,1,1,0,0,0,0,0,0,0
2019,11,11,7,0,2,0,1,1,0,0,0,0,1,0,0,0
2018,9,13,6,2,6,0,0,1,0,1,0,0,0,0,0,0
2018,7,8,2,2,6,0,1,1,0,0,0,0,0,0,0,0
2018,7,13,7,0,2,0,0,1,0,1,0,0,0,0,0,0
2021,8,6,7,8,1,0,0,0,0,0,0,1,0,0,1,0
2018,12,19,1,1,5,2,0,1,0,0,0,1,1,0,0,0
2019,1,8,3,5,2,0,1,0,0,0,0,1,1,0,0,0
2019,11,17,1,6,4,2,0,1,1,0,0,0,1,0,0,0
2020,7,14,4,3,1,0,0,1,0,0,1,0,0,0,1,0
2020,11,10,7,5,2,0,0,1,0,0,0,1,0,1,2,0
2018,7,18,7,5,2,0,0,1,0,1,0,0,0,0,0,0
2019,7,17,3,0,1,0,1,1,0,0,0,0,0,0,0,0
2018,11,9,5,2,6,0,0,1,0,0,0,0,0,0,0,0
2020,2,5,4,6,2,2,0,1,1,0,0,0,1,0,0,0
2021,9,16,6,0,1,0,0,1,0,0,0,0,1,0,1,0
2018,5,8,2,5,3,0,1,0,0,0,0,1,0,0,0,0
2018,9,18,5,4,6,0,1,0,0,0,0,0,0,0,0,0
2020,8,9,3,5,3,0,0,1,0,0,0,0,1,0,1,0
2019,9,14,4,5,2,0,1,1,0,0,0,0,0,0,0,0
2019,5,14,3,5,3,0,0,1,0,1,0,0,0,0,0,0
2019,6,12,2,1,5,0,1,0,0,0,0,1,0,0,0,0
2019,12,16,6,1,5,2,1,1,0,0,0,0,1,0,0,0
2021,9,23,5,0,1,2,1,0,0,0,0,0,0,0,1,0
2021,8,13,3,2,6,0,0,1,0,1,0,0,1,0,1,0
2020,12,20,7,1,5,2,1,1,0,0,0,0,0,1,2,0
2018,4,13,4,5,2,0,0,1,0,0,0,1,0,0,0,0
2020,11,12,2,5,7,0,0,1,0,0,0,0,1,1,2,0
2021,8,21,1,8,1,2,0,1,0,0,0,0,0,0,1,0
2018,1,12,2,5,3,0,1,0,0,0,0,1,0,0,0,0
2020,11,15,6,6,4,0,0,1,1,0,0,0,1,1,2,1
2021,7,14,4,0,2,0,0,1,0,0,0,1,0,0,1,1
2021,12,7,3,1,5,1,1,1,0,0,0,0,1,1,2,0
2020,7,12,2,5,7,0,1,1,0,0,0,0,0,0,1,0
2020,8,16,2,0,1,0,0,0,0,1,0,0,1,0,1,0
2021,8,15,2,2,6,0,0,1,0,1,0,0,0,0,1,0
2018,6,15,6,0,6,0,0,1,0,1,0,0,0,0,0,0
2018,10,15,7,5,3,0,0,1,0,0,0,0,0,0,0,0
2019,2,14,6,2,6,0,0,1,0,0,0,0,0,0,0,0
2020,1,14,1,5,2,0,1,1,0,0,0,0,0,0,0,0
2018,5,8,6,5,3,0,1,1,0,0,0,0,0,0,0,1
2021,3,11,5,5,2,0,1,1,0,0,0,0,0,0,2,0
2021,9,13,5,2,6,0,0,1,0,0,0,0,0,0,1,0
2021,1,6,5,4,6,2,0,1,0,0,1,0,1,1,2,1
2020,6,19,5,5,3,0,1,1,0,0,0,0,0,0,1,0
2021,6,7,3,5,5,0,0,1,0,1,0,0,0,0,1,0
2020,9,18,3,2,6,0,1,1,0,0,0,0,0,0,1,0
2019,12,8,3,0,1,0,1,0,0,0,0,0,2,0,0,0
2018,4,9,5,3,6,0,1,1,0,0,0,0,0,0,0,0
2021,7,17,5,4,6,0,0,1,0,0,0,0,0,0,1,0
2020,6,13,2,0,1,0,1,0,0,0,0,0,0,0,1,0
2019,6,9,7,5,2,0,1,0,0,0,1,0,0,0,0,1
2021,3,8,7,5,2,0,1,1,0,0,0,0,1,0,2,0
2018,6,13,4,0,2,0,0,1,0,0,0,1,0,0,0,0
2018,12,19,5,0,1,2,0,0,0,1,0,0,1,0,0,0
2019,1,15,2,4,6,0,0,1,0,0,0,0,1,0,0,0
2019,8,14,7,2,6,0,0,1,0,1,0,0,0,0,0,0
2019,5,9,2,0,5,0,0,1,0,0,0,1,0,0,0,1
2019,10,14,7,5,3,0,0,1,0,0,0,0,0,0,0,0
2018,7,7,4,2,6,0,0,1,0,0,0,0,0,0,0,0
2021,8,12,1,2,6,0,0,1,0,0,0,0,0,0,1,0
2018,8,9,4,5,2,0,0,1,0,0,0,0,0,0,0,0
2021,8,19,2,8,1,0,0,1,0,0,0,0,0,0,1,0
2020,6,22,2,5,3,2,1,0,0,1,0,0,0,0,1,1
2021,12,10,4,3,6,0,0,1,0,0,0,1,1,1,2,0
2018,3,13,3,2,6,0,0,1,0,0,0,1,1,0,0,0
2020,12,19,5,5,2,2,1,1,0,0,0,0,0,1,2,0
2018,6,9,6,5,2,0,1,1,0,0,0,0,0,0,0,0
2021,9,14,4,3,6,0,0,1,0,0,1,0,0,0,1,0
2020,10,8,4,5,2,0,1,1,0,0,0,0,0,1,1,0
2020,7,15,3,2,6,0,0,1,0,0,0,0,0,0,1,0
2021,6,19,5,5,2,0,1,1,0,0,0,0,0,0,1,0
2019,12,20,1,2,6,2,0,1,0,0,0,1,1,0,0,0
2019,11,14,5,0,7,0,0,1,0,0,0,0,1,0,0,1
2020,8,11,5,2,6,0,0,1,0,0,0,0,0,0,1,0
2020,1,15,4,2,6,0,0,1,0,0,0,1,1,0,0,0
2018,5,17,6,5,3,0,0,1,0,0,0,0,0,0,0,0
2019,5,9,4,2,6,0,0,1,0,0,0,0,0,0,0,1
2019,10,15,2,2,6,0,0,1,0,0,0,0,0,0,0,0
2018,11,8,3,5,2,0,1,0,0,0,0,1,0,0,0,0
2018,6,21,1,5,2,1,0,1,0,0,0,0,0,0,0,0
2021,10,6,6,2,6,1,0,1,0,1,0,0,0,0,1,0
2020,7,11,2,6,4,0,1,0,1,0,0,0,0,0,1,1
2021,2,18,6,0,7,2,0,1,0,0,0,0,0,1,2,0
2020,11,18,6,5,3,2,1,1,0,0,0,0,0,1,2,0
2018,4,15,3,2,6,0,0,1,0,0,0,0,0,0,0,0
2018,7,18,5,4,6,0,0,1,0,0,0,0,0,0,0,0
2021,2,16,5,6,7,0,0,1,1,0,0,0,0,1,2,0
2019,5,13,1,5,3,0,1,1,0,0,0,0,0,0,0,1
2018,8,18,6,5,3,0,1,1,0,0,0,0,0,0,0,0
2019,9,8,5,0,2,0,1,1,0,0,0,0,0,0,0,0
2020,8,0,3,5,3,2,0,0,0,1,0,1,0,0,1,0
2018,5,11,5,5,2,0,1,1,0,0,0,0,0,0,0,0
2021,10,15,6,6,7,0,0,0,1,0,0,1,0,0,1,0
2018,1,3,3,9,1,2,0,0,0,0,0,1,1,0,0,0
2019,6,19,3,5,2,0,1,1,0,0,0,0,0,0,0,0
2019,6,19,3,0,4,1,0,0,1,0,0,1,0,0,0,0
2020,2,12,3,5,3,0,1,1,0,0,0,0,1,0,0,0
2018,4,15,4,1,5,0,0,1,0,0,0,0,0,0,0,0
2021,5,18,6,5,2,0,0,1,0,0,0,1,0,1,2,0
2019,5,13,6,0,3,0,0,1,0,0,0,1,0,0,0,1
2019,5,11,5,2,6,0,0,1,0,0,0,0,0,0,0,1
2020,8,7,4,6,7,0,0,1,1,0,0,0,0,0,1,0
2021,1,22,5,2,6,2,0,1,0,0,0,0,1,1,2,1
2018,12,7,4,6,4,1,0,1,1,0,0,0,1,0,0,1
2021,9,15,2,5,2,0,1,1,0,0,0,0,0,0,1,0
2018,10,8,6,5,2,0,1,1,0,0,0,1,0,0,0,0
2020,12,13,7,5,3,0,1,0,0,0,0,0,0,1,2,0
2020,6,17,7,0,1,0,1,0,0,0,0,0,0,0,1,0
2018,9,15,7,5,2,0,1,1,0,0,0,0,0,0,0,0
2018,3,15,1,1,5,0,1,1,0,0,0,0,0,0,0,0
2021,7,17,6,2,1,0,0,1,0,0,0,0,0,0,1,0
2020,10,12,5,5,3,0,1,1,0,0,0,0,0,1,1,0
2019,8,9,7,2,6,0,0,1,0,0,0,0,0,0,0,0
2021,5,16,1,2,6,0,0,1,0,1,0,0,0,1,2,1
2021,6,10,7,0,1,0,1,0,0,0,0,0,0,0,1,0
2018,9,13,5,2,7,0,0,1,0,1,0,0,0,0,0,1
2020,5,10,5,0,1,0,0,0,0,1,0,0,0,1,1,0
2021,6,19,4,0,5,0,1,1,0,0,0,0,0,0,1,0
2020,8,11,2,5,2,0,1,1,0,0,0,0,0,0,1,0
2019,10,9,1,5,3,0,1,1,0,0,0,0,0,0,0,0
2020,9,13,4,6,4,0,0,1,1,0,0,0,1,0,1,0
2018,12,6,4,0,1,2,0,0,0,1,0,0,2,0,0,0
2018,5,20,7,1,5,1,1,1,0,0,0,0,0,0,0,0
2018,3,9,5,2,6,0,0,1,0,0,0,1,1,0,0,0
2020,6,10,5,6,2,0,0,1,1,0,0,0,0,0,1,0
2020,10,17,5,2,6,1,0,1,0,0,0,0,1,1,1,0
2021,1,1,1,6,4,2,0,1,1,0,0,0,0,1,2,0
2020,4,17,4,3,6,0,1,0,0,0,0,1,0,1,2,0
2021,10,8,4,5,2,0,1,1,0,0,0,0,0,0,1,0