UJAHR,UMONAT,USTUNDE,UWOCHENTAG,UART,UTYP1,ULICHTVERH,IstRad,IstPKW,IstFuss,IstKrad,IstGkfz,IstSonstige,USTRZUSTAND,LOCKDOWN,COVID,UKATEGORIE
2020,4,12,5,0,1,0,1,0,0,0,0,0,0,1,2,0
2019,7,15,6,2,6,0,0,1,0,0,0,0,0,0,0,0
2020,9,18,3,0,1,0,1,1,0,0,0,0,0,0,1,0
2019,2,13,7,6,7,0,0,1,1,0,0,0,0,0,0,1
2019,10,19,4,6,2,2,0,1,1,0,0,0,0,0,0,0
2018,1,16,5,2,6,0,0,1,0,0,0,1,1,0,0,0
2019,5,10,3,1,5,0,1,0,0,0,0,1,0,0,0,1
2019,7,6,5,5,2,0,0,1,0,0,0,0,0,0,0,0
2019,7,11,5,3,2,0,0,1,0,0,0,0,0,0,0,0
2018,4,20,2,5,2,1,1,1,0,0,0,0,0,0,0,0
2018,10,9,2,4,2,0,1,1,0,0,0,0,0,0,0,0
2018,2,23,5,5,2,2,0,1,0,0,0,0,0,0,0,1
2020,2,22,5,5,3,2,1,1,0,0,0,0,1,0,0,0
2021,6,12,2,5,2,0,0,1,0,0,0,0,0,0,1,0
2018,11,1,4,6,2,2,0,1,1,0,0,0,0,0,0,0
2019,3,18,2,6,2,1,0,1,1,0,0,0,0,0,0,0
2020,1,15,2,1,5,1,1,1,0,0,0,0,1,0,0,0
2018,8,19,6,5,2,0,0,1,0,1,0,0,0,0,0,1
2018,5,17,4,5,2,0,1,1,0,0,0,0,0,0,0,1
2018,6,18,6,2,6,0,0,1,0,0,0,1,0,0,0,0
2019,10,16,5,5,2,0,0,1,0,0,0,0,0,0,0,0
2019,6,18,3,5,2,0,0,1,0,1,0,0,0,0,0,1
2021,7,7,3,3,6,0,1,1,0,0,0,0,0,0,1,0
2018,5,16,3,0,6,0,0,1,0,0,0,1,0,0,0,1
2021,2,15,6,1,5,0,0,1,0,0,0,0,1,1,2,0
2018,2,19,3,6,2,2,0,1,1,0,0,0,0,0,0,1
2021,8,8,2,3,6,0,0,1,0,0,1,0,1,0,1,0
2020,5,12,3,3,6,0,0,1,0,1,0,0,0,1,1,0
2019,6,10,7,5,3,0,0,1,0,0,1,0,0,0,0,0
2021,7,20,6,5,3,0,1,1,0,0,0,0,0,0,1,0
2020,10,17,3,5,3,0,0,1,0,0,0,1,0,1,1,0
2019,8,17,2,5,3,0,1,0,0,0,0,0,0,0,0,0
2018,12,18,6,3,6,2,1,1,0,0,0,0,1,0,0,0
2020,8,12,7,2,6,0,0,1,0,0,0,0,0,0,1,0
2019,5,16,1,0,1,0,0,0,0,1,0,0,1,0,0,0
2019,4,16,5,0,4,0,1,0,1,0,0,0,0,0,0,0
2020,8,18,5,5,3,0,0,1,0,0,0,0,0,0,1,0
2018,7,14,4,3,6,0,0,1,0,1,0,0,0,0,0,0
2019,3,23,6,5,3,2,1,1,0,0,0,0,0,0,0,0
2021,7,15,6,5,3,0,1,0,0,1,0,0,0,0,1,1
2018,10,6,3,5,3,2,1,1,0,0,0,0,0,0,0,0
2021,6,7,4,1,5,0,0,1,1,0,1,0,0,0,1,0
2018,11,8,6,5,3,0,0,1,0,0,0,0,1,0,0,0
2021,4,9,4,0,7,0,1,0,0,0,0,0,0,1,2,1
2019,10,15,5,9,1,0,0,0,0,1,0,0,0,0,0,1
2020,5,7,2,5,3,0,1,1,0,0,0,0,1,1,1,0
2021,6,21,6,0,3,0,1,1,0,0,0,0,0,0,1,0
2021,7,15,2,4,6,0,1,0,0,0,0,0,0,0,1,0
2018,8,12,4,5,3,0,1,1,0,0,0,0,0,0,0,0
2020,8,12,3,0,1,0,1,0,0,0,0,0,0,0,1,0
2020,5,9,5,1,5,0,0,1,0,0,0,0,0,1,1,0
2019,6,20,2,3,6,0,0,1,0,0,0,0,0,0,0,0
2018,10,12,3,2,6,0,0,1,0,0,0,0,0,0,0,0
2019,9,14,1,5,3,0,0,1,0,0,0,1,1,0,0,0
2021,6,7,6,6,4,0,0,1,1,0,0,0,0,0,1,0
2020,7,16,4,1,5,0,0,1,0,0,0,1,0,0,1,0
2019,5,14,1,0,7,0,0,1,0,1,0,0,0,0,0,0
2019,3,0,3,5,3,2,0,1,0,0,0,0,1,0,0,0
2018,1,22,6,2,6,2,0,1,0,0,1,0,0,0,0,0
2019,4,20,6,3,6,1,0,1,0,0,0,0,0,0,0,0
2018,4,14,5,0,3,0,0,1,0,0,0,1,0,0,0,0
2019,4,16,2,6,4,0,1,0,1,0,0,0,0,0,0,1
2019,12,16,6,5,3,2,0,1,0,0,0,1,1,0,0,0
2021,9,0,7,8,1,2,0,0,0,1,0,0,0,0,1,1
2019,3,12,5,5,2,0,1,1,0,0,0,0,0,0,0,0
2021,6,11,6,5,2,0,0,1,0,0,0,0,0,0,1,0
2019,4,18,3,5,3,0,0,1,0,0,0,0,0,0,0,0
2018,5,20,5,0,7,0,1,0,0,0,0,0,0,0,0,1
2021,5,13,6,0,2,0,0,1,0,1,0,0,1,1,2,0
2020,6,14,2,2,6,0,0,1,0,0,0,0,0,0,1,0
2021,6,15,6,5,3,0,1,1,0,0,0,0,0,0,1,0
2021,1,16,6,1,5,2,1,1,0,0,0,0,1,1,2,0
2021,8,19,4,2,6,0,0,1,0,0,0,1,0,0,1,0
2018,6,12,6,0,5,0,1,0,0,0,0,1,0,0,0,0
2019,9,16,3,5,7,0,0,1,0,0,0,1,0,0,0,1
2020,1,12,5,3,6,0,0,1,0,1,0,0,0,0,0,0
2021,8,13,7,5,3,0,0,1,0,0,0,1,0,0,1,0
2021,3,15,1,6,7,0,0,1,1,0,0,0,0,0,2,0
2018,6,8,6,5,2,0,1,1,0,0,0,0,0,0,0,0
2019,3,16,2,0,6,0,0,1,0,1,0,0,1,0,0,0
2018,1,10,4,2,6,0,0,1,0,0,0,0,0,0,0,0
2018,10,11,4,5,3,0,0,1,0,0,0,1,1,0,0,0
2019,4,15,3,5,3,0,1,0,0,0,0,1,0,0,0,0
2018,10,17,6,3,6,1,1,0,0,0,0,0,0,0,0,0
2020,9,15,1,2,6,0,0,1,0,0,0,0,0,0,1,0
2021,6,13,5,5,3,0,1,0,0,0,1,0,0,0,1,0
2021,8,12,6,5,3,0,1,1,0,0,0,0,0,0,1,0
2018,5,6,3,5,3,0,0,1,0,1,0,0,0,0,0,0
2019,9,19,2,5,3,2,0,1,0,0,1,0,1,0,0,0
2021,7,17,2,1,5,0,1,1,0,0,0,0,0,0,1,0
2018,7,14,1,0,3,0,0,0,0,1,0,1,0,0,0,0
2019,10,19,6,5,3,2,0,1,0,0,0,0,1,0,0,0
2018,3,20,2,5,2,2,0,1,0,0,0,0,0,0,0,0
2018,2,8,5,5,2,0,0,1,0,0,0,0,0,0,0,0
2018,9,13,4,5,3,0,1,1,0,0,0,0,0,0,0,0
2018,8,15,4,6,7,0,1,0,0,0,0,1,0,0,0,0
2018,1,7,4,6,2,1,0,1,1,0,0,0,1,0,0,1
2019,10,9,2,5,2,0,0,1,0,1,0,0,0,0,0,0
2020,9,13,4,5,3,0,1,1,0,0,0,0,0,0,1,0
2021,12,8,5,6,2,0,0,0,1,0,0,1,1,1,2,0
2020,10,6,7,5,3,2,0,1,0,0,0,0,1,1,1,0
2018,9,8,4,5,3,0,1,1,0,0,0,0,0,0,0,0
2019,1,16,4,6,4,0,1,0,1,0,0,0,0,0,0,0
2020,12,13,6,5,3,0,0,1,0,0,0,0,1,1,2,0
2020,12,14,2,5,3,0,1,1,0,0,0,0,1,1,2,0
2020,10,7,4,6,2,0,0,1,1,0,0,0,1,1,1,0
2020,5,12,6,6,4,0,0,1,1,0,0,0,0,1,1,0
2019,12,16,1,6,7,2,0,1,1,0,0,0,0,0,0,0
2019,12,16,6,0,1,0,1,0,0,0,0,0,0,0,0,0
2018,5,15,5,3,6,0,0,1,0,0,1,0,0,0,0,0
2021,12,18,5,1,5,2,1,1,0,0,0,0,1,1,2,0
2019,5,16,6,2,2,0,0,0,0,1,0,1,0,0,0,0
2018,7,16,4,3,6,0,1,1,0,0,0,0,0,0,0,0
2018,1,6,6,5,5,2,0,1,0,1,0,0,1,0,0,0
2018,5,12,5,2,6,0,0,1,0,0,0,1,0,0,0,0
2021,5,1,5,5,2,2,0,1,0,1,0,0,0,1,2,0
2020,6,10,2,5,2,0,0,1,0,0,0,0,0,0,1,0
2018,9,8,3,1,5,0,0,1,0,0,0,0,0,0,0,0
2021,6,16,5,2,6,0,0,1,0,0,0,0,0,0,1,0
2018,9,16,3,5,3,0,0,1,0,1,0,0,0,0,0,0
2021,11,10,6,0,7,0,1,0,0,0,0,0,0,0,2,1
2019,8,15,3,5,2,0,1,1,0,0,0,0,1,0,0,0
2019,12,15,6,5,3,0,0,1,0,0,0,1,0,0,0,0
2020,5,12,6,0,5,0,0,0,0,0,0,1,0,1,1,1
2021,7,10,4,5,2,0,0,1,0,1,0,0,0,0,1,1
2018,6,9,2,5,3,0,1,1,0,0,0,0,0,0,0,0
2019,1,9,5,6,4,0,0,1,1,0,0,0,0,0,0,0
2020,12,21,3,1,7,2,0,1,0,0,0,0,1,1,2,0
2018,10,17,7,1,5,1,1,1,0,0,0,1,0,0,0,0
2021,3,10,6,5,2,0,1,0,0,0,0,1,1,0,2,0
2021,10,17,5,2,7,1,0,0,0,1,0,1,0,0,1,0
2019,10,15,4,2,6,0,0,1,0,0,0,0,0,0,0,0
2020,4,19,3,5,2,0,1,1,0,0,0,0,0,1,2,0
2021,1,14,2,5,2,0,1,1,0,0,0,0,1,1,2,1
2020,6,8,3,0,1,0,1,0,0,0,0,0,0,0,1,0
2020,7,10,3,5,3,0,0,1,0,1,0,0,0,0,1,1
2018,10,11,4,3,6,0,0,1,0,0,1,0,0,0,0,0
2020,12,17,7,0,2,2,0,1,0,1,0,0,1,1,2,0
2019,8,17,4,5,2,0,0,1,0,1,0,0,0,0,0,1
2018,5,23,2,5,3,2,0,1,0,1,0,0,0,0,0,0
2021,4,19,3,5,3,0,0,1,0,1,0,0,0,1,2,0
2021,9,10,4,6,2,0,0,0,1,0,0,1,1,0,1,0
2020,7,17,6,0,7,0,0,1,0,1,0,0,0,0,1,0
2018,11,8,6,0,2,0,1,1,0,0,0,0,0,0,0,0
2021,10,10,4,5,3,0,1,1,0,0,0,0,0,0,1,0
2020,8,10,2,5,2,0,1,0,0,0,0,1,0,0,1,0
2020,9,9,5,2,6,0,0,1,0,1,0,0,0,0,1,0
2018,7,8,5,2,2,0,1,1,0,0,0,0,0,0,0,0
2018,7,15,6,5,3,0,1,1,0,0,0,0,0,0,0,1
2018,8,10,1,6,2,0,0,1,1,0,0,0,0,0,0,0
2020,10,10,4,5,2,0,1,1,0,0,0,0,1,1,1,0
2019,6,17,1,3,6,0,1,1,0,0,0,0,0,0,0,0
2018,3,18,3,6,4,2,1,0,1,0,0,0,2,0,0,1
2018,5,12,7,1,5,0,0,1,0,1,0,0,0,0,0,0
2021,7,8,2,5,2,0,1,1,0,0,0,0,0,0,1,0
2021,6,13,6,6,4,0,0,0,1,1,0,0,0,0,1,0
2021,3,13,3,5,2,0,1,1,0,0,0,0,0,0,2,0
2019,7,14,2,3,6,0,0,1,0,0,0,0,0,0,0,1
2019,10,17,4,9,1,2,0,1,0,0,0,0,0,0,0,1
2019,5,7,2,6,2,0,0,1,1,0,0,0,0,0,0,0
2019,9,18,6,8,1,1,0,1,0,0,0,0,1,0,0,0
2018,6,17,1,0,2,0,1,1,0,0,0,0,0,0,0,0
2020,10,14,7,5,5,0,0,1,0,0,0,0,0,1,1,0
2019,4,23,4,1,5,2,1,1,0,0,0,0,0,0,0,0
2019,11,8,6,6,7,0,1,0,1,0,0,0,0,0,0,0
2021,7,14,6,0,1,0,1,1,0,0,0,0,1,0,1,0
2021,4,21,3,6,4,2,0,1,1,0,0,0,0,1,2,1
2019,3,22,2,5,2,2,1,1,0,0,0,0,1,0,0,0
2020,10,5,4,6,4,2,0,0,1,0,0,1,1,1,1,0
2019,5,17,2,2,6,0,0,1,0,1,0,0,0,0,0,1
2021,10,1,7,0,1,2,0,0,0,0,0,1,0,0,1,1
2019,12,12,3,1,5,0,1,1,0,0,0,0,0,0,0,0
2020,6,15,4,0,3,0,0,1,0,0,0,1,0,0,1,0
2019,3,22,7,5,3,2,0,1,0,0,0,0,1,0,0,0
2018,6,16,2,5,3,0,0,1,0,0,0,0,0,0,0,0
2019,2,13,7,2,6,0,0,1,0,0,0,0,0,0,0,0
2021,7,7,3,5,3,0,0,1,0,0,0,1,0,0,1,0
2018,7,14,4,2,6,0,0,1,0,0,0,0,0,0,0,0
2021,11,9,6,6,4,0,0,1,1,0,0,0,1,0,2,0
2018,7,19,6,1,5,0,1,1,0,0,0,1,0,0,0,0
2019,7,8,2,2,6,0,0,1,0,0,0,0,0,0,0,0
2018,1,15,5,6,4,0,0,1,1,0,0,0,1,0,0,0
2021,5,17,7,5,3,0,0,1,0,0,0,0,0,1,2,0
2019,4,14,3,2,6,0,0,1,0,0,0,1,0,0,0,0
2019,9,8,4,5,3,0,0,1,0,0,0,0,0,0,0,0
2021,6,7,5,5,3,0,0,1,0,0,0,0,0,0,1,0
2018,7,10,4,5,2,0,1,1,0,0,0,0,0,0,0,0
2019,8,14,3,2,6,0,0,1,0,0,0,0,0,0,0,0
2018,7,20,1,5,3,0,1,1,0,0,0,0,0,0,0,1
2020,8,7,2,0,1,0,1,0,0,0,0,0,0,0,1,1
2020,9,14,4,4,6,0,0,0,0,1,0,1,0,0,1,0
2019,7,15,1,2,6,0,0,1,0,1,0,0,0,0,0,1
2018,7,17,5,5,3,0,0,1,0,0,0,0,0,0,0,0
2021,6,12,5,3,6,0,1,0,0,0,0,1,0,0,1,0
2021,7,20,4,5,2,0,1,1,0,0,0,0,0,0,1,1
2018,7,15,5,5,2,0,1,0,0,0,0,1,0,0,0,0
2019,6,7,5,2,6,0,0,1,0,0,0,0,0,0,0,0
2018,10,18,4,3,6,1,1,0,0,0,0,1,0,0,0,0
2019,2,7,4,5,2,0,1,1,0,0,0,0,0,0,0,1
2018,5,13,2,0,6,0,0,1,0,1,0,0,0,0,0,0
2019,9,13,6,3,6,0,1,0,0,0,0,0,0,0,0,0
2018,5,18,4,5,2,0,0,1,0,1,0,0,0,0,0,0
2019,10,21,1,2,2,2,0,1,0,1,0,0,0,0,0,0
2019,7,20,3,0,1,0,1,0,0,0,0,0,0,0,0,1
2021,7,8,6,5,3,0,0,1,0,0,0,0,0,0,1,0
2020,6,17,3,3,6,0,0,0,0,0,1,1,0,0,1,0
2019,8,9,3,5,2,0,1,1,0,0,0,0,0,0,0,0
2018,5,20,5,5,2,0,0,1,0,1,0,0,0,0,0,0
2021,8,14,6,5,7,0,1,1,0,0,0,0,0,0,1,0
2019,10,14,4,3,6,0,1,1,0,0,0,0,1,0,0,0
2020,9,7,2,0,7,0,0,1,0,0,0,0,0,0,1,0
2018,6,14,7,6,4,0,0,1,1,0,0,0,0,0,0,0
2018,4,11,3,0,6,0,0,1,0,0,0,1,0,0,0,0
2021,3,14,5,5,3,0,1,1,0,0,0,0,0,0,2,0
2020,7,16,5,2,6,0,0,1,0,0,0,1,0,0,1,0
2020,9,17,7,3,6,0,1,1,0,0,0,0,0,0,1,0
2020,9,23,3,6,4,2,1,0,1,0,0,0,0,0,1,1
2020,6,8,5,5,2,0,1,1,0,0,0,0,0,0,1,0
2018,1,14,4,0,6,0,0,0,0,1,0,1,1,0,0,0
2020,2,16,4,5,2,1,1,1,0,0,0,0,0,0,0,0
2020,10,13,4,0,1,0,1,0,0,0,0,0,1,1,1,0
2021,10,15,4,6,7,0,0,1,1,0,0,0,0,0,1,0
2020,7,14,4,3,6,0,0,1,0,0,1,0,0,0,1,0
2020,10,16,1,5,3,0,0,1,0,1,0,0,0,1,1,0
2020,8,14,4,2,2,0,1,1,0,0,0,0,0,0,1,0
2018,12,11,2,5,3,0,1,1,0,0,0,0,1,0,0,1
2020,8,19,3,0,4,0,0,1,1,0,0,0,0,0,1,0
2019,2,19,5,2,6,2,0,1,0,0,0,0,0,0,0,0
2020,6,13,3,5,2,0,1,0,0,0,0,0,0,0,1,0
2019,9,6,4,5,3,0,1,0,0,1,0,0,1,0,0,0
2019,6,10,6,3,6,0,1,1,0,0,0,0,0,0,0,0
2020,8,21,6,1,5,2,0,1,0,0,0,0,0,0,1,0
2018,6,8,3,5,3,0,1,1,0,0,0,0,0,0,0,0
2018,4,15,7,2,6,0,0,0,0,1,1,0,0,0,0,0
2019,11,15,2,5,2,0,1,1,0,0,0,0,1,0,0,0
2019,9,14,2,5,2,0,1,1,0,0,0,0,0,0,0,0
2018,4,7,1,8,1,0,0,1,0,0,0,0,0,0,0,0
2019,8,14,7,5,3,0,1,1,0,0,0,0,0,0,0,0
2019,10,17,7,1,5,0,1,1,0,0,0,0,0,0,0,0
2019,7,10,4,5,2,0,0,1,0,1,0,0,0,0,0,0
2020,3,18,2,0,1,2,0,0,0,0,0,1,0,1,1,1
2018,12,21,7,6,4,2,0,1,1,0,0,0,1,0,0,0
2021,10,14,5,5,2,0,1,1,0,0,0,0,0,0,1,0
2018,2,12,6,8,1,0,0,1,0,0,0,0,0,0,0,0
2018,11,11,5,0,7,0,1,1,0,0,0,0,0,0,0,0
2021,11,10,5,5,3,0,1,1,0,0,0,0,0,0,2,0
2018,3,19,3,5,7,2,0,1,0,1,0,0,0,0,0,1
2018,8,8,4,0,1,0,0,0,0,1,0,0,0,0,0,0
2019,1,18,1,6,2,2,0,1,1,0,0,0,1,0,0,1
2021,10,1,5,1,5,2,1,1,0,0,0,0,0,0,1,0
2018,8,13,4,2,6,0,0,1,0,0,0,1,0,0,0,0
2021,11,11,7,6,4,0,0,1,1,0,0,0,0,0,2,0
2018,2,21,7,0,1,2,0,0,0,1,0,0,0,0,0,0
2018,4,18,6,5,2,0,0,1,0,1,0,0,0,0,0,1
2020,2,19,4,5,3,2,1,1,0,0,0,0,0,0,0,0
2021,3,18,2,0,2,1,1,1,0,0,0,0,0,0,2,0
2020,9,8,5,2,6,0,0,1,0,0,0,1,0,0,1,0
2021,5,20,3,2,6,0,0,0,0,1,0,0,0,1,2,1
2019,8,16,5,3,6,0,0,0,0,0,0,1,0,0,0,0
2018,10,18,6,6,4,0,0,1,1,0,0,0,0,0,0,0
2018,5,7,4,3,6,0,0,1,0,0,1,0,0,0,0,0
2021,11,21,6,6,2,2,0,1,1,0,0,0,0,0,2,0
2019,9,10,2,0,1,0,1,0,0,0,0,0,0,0,0,0
2021,12,10,3,6,2,0,0,1,1,0,0,0,0,1,2,0
2020,8,16,5,5,3,0,0,1,0,1,0,0,0,0,1,0
2019,10,6,4,1,5,2,1,1,0,0,0,0,0,0,0,0
2020,9,18,1,5,2,0,0,1,0,1,0,0,0,0,1,0
2021,2,14,3,3,6,0,1,1,0,0,0,0,1,1,2,1
2018,8,13,6,5,3,0,0,1,0,0,0,1,0,0,0,1
2020,3,7,3,3,6,1,1,1,0,0,0,0,0,1,1,0
2019,9,10,4,5,2,0,1,1,0,0,0,0,0,0,0,0
2021,7,21,5,2,6,1,0,1,0,0,0,0,0,0,1,0
2019,8,13,5,6,4,0,0,0,1,1,0,0,0,0,0,0
2020,6,9,3,5,7,0,1,1,0,0,0,0,0,0,1,0
2020,7,6,6,5,2,0,0,0,0,1,0,1,0,0,1,0
2018,10,8,7,2,6,0,0,0,0,1,0,1,0,0,0,1
2018,11,19,4,6,4,2,1,0,1,0,0,0,1,0,0,0
2018,11,9,5,8,1,0,0,1,0,0,0,0,0,0,0,0
2019,4,18,3,0,1,0,1,0,0,0,0,0,0,0,0,0
2019,2,13,7,2,6,0,0,1,0,0,0,1,0,0,0,0
2020,1,12,6,6,4,0,0,1,1,0,0,0,0,0,0,1
2021,7,22,7,2,3,2,0,1,0,0,0,0,1,0,1,0
2018,1,7,4,5,3,1,1,1,0,0,0,0,2,0,0,0
2019,1,17,5,2,6,1,0,1,0,1,0,0,1,0,0,1
2020,8,12,6,5,2,0,0,1,0,1,0,0,0,0,1,1
2021,6,8,5,1,5,0,1,1,0,0,0,0,1,0,1,0
2018,6,7,6,6,7,0,0,1,1,0,0,0,0,0,0,0
2021,10,15,6,6,7,0,1,1,1,0,0,0,0,0,1,0
2019,11,18,2,3,3,2,0,1,0,0,0,0,0,0,0,0
2021,6,14,7,2,6,0,0,1,0,0,0,0,0,0,1,0
2020,7,21,4,0,1,0,0,1,0,0,0,0,0,0,1,0
2019,12,16,2,2,6,2,1,1,0,0,0,0,1,0,0,0
2018,7,19,6,2,6,0,0,1,0,0,0,0,0,0,0,0
2020,8,14,2,3,6,0,0,1,0,1,0,0,0,0,1,0
2018,7,21,4,5,3,2,1,1,0,0,0,0,0,0,0,0
2019,10,12,6,2,2,0,0,1,0,0,0,0,0,0,0,0
2019,12,15,5,6,2,0,0,1,1,0,0,0,0,0,0,0
2021,1,11,1,5,3,0,1,1,0,0,0,0,1,1,2,0
2021,8,20,4,6,4,1,1,1,1,0,0,0,0,0,1,0
2021,5,16,2,5,3,0,0,1,0,0,0,0,0,1,2,0
2021,12,16,3,2,6,2,0,1,0,0,0,0,2,1,2,0
2020,9,7,6,5,2,0,1,1,0,0,0,0,0,0,1,0
2020,2,8,4,5,2,0,1,1,0,0,0,0,1,0,0,0
2020,6,14,6,2,2,0,0,1,0,1,0,0,0,0,1,0
2019,9,15,3,0,3,0,0,1,0,0,0,1,0,0,0,0
2019,9,19,1,5,2,2,0,1,0,0,0,1,0,0,0,0
2019,10,9,6,5,3,0,0,1,0,1,0,0,0,0,0,0
2021,10,22,3,2,6,2,0,1,0,0,0,0,0,0,1,0
2020,6,12,6,2,6,0,0,1,0,0,0,0,0,0,1,0
2020,6,13,6,2,6,0,0,0,0,0,1,0,0,0,1,0
2020,12,9,7,0,7,0,1,0,0,0,0,0,2,1,2,0
2020,9,7,3,5,3,0,1,1,0,0,0,0,0,0,1,0
2021,9,7,2,2,6,0,0,1,0,0,0,0,0,0,1,0
2019,2,17,6,1,5,1,1,1,0,0,0,0,0,0,0,0
2019,2,8,1,0,7,0,0,1,0,0,0,0,0,0,0,0
2021,10,8,6,2,2,0,0,1,0,0,0,0,0,0,1,0
2020,8,10,1,3,6,0,0,1,0,0,0,0,0,0,1,0
2020,3,14,2,3,6,0,0,1,0,0,1,0,0,1,1,0
2018,8,14,1,2,6,0,0,1,0,0,0,0,0,0,0,0
2021,7,7,6,5,3,0,0,1,0,0,0,1,1,0,1,0
2021,12,16,7,5,2,1,0,1,0,0,0,0,0,1,2,0
2020,6,1,7,0,1,2,0,1,0,0,0,0,1,0,1,0
2019,3,9,6,1,5,0,1,1,0,0,0,0,0,0,0,0
2020,1,16,5,2,6,0,0,1,0,0,0,0,0,0,0,0
2018,7,8,5,5,3,0,1,1,0,0,0,0,0,0,0,0
2021,10,19,5,1,5,2,0,1,0,0,1,0,0,0,1,0
2019,3,12,2,2,6,0,0,1,0,0,0,0,0,0,0,0
2018,1,9,6,2,6,0,0,1,0,0,0,1,0,0,0,0
2019,8,13,5,5,2,0,1,1,0,0,0,0,0,0,0,0
2019,10,14,3,6,4,0,1,0,1,0,0,0,0,0,0,0
2019,10,14,3,2,6,0,0,1,0,0,0,0,0,0,0,0
2019,1,16,2,5,2,1,1,1,0,0,0,0,1,0,0,0
2021,1,15,4,5,3,0,0,1,0,0,0,0,0,1,2,0
2019,7,18,3,0,7,0,1,0,1,0,0,0,0,0,0,1
2018,5,11,2,5,2,0,0,1,0,1,0,0,0,0,0,0
2020,8,10,6,6,4,0,0,1,1,0,0,0,0,0,1,0
2019,6,19,1,3,6,0,1,1,0,0,0,0,0,0,0,0
2018,10,11,6,1,5,0,1,1,0,0,0,0,0,0,0,0
2019,4,9,2,5,3,0,0,1,0,1,0,0,0,0,0,1
2018,7,7,6,1,5,0,1,1,0,0,0,0,0,0,0,0
2021,5,7,6,1,5,0,1,1,0,0,1,0,0,1,2,0
2018,5,14,1,1,7,0,0,1,0,0,0,0,0,0,0,1
2019,9,11,7,5,3,0,0,1,0,0,0,0,0,0,0,0
2018,5,1,1,5,3,2,0,1,0,0,0,0,0,0,0,1
2018,6,8,6,0,1,0,0,0,0,1,0,0,0,0,0,1
2018,6,21,6,6,4,2,0,1,1,0,0,0,1,0,0,1
2020,8,19,7,0,1,0,1,1,0,0,0,0,1,0,1,0
2018,4,15,4,2,6,0,0,1,0,0,0,1,0,0,0,0
2020,10,13,5,0,1,0,0,0,0,1,0,0,1,1,1,0
2021,1,15,5,0,2,0,0,1,0,0,0,1,1,1,2,1
2018,10,10,1,9,7,0,0,1,0,0,0,0,0,0,0,0
2018,8,11,4,6,7,0,0,1,1,0,0,0,0,0,0,0
2021,10,8,6,0,4,0,0,0,1,1,0,0,0,0,1,0
2021,12,16,2,3,6,2,0,1,0,0,1,0,0,1,2,0
2019,1,14,7,5,3,0,0,1,0,0,0,0,1,0,0,0
2018,6,9,5,5,2,0,1,0,0,0,0,1,0,0,0,0
2020,5,18,4,2,6,0,0,1,0,0,0,0,0,1,1,0
2021,10,9,4,5,3,0,1,1,0,0,0,0,0,0,1,0
2020,10,9,5,5,2,0,1,1,0,0,0,0,0,1,1,0
2018,3,3,1,1,5,2,1,1,0,0,0,0,1,0,0,0
2021,10,14,3,0,6,0,0,0,0,0,0,1,0,0,1,0
2019,12,9,4,2,2,0,1,1,0,0,0,0,1,0,0,0
2018,11,11,7,5,3,0,1,1,0,0,0,0,0,0,0,0
2019,5,9,7,5,3,0,0,1,0,0,0,0,0,0,0,0
2020,12,9,4,3,6,0,1,0,0,0,0,0,0,1,2,0
2020,4,15,5,5,3,0,1,1,0,0,0,0,1,1,2,0
2019,5,3,7,2,6,2,1,1,0,0,0,0,0,0,0,0
2020,3,15,2,5,3,0,1,0,0,0,0,0,0,1,1,0
2020,9,20,4,5,2,2,0,1,0,0,0,1,0,0,1,0
2021,3,13,6,2,7,0,0,1,0,0,0,0,0,0,2,0
2020,11,6,3,0,3,2,1,1,0,0,0,0,1,1,2,0
2019,12,7,6,6,4,2,0,1,1,0,0,0,1,0,0,0
2021,8,17,4,0,1,0,1,0,0,0,0,0,0,0,1,0
2018,11,18,4,0,1,2,1,0,0,0,0,0,1,0,0,0
2021,3,16,3,6,7,0,1,0,1,0,0,0,0,0,2,0
2020,8,18,5,5,2,0,0,0,0,1,0,0,0,0,1,0
2018,9,17,5,5,2,0,0,1,0,1,0,0,0,0,0,0
2020,6,22,7,5,3,2,0,1,0,0,0,0,1,0,1,0
2018,8,7,6,5,2,0,0,1,0,0,0,1,0,0,0,0
2018,10,17,6,2,6,1,1,1,0,0,0,0,0,0,0,0
2020,4,20,5,3,6,1,1,0,0,0,0,0,1,1,2,0
2018,7,14,1,5,3,0,0,1,0,0,0,1,0,0,0,0
2018,4,17,1,2,6,0,1,1,0,0,0,0,0,0,0,0
2020,4,14,5,5,2,0,1,1,0,0,0,0,1,1,2,0
2018,1,15,6,5,2,1,0,1,0,0,0,0,0,0,0,0
2019,10,17,3,2,2,0,0,1,0,1,0,0,0,0,0,0
2018,4,14,3,1,5,0,0,1,0,0,0,0,0,0,0,0
2021,3,8,6,5,2,0,1,1,0,0,0,0,1,0,2,0
2019,5,16,5,0,5,0,0,1,0,0,0,1,0,0,0,0
2019,1,14,5,5,3,0,1,1,0,0,0,0,0,0,0,0
2019,10,18,5,6,4,2,0,1,1,0,0,0,0,0,0,0
2018,11,18,2,5,7,2,0,1,0,0,0,0,0,0,0,1
2020,5,10,6,5,3,0,0,1,0,0,0,0,0,1,1,1
2020,8,7,2,0,1,0,1,0,0,0,0,0,1,0,1,0