UJAHR,UMONAT,USTUNDE,UWOCHENTAG,UART,UTYP1,ULICHTVERH,IstRad,IstPKW,IstFuss,IstKrad,IstGkfz,IstSonstige,USTRZUSTAND,LOCKDOWN,COVID,UKATEGORIE
2021,5,22,4,5,2,2,1,1,0,0,0,0,0,1,2,0
2021,7,16,4,1,5,0,1,1,0,0,0,0,0,0,1,0
2021,4,23,4,9,1,2,0,1,0,0,0,0,0,1,2,1
2021,4,7,6,5,2,0,0,1,0,0,0,0,0,1,2,0
2019,8,16,6,3,6,0,0,1,0,1,0,0,0,0,0,1
2021,6,18,3,5,2,0,1,0,0,1,0,0,0,0,1,0
2019,4,22,7,5,2,2,0,1,0,1,0,0,0,0,0,1
2020,7,21,3,2,6,1,1,1,0,0,0,0,0,0,1,0
2021,6,11,1,5,2,0,1,1,0,0,0,0,0,0,1,0
2021,3,20,5,2,6,2,1,1,0,0,0,0,1,0,2,0
2018,11,16,3,5,3,1,1,1,0,0,0,0,1,0,0,0
2019,3,12,7,1,1,0,0,1,0,0,0,0,0,0,0,0
2018,8,11,5,6,7,0,0,1,1,0,0,0,0,0,0,0
2019,4,15,5,5,2,0,1,1,0,0,0,0,0,0,0,0
2018,8,15,7,5,2,0,1,0,0,0,0,1,0,0,0,1
2019,7,0,2,3,6,2,0,1,0,0,0,0,0,0,0,0
2020,8,16,7,5,2,0,1,1,0,0,0,0,0,0,1,0
2020,4,17,2,5,7,0,1,1,0,0,0,0,0,1,2,0
2018,9,11,4,3,6,0,1,1,0,0,0,0,0,0,0,0
2019,10,15,5,5,3,0,0,1,0,0,0,0,0,0,0,0
2021,6,16,4,5,3,0,1,0,0,0,0,1,0,0,1,1
2020,7,18,3,5,3,0,1,1,0,0,0,0,0,0,1,1
2021,8,17,5,3,6,0,0,1,0,0,0,0,1,0,1,0
2021,11,15,3,3,6,0,1,1,0,0,0,0,0,0,2,0
2020,9,5,6,9,1,2,0,1,0,0,0,1,1,0,1,0
2019,12,15,4,2,2,1,0,1,0,0,0,0,0,0,0,0
2020,11,7,2,6,4,0,0,1,1,0,0,0,0,1,2,0
2019,12,8,3,5,2,0,1,1,0,0,0,0,1,0,0,0
2018,9,15,1,3,6,0,0,1,0,1,0,0,0,0,0,0
2019,2,7,5,0,3,0,0,1,0,1,0,0,0,0,0,0
2019,11,18,6,5,3,2,0,1,0,0,0,0,1,0,0,0
2018,1,15,6,5,3,0,0,1,0,0,0,0,1,0,0,0
2021,11,11,5,5,3,0,0,1,0,0,0,1,0,0,2,1
2018,4,21,4,5,2,2,1,1,0,0,0,0,0,0,0,0
2020,1,16,4,0,3,2,1,1,0,0,0,0,1,0,0,1
2019,8,15,7,5,3,0,1,0,0,1,0,0,0,0,0,0
2018,12,15,6,5,2,2,1,1,0,0,0,0,1,0,0,0
2018,6,5,6,2,2,0,0,1,0,1,0,0,0,0,0,0
2020,3,15,4,1,5,0,0,0,0,1,0,1,0,1,1,1
2020,10,23,6,0,1,2,0,0,0,1,0,0,1,1,1,0
2018,3,18,4,5,3,2,0,1,0,0,0,0,1,0,0,1
2018,1,13,6,6,4,0,0,1,1,0,0,0,0,0,0,0
2021,1,18,2,1,5,2,1,1,0,0,0,0,0,1,2,1
2021,9,4,2,5,3,2,0,1,0,0,0,0,0,0,1,0
2021,2,13,7,2,7,0,0,1,0,1,0,0,0,1,2,1
2018,6,14,7,5,2,0,1,0,0,0,0,1,0,0,0,0
2018,11,11,4,5,3,0,0,1,0,0,0,0,0,0,0,0
2019,10,13,1,5,5,0,0,1,0,1,0,0,0,0,0,0
2021,8,8,5,1,7,0,0,1,0,0,0,0,0,0,1,0
2019,5,19,6,5,2,0,0,1,0,0,0,0,0,0,0,0
2018,8,9,4,2,6,0,0,1,0,0,0,0,0,0,0,0
2021,8,12,6,6,2,0,0,1,1,0,0,0,0,0,1,0
2021,1,11,3,5,3,0,1,1,0,0,0,0,1,1,2,0
2019,6,14,4,5,2,0,1,1,0,0,0,0,0,0,0,0
2018,6,10,4,0,3,0,0,1,0,1,0,0,0,0,0,0
2021,8,15,2,1,5,0,1,1,0,0,0,0,0,0,1,0
2018,4,14,1,1,5,0,1,1,0,0,0,0,0,0,0,0
2020,3,14,7,5,3,0,1,1,0,0,0,0,0,1,1,0
2021,3,13,6,2,6,0,0,1,0,0,0,1,0,0,2,0
2020,6,15,3,3,6,0,1,1,0,0,0,0,0,0,1,0
2019,6,13,5,5,2,0,1,1,0,0,0,0,0,0,0,0
2020,3,10,4,3,2,0,0,1,0,1,0,0,0,1,1,0
2021,5,13,6,5,2,0,1,1,0,0,0,0,0,1,2,0
2019,9,16,5,6,4,0,0,1,1,0,0,0,0,0,0,0
2020,4,16,4,5,2,0,1,0,0,0,1,0,0,1,2,1
2021,10,11,3,0,6,0,1,0,0,0,0,1,1,0,1,0
2018,12,16,7,6,2,1,0,1,1,0,0,0,1,0,0,0
2019,12,14,5,1,5,0,0,1,0,0,0,1,1,0,0,0
2018,11,17,3,6,2,2,0,1,1,0,0,0,1,0,0,0
2019,4,11,2,0,3,0,0,1,0,0,0,1,0,0,0,0
2019,4,12,2,2,6,0,0,1,0,0,0,0,0,0,0,0
2018,9,12,1,2,2,0,0,1,0,0,0,0,0,0,0,0
2020,7,20,3,0,1,0,0,0,0,1,0,0,0,0,1,1
2019,7,10,2,5,3,0,0,1,0,0,0,1,0,0,0,0
2021,9,14,3,1,5,0,1,1,0,0,0,0,0,0,1,0
2018,11,17,1,5,3,1,0,1,0,0,0,0,1,0,0,0
2019,8,10,2,5,2,0,1,1,0,0,0,0,0,0,0,0
2019,9,16,5,2,2,0,1,1,0,0,0,0,0,0,0,0
2019,8,13,6,1,5,0,1,0,0,0,0,1,0,0,0,0
2020,6,12,4,0,6,0,1,1,0,0,0,0,0,0,1,0
2020,11,10,4,6,7,0,0,1,1,0,0,0,0,1,2,0
2018,5,14,1,5,2,0,1,1,0,0,0,0,0,0,0,0
2018,11,20,5,5,3,2,1,1,0,0,0,0,0,0,0,0
2020,9,14,5,5,3,0,1,1,0,0,0,0,0,0,1,0
2018,12,7,4,5,2,1,1,1,0,0,0,0,0,0,0,0
2019,12,0,1,6,4,2,0,1,1,0,0,0,1,0,0,1
2021,11,16,3,6,4,2,0,1,1,0,0,0,1,0,2,0
2018,9,9,3,5,2,0,1,0,0,0,0,1,0,0,0,1
2019,10,12,4,0,3,0,1,1,0,0,0,0,1,0,0,0
2019,10,19,3,1,5,2,1,0,0,0,0,1,0,0,0,0
2018,6,13,7,5,2,0,1,1,0,0,0,0,0,0,0,0
2021,5,14,3,2,6,0,0,1,0,0,0,0,1,1,2,0
2019,11,0,7,3,2,2,0,1,0,0,0,0,1,0,0,0
2020,9,12,7,2,6,0,0,0,0,1,0,1,1,0,1,0
2020,8,13,3,5,2,0,1,1,0,0,0,0,0,0,1,0
2019,5,12,7,2,6,0,0,1,0,0,0,1,0,0,0,0
2021,6,18,7,8,1,0,0,1,0,0,0,0,0,0,1,1
2018,11,17,4,1,5,2,0,1,0,1,0,0,0,0,0,1
2019,4,9,5,5,2,0,1,0,0,0,1,0,0,0,0,0
2019,7,22,7,2,6,2,0,1,0,0,0,0,1,0,0,0
2018,3,12,3,5,2,0,1,0,0,0,0,1,0,0,0,1
2021,6,9,6,0,7,0,0,1,0,0,0,1,0,0,1,1
2021,5,14,2,5,3,0,1,0,0,0,0,1,0,1,2,0
2019,3,12,4,3,6,0,1,0,0,0,0,0,0,0,0,0
2021,6,19,7,2,6,0,0,1,0,0,0,0,0,0,1,0
2019,8,22,6,6,4,2,0,1,1,0,0,0,0,0,0,0
2019,5,14,5,2,6,0,0,1,0,0,0,0,1,0,0,1
2018,6,11,2,6,4,0,1,0,1,0,0,0,0,0,0,0
2019,8,14,6,2,2,0,1,1,0,0,0,0,0,0,0,1
2020,2,21,3,6,7,2,0,1,1,0,0,0,1,0,0,0
2019,6,13,4,5,2,0,0,1,0,0,0,0,0,0,0,0
2018,5,9,4,6,2,0,0,1,1,0,0,0,0,0,0,0
2021,7,23,7,2,2,2,0,1,1,1,0,0,0,0,1,0
2020,4,11,4,6,7,0,0,1,1,0,0,0,0,1,2,0
2020,8,14,3,2,7,0,1,0,0,0,0,1,0,0,1,0
2018,3,12,7,2,6,0,0,1,0,0,0,0,0,0,0,0
2020,9,17,7,2,6,0,0,1,0,0,0,0,1,0,1,1
2021,9,9,4,1,7,0,0,1,0,0,0,0,0,0,1,0
2020,4,16,4,2,6,0,0,1,0,0,1,1,0,1,2,0
2019,7,14,4,2,6,0,0,1,0,0,0,1,0,0,0,1
2021,1,17,3,0,3,2,0,1,0,1,0,0,1,1,2,0
2018,5,15,1,1,1,0,0,1,0,1,0,0,1,0,0,0
2021,7,13,3,2,6,0,0,1,0,0,0,0,0,0,1,0
2021,8,13,5,2,6,0,0,1,0,1,0,0,0,0,1,0
2021,7,9,2,5,3,0,0,1,0,0,0,0,0,0,1,0
2020,8,13,6,2,6,0,0,1,0,0,0,1,0,0,1,0
2019,8,8,5,5,2,0,1,1,0,0,0,0,0,0,0,0
2018,1,5,6,6,4,2,0,1,1,0,0,0,1,0,0,1
2020,10,6,4,2,6,2,0,1,0,0,0,0,1,1,1,0
2020,9,22,5,1,5,2,0,1,0,0,0,1,0,0,1,0
2019,10,11,6,6,7,0,0,1,1,0,0,0,0,0,0,0
2019,6,12,6,1,1,0,0,1,0,0,0,1,0,0,0,1
2019,8,16,2,0,2,0,1,1,0,0,0,0,0,0,0,0
2019,12,16,5,5,3,2,0,1,0,0,0,0,1,0,0,0
2019,10,14,3,6,4,0,0,1,1,0,0,0,0,0,0,0
2021,3,17,4,5,5,0,0,1,0,0,0,0,0,0,2,0
2020,11,17,4,5,3,2,1,1,0,0,0,0,0,1,2,0
2018,8,20,7,3,2,1,0,1,0,0,0,0,0,0,0,0
2021,10,12,1,2,6,0,0,1,0,1,0,0,0,0,1,0
2021,4,13,5,5,7,0,0,1,0,0,0,0,1,1,2,1
2018,9,9,2,0,2,0,1,1,0,0,0,0,0,0,0,0
2019,8,17,5,5,2,0,1,1,0,0,0,0,0,0,0,0
2021,5,18,5,5,3,0,1,1,0,0,0,0,1,1,2,0
2021,6,7,7,5,3,0,0,1,0,0,0,0,0,0,1,0
2019,10,10,4,5,3,0,0,1,0,0,0,0,0,0,0,0
2021,10,21,5,5,2,2,1,0,0,0,0,1,1,0,1,0
2018,9,12,2,5,3,0,0,1,0,1,0,0,0,0,0,1
2018,7,13,5,5,3,0,0,1,0,0,0,0,0,0,0,1
2021,5,9,5,0,6,0,0,1,0,1,0,0,1,1,2,0
2019,5,14,7,6,2,0,0,1,1,0,0,0,0,0,0,0
2020,2,12,3,5,7,0,0,1,0,0,0,0,1,0,0,0
2018,1,15,4,6,4,0,0,1,1,0,0,0,1,0,0,1
2019,3,12,6,5,2,0,0,0,0,1,0,1,0,0,0,0
2018,5,12,4,5,2,0,1,0,0,0,1,0,0,0,0,0
2018,7,8,6,5,3,0,1,1,0,0,0,0,0,0,0,0
2019,9,16,1,5,3,0,0,1,0,0,0,0,1,0,0,1
2021,12,16,2,6,7,2,1,0,1,0,0,0,0,1,2,0
2018,7,14,2,2,6,0,1,0,0,0,0,0,0,0,0,0
2019,4,16,1,6,7,0,1,0,1,0,0,0,0,0,0,0
2019,12,11,6,0,3,0,0,1,0,1,0,0,1,0,0,0
2018,10,19,3,1,7,2,0,1,0,0,0,1,1,0,0,0
2019,9,10,7,1,1,0,1,1,0,0,0,0,0,0,0,0
2020,8,8,4,2,6,0,1,0,0,0,0,0,0,0,1,0
2020,10,19,4,2,1,2,0,1,0,0,0,0,1,1,1,0
2018,4,1,1,6,7,2,0,1,1,0,0,0,1,0,0,0
2020,7,11,5,5,2,0,1,1,0,0,0,0,0,0,1,1
2019,11,15,6,1,5,0,1,1,0,0,0,0,0,0,0,0
2019,12,17,6,2,6,2,0,1,0,0,0,0,1,0,0,0
2020,8,16,7,2,7,0,0,1,0,1,0,0,0,0,1,0
2020,1,21,2,8,1,2,0,0,0,1,0,0,0,0,0,0
2019,4,18,5,3,6,0,1,0,0,0,0,0,0,0,0,0
2018,1,10,4,6,4,0,1,0,1,0,0,0,0,0,0,0
2019,7,8,4,5,2,0,1,1,0,0,0,0,0,0,0,0
2021,2,21,1,5,3,2,0,1,0,0,0,0,2,1,2,0
2020,6,7,2,6,4,0,0,1,1,0,0,0,0,0,1,0
2020,9,13,6,1,5,0,1,1,0,0,0,0,1,0,1,0
2019,10,6,6,5,3,1,0,1,0,0,0,1,1,0,0,0
2019,1,7,2,6,2,1,0,1,1,0,0,0,1,0,0,0
2020,9,10,7,8,1,0,0,1,0,0,0,0,1,0,1,0
2018,10,10,6,5,2,0,1,1,0,0,0,0,0,0,0,0
2019,10,6,4,3,6,1,1,1,0,0,0,0,1,0,0,0
2021,9,18,5,3,6,0,0,1,0,1,0,0,0,0,1,0
2019,2,14,3,5,2,0,1,1,1,0,0,0,0,0,0,0
2019,8,17,7,5,2,0,1,1,0,0,0,0,0,0,0,0
2019,7,9,6,1,5,0,1,1,0,0,0,0,1,0,0,0
2019,9,15,3,2,2,0,0,0,0,1,1,0,0,0,0,0
2020,2,14,6,2,6,0,0,1,0,0,1,0,0,0,0,0
2018,5,7,4,0,7,0,1,1,0,0,0,0,0,0,0,0
2019,7,17,6,5,3,0,0,1,0,1,0,0,0,0,0,1
2018,9,15,5,2,6,0,0,1,0,0,0,0,0,0,0,0
2019,6,4,4,3,6,1,0,1,0,0,0,0,0,0,0,0
2018,6,14,6,5,2,0,1,1,0,0,0,0,0,0,0,0
2018,12,16,6,6,2,1,0,1,1,0,0,0,0,0,0,0
2021,8,21,3,5,3,2,0,1,1,0,0,0,0,0,1,0
2020,2,5,6,5,3,2,0,1,0,0,0,0,1,0,0,0
2018,5,11,2,6,4,0,0,1,1,0,0,0,0,0,0,0
2021,4,12,3,2,6,0,0,1,0,0,0,0,0,1,2,0
2021,8,2,7,5,3,1,0,1,0,0,0,0,0,0,1,0
2020,1,8,6,5,2,1,0,1,0,0,0,0,0,0,0,1
2019,6,18,3,2,6,0,1,1,0,0,0,0,0,0,0,0
2021,12,1,7,5,3,2,0,1,0,0,0,0,1,1,2,0
2021,5,11,2,3,6,0,0,1,0,1,0,0,0,1,2,0
2020,10,9,5,1,5,0,1,1,0,0,0,0,0,1,1,0
2019,10,13,4,0,2,0,0,1,1,0,0,0,0,0,0,0
2020,10,11,4,2,7,0,1,1,0,0,0,0,0,1,1,0
2019,5,18,5,5,2,0,1,1,0,0,0,0,0,0,0,0
2018,8,15,3,5,3,0,1,1,0,0,0,0,0,0,0,0
2020,1,15,2,5,2,1,0,1,0,0,0,0,0,0,0,0
2018,12,6,6,1,5,2,0,1,0,0,1,0,0,0,0,0
2019,6,19,3,6,4,0,0,1,1,0,0,0,0,0,0,1
2020,7,21,3,0,7,2,0,0,0,1,0,0,1,0,1,0
2019,12,8,6,5,7,0,1,1,0,0,0,0,0,0,0,0
2018,8,14,7,0,5,0,0,1,0,0,0,1,0,0,0,0
2021,9,20,6,5,3,1,0,1,0,1,0,0,0,0,1,0
2018,2,15,3,5,3,0,1,0,0,0,0,1,0,0,0,0
2018,8,16,2,2,6,0,1,1,0,0,0,0,0,0,0,0
2021,9,23,6,0,1,2,1,0,0,0,0,0,0,0,1,0
2020,5,16,2,5,2,0,1,1,0,0,0,0,0,1,1,0
2020,6,19,4,0,1,0,0,0,0,0,0,1,0,0,1,1
2019,7,17,4,2,2,0,1,1,0,0,0,0,0,0,0,1
2019,6,18,6,8,1,0,1,0,0,0,0,0,0,0,0,0
2019,2,11,3,5,3,0,0,1,0,1,0,0,1,0,0,0
2018,9,12,3,0,6,0,1,0,0,0,0,1,0,0,0,0
2020,9,17,2,5,2,0,1,1,0,0,0,0,0,0,1,0
2020,8,3,5,8,1,2,0,0,0,0,0,1,0,0,1,0
2018,11,15,6,5,3,0,0,1,0,0,0,0,0,0,0,0
2018,4,16,5,3,6,0,0,1,0,0,0,0,0,0,0,1
2020,12,19,3,0,3,2,1,0,0,0,0,1,0,1,2,0
2020,9,19,4,5,2,1,1,1,0,0,0,0,1,0,1,0
2019,2,18,4,6,4,1,1,0,1,0,0,0,0,0,0,0
2018,10,10,1,7,7,0,0,0,0,0,0,1,0,0,0,0
2018,4,17,6,5,3,0,0,1,0,0,0,0,0,0,0,1
2021,9,13,2,2,2,0,1,1,0,0,0,0,0,0,1,0
2021,5,19,4,5,7,0,0,1,0,0,1,1,0,1,2,0
2019,11,7,5,2,6,0,0,1,0,0,1,0,0,0,0,0
2020,6,6,2,1,5,0,1,1,0,0,0,0,0,0,1,0
2020,1,11,2,0,2,0,0,1,0,0,0,1,0,0,0,1
2020,6,14,7,5,7,0,1,1,0,0,0,0,0,0,1,0
2018,8,14,5,5,3,0,1,1,0,0,0,0,0,0,0,0
2019,2,18,7,2,6,2,0,1,0,0,0,0,1,0,0,0
2019,4,21,3,2,6,2,0,1,0,0,0,0,0,0,0,0
2021,3,18,6,9,1,2,0,1,0,0,0,0,0,0,2,1
2018,6,5,4,5,2,0,1,1,0,0,0,0,0,0,0,0
2019,11,7,6,6,2,2,0,1,1,0,0,0,1,0,0,1
2021,11,16,3,5,3,2,1,1,0,0,0,0,1,0,2,0
2019,9,8,3,5,2,0,1,1,0,0,0,0,0,0,0,0
2021,3,8,5,0,6,0,0,1,0,1,0,0,0,0,2,0
2021,5,14,4,5,2,0,0,1,0,1,0,0,0,1,2,0
2019,6,7,5,6,2,0,0,1,1,0,0,0,0,0,0,0
2021,8,11,2,5,2,0,0,1,0,0,1,0,0,0,1,1
2021,4,22,5,8,1,2,0,0,0,1,0,0,0,1,2,0
2021,4,14,6,2,6,0,0,1,0,1,0,0,0,1,2,0
2019,4,11,4,0,3,0,0,1,0,0,0,0,0,0,0,0
2019,9,14,2,6,4,0,1,0,1,0,0,0,1,0,0,0
2020,8,10,7,3,6,0,0,0,0,0,0,1,1,0,1,1
2021,3,16,7,0,7,0,1,0,0,0,0,0,0,0,2,1
2020,9,20,5,3,6,1,0,1,0,0,1,0,0,0,1,0
2018,5,14,5,6,4,0,0,0,1,0,0,1,0,0,0,0
2019,2,18,4,5,3,1,1,0,0,0,0,0,0,0,0,0
2020,10,22,6,0,3,2,0,1,0,1,0,0,1,1,1,0
2020,12,14,5,6,4,0,0,1,1,0,0,0,0,1,2,0
2020,6,16,3,0,7,0,0,0,0,1,0,0,0,0,1,0
2018,7,16,3,0,4,0,1,0,1,0,0,0,0,0,0,0
2021,12,2,7,5,2,2,0,1,0,0,0,0,1,1,2,0
2020,12,13,5,5,2,0,1,1,0,0,0,0,0,1,2,0
2021,4,18,3,5,3,0,0,1,0,0,0,0,0,1,2,0
2020,5,7,6,5,2,0,1,0,0,0,0,0,0,1,1,0
2018,12,13,6,5,2,0,1,0,0,0,0,1,1,0,0,0
2019,5,8,3,5,2,0,0,1,0,0,0,0,0,0,0,0
2021,9,15,1,3,2,0,0,1,0,1,0,0,0,0,1,0
2021,5,12,6,2,6,0,0,1,0,0,0,0,0,1,2,0
2020,7,8,3,5,2,0,1,1,0,0,0,0,0,0,1,0
2018,7,8,2,5,3,0,0,1,0,0,0,0,0,0,0,0
2018,12,13,5,3,6,0,0,1,0,0,0,1,0,0,0,0
2021,1,1,7,0,4,2,0,1,1,0,0,0,2,1,2,0
2019,1,17,6,5,2,2,0,1,0,0,0,0,1,0,0,0
2021,2,9,3,3,6,0,0,1,0,0,0,0,0,1,2,0
2021,11,6,6,5,2,2,1,0,0,0,0,1,1,0,2,1
2018,10,15,6,6,4,0,0,0,1,0,0,1,0,0,0,0
2019,2,15,4,2,2,0,0,1,0,0,0,0,0,0,0,0
2019,6,13,2,5,3,0,1,1,0,0,0,0,0,0,0,0
2020,11,13,2,5,3,0,1,1,0,0,0,0,0,1,2,0
2021,5,10,6,1,5,0,1,1,0,0,0,0,1,1,2,0
2019,5,8,5,2,6,0,0,1,0,0,0,0,1,0,0,0
2020,9,9,4,5,2,0,1,1,0,0,0,0,0,0,1,1
2019,3,16,5,0,3,0,0,1,0,1,0,0,1,0,0,0
2018,5,15,5,5,3,0,0,1,0,0,0,0,0,0,0,0
2018,3,16,3,1,5,0,1,1,0,0,0,0,0,0,0,0
2021,10,7,2,5,3,1,1,1,0,0,0,0,1,0,1,0
2019,5,13,4,5,2,0,0,1,0,1,0,0,0,0,0,0
2021,9,18,3,5,3,0,1,1,0,0,0,0,0,0,1,0
2021,6,18,3,5,3,0,0,1,0,0,0,0,0,0,1,0
2019,3,13,1,6,4,0,0,0,1,1,0,0,0,0,0,1
2021,9,18,3,3,6,0,1,0,0,0,0,1,0,0,1,0
2020,8,20,7,0,7,1,1,0,0,0,0,0,0,0,1,0
2021,6,14,7,1,5,0,1,1,0,0,0,0,0,0,1,0
2019,6,16,7,5,3,0,0,1,0,0,0,0,0,0,0,0
2020,1,12,2,0,7,0,1,0,0,0,0,0,1,0,0,0
2021,9,11,1,1,5,0,1,1,0,0,0,0,0,0,1,0
2019,5,14,2,5,2,0,1,1,0,0,0,0,0,0,0,0
2021,6,19,6,5,2,0,1,1,0,0,0,0,0,0,1,0
2018,9,16,4,5,3,0,1,1,0,0,0,0,0,0,0,0
2021,9,10,3,5,3,0,1,1,0,0,0,0,1,0,1,0
2019,9,10,7,5,7,0,0,1,0,0,0,1,0,0,0,0
2021,3,21,1,5,5,2,1,1,0,0,0,0,1,0,2,0
2018,5,7,2,5,2,0,1,1,0,0,0,0,0,0,0,0
2019,12,13,7,4,2,0,1,1,0,0,0,0,1,0,0,0
2018,5,0,2,8,1,2,0,1,0,0,0,0,0,0,0,0
2019,11,21,1,4,1,2,0,1,0,0,0,0,1,0,0,0
2021,3,13,6,3,6,0,1,1,0,0,0,0,0,0,2,0
2020,9,18,5,2,6,0,0,1,0,1,0,0,0,0,1,0
2018,5,11,6,5,2,0,0,1,0,1,0,0,0,0,0,0
2020,2,14,1,5,2,0,0,1,0,0,0,0,1,0,0,0
2020,7,9,2,0,3,0,1,0,0,0,0,1,0,0,1,0
2019,4,14,6,3,6,0,1,1,0,0,0,0,0,0,0,0
2020,9,12,1,5,2,0,1,1,0,0,0,0,0,0,1,0
2020,9,12,6,5,3,0,0,1,0,0,0,0,0,0,1,0
2019,6,11,6,2,6,0,0,1,0,0,0,1,0,0,0,0
2018,1,14,6,0,4,0,0,0,1,0,0,1,1,0,0,0
2018,8,13,7,5,2,0,1,1,0,0,0,0,0,0,0,0
2020,5,12,5,5,2,0,1,0,0,0,1,0,0,1,1,0
2020,4,7,4,3,6,0,1,1,0,0,0,0,0,1,2,0
2019,9,15,3,5,3,0,1,1,0,0,0,0,0,0,0,0
2019,1,17,2,2,6,2,0,1,0,0,0,0,1,0,0,0
2018,10,11,7,2,1,0,0,1,0,0,0,1,0,0,0,1
2019,2,11,3,5,3,0,0,1,0,0,0,0,0,0,0,1
2021,7,22,5,5,2,2,0,1,0,0,0,0,0,0,1,0
2018,5,17,4,5,2,0,1,1,0,0,0,0,0,0,0,0
2021,12,18,3,2,6,2,0,1,0,0,0,0,0,1,2,0
2018,10,8,3,5,3,0,0,1,0,0,0,1,1,0,0,0
2020,9,16,5,2,6,0,0,1,0,0,0,0,0,0,1,1
2020,11,9,6,5,2,0,1,1,0,0,0,0,0,1,2,0
2021,5,16,4,2,6,0,0,1,0,0,0,0,0,1,2,0
2018,5,14,3,2,7,0,1,0,0,0,0,1,0,0,0,0
2019,8,13,5,2,6,0,0,1,0,1,0,0,0,0,0,0
2018,10,19,4,5,2,2,1,0,0,0,0,1,0,0,0,0
2021,11,20,2,0,1,2,0,0,0,1,0,0,0,0,2,1
2019,6,20,1,4,6,0,0,1,0,1,0,0,0,0,0,1
2018,9,9,1,0,2,0,1,1,0,0,0,0,0,0,0,1
2020,8,19,2,5,2,0,0,1,0,0,0,0,0,0,1,0
2021,10,10,5,2,6,0,0,1,0,1,0,0,0,0,1,0
2021,12,21,5,0,7,2,0,0,0,0,0,1,0,1,2,0
2018,10,18,3,5,2,0,1,1,0,0,0,0,0,0,0,1
2019,8,11,4,5,3,0,1,1,0,0,0,0,0,0,0,0
2021,7,19,6,2,7,0,0,1,0,1,0,0,0,0,1,0
2020,5,15,2,5,2,0,1,1,0,0,0,0,0,1,1,0
2020,1,5,5,5,2,2,1,1,0,0,0,0,1,0,0,0
2019,6,11,4,5,2,0,1,1,0,0,0,0,0,0,0,0
2018,10,18,2,3,6,1,0,1,0,0,1,0,1,0,0,0
2019,6,14,3,0,7,0,0,1,0,0,0,0,0,0,0,0
2018,8,10,2,5,3,0,1,0,0,1,0,0,0,0,0,0
2020,7,19,7,5,2,0,1,1,0,0,0,0,0,0,1,0
2019,12,13,5,0,5,0,0,1,0,1,0,0,1,0,0,0
2019,1,8,2,6,2,0,0,1,1,0,0,0,1,0,0,0
2020,4,7,3,2,6,0,0,1,0,1,0,0,0,1,2,0
2019,9,15,4,0,3,0,0,0,0,1,0,1,1,0,0,0
2020,8,8,7,2,2,0,0,1,0,1,0,0,0,0,1,0
2020,9,15,4,3,6,0,0,0,0,1,0,0,0,0,1,0
2018,10,18,4,1,5,1,1,1,0,0,0,0,0,0,0,0
2021,8,9,5,1,5,0,1,1,0,0,0,0,0,0,1,0
2021,8,7,4,3,6,0,1,0,0,0,0,0,0,0,1,0
2018,8,21,5,5,3,2,0,1,0,0,0,0,1,0,0,0
2020,7,16,2,0,1,0,1,0,0,0,0,0,1,0,1,0
2020,7,15,4,5,3,0,1,1,0,0,0,0,0,0,1,0
2018,7,13,6,2,6,0,0,1,0,0,0,1,0,0,0,0
2019,6,20,5,5,3,0,1,1,0,0,0,0,0,0,0,0
2018,6,7,3,5,3,0,1,1,0,0,0,0,0,0,0,0
2019,10,12,7,0,2,0,1,1,0,0,0,0,0,0,0,0
2020,12,15,3,2,6,0,0,1,0,0,0,0,0,1,2,0
2021,3,9,2,5,3,0,0,1,0,0,1,0,0,0,2,0
2021,12,16,6,6,4,2,0,1,1,0,0,0,1,1,2,1
2021,4,14,3,5,2,0,0,1,0,0,0,0,0,1,2,0
2020,6,15,4,6,4,0,0,1,1,0,0,0,0,0,1,0
2021,12,21,6,5,2,2,0,1,0,0,0,0,1,1,2,0
2018,11,7,6,5,3,0,1,1,0,0,0,0,1,0,0,0
2019,5,16,7,1,5,0,1,1,0,0,0,1,0,0,0,0
2019,4,8,2,2,6,0,0,1,0,0,0,0,0,0,0,0
2018,9,7,4,5,3,0,1,1,0,0,0,0,0,0,0,0
2020,1,15,6,5,2,0,0,1,0,0,0,1,1,0,0,0
2018,12,19,5,2,6,2,0,1,0,0,0,0,1,0,0,0
2019,5,18,3,0,7,0,0,1,0,1,0,0,1,0,0,0
2020,1,14,5,2,6,0,0,1,0,0,0,0,1,0,0,0
2018,5,16,2,2,6,0,0,1,0,0,0,0,0,0,0,0
2019,2,8,5,6,7,0,0,1,1,0,0,0,1,0,0,0
2019,5,12,5,5,2,0,1,0,0,0,1,0,0,0,0,0
2021,3,17,3,1,5,0,0,1,0,0,0,0,0,0,2,0
2019,11,20,5,5,2,2,0,1,0,0,0,0,1,0,0,0
2018,11,8,1,1,5,0,0,1,0,0,0,0,0,0,0,0
2018,12,16,5,6,2,1,0,1,1,0,0,0,1,0,0,0
2019,2,8,5,2,2,0,0,1,0,0,0,0,1,0,0,0
2018,12,5,1,0,7,2,0,1,0,0,0,0,1,0,0,0
2020,4,19,5,6,4,2,0,1,1,0,0,0,0,1,2,0
2019,11,8,7,3,6,0,0,0,0,1,0,1,1,0,0,1