UJAHR,UMONAT,USTUNDE,UWOCHENTAG,UART,UTYP1,ULICHTVERH,IstRad,IstPKW,IstFuss,IstKrad,IstGkfz,IstSonstige,USTRZUSTAND,LOCKDOWN,COVID,UKATEGORIE
2020,9,11,1,5,2,0,1,1,0,0,0,0,0,0,1,1
2018,2,13,4,5,2,0,1,0,0,0,0,1,0,0,0,0
2019,4,18,2,5,2,0,1,1,0,0,0,0,0,0,0,0
2021,1,19,6,2,2,2,1,1,0,0,0,0,0,1,2,0
2021,7,16,5,0,1,0,0,0,0,1,0,0,1,0,1,0
2018,1,8,3,6,4,0,0,1,1,0,0,0,0,0,0,1
2020,4,17,5,5,7,0,0,1,0,0,0,1,0,1,2,0
2018,12,7,3,6,2,1,0,1,1,0,0,0,1,0,0,0
2020,5,23,6,6,7,2,1,0,1,0,0,0,0,1,1,0
2019,12,18,3,2,6,2,0,1,0,0,0,0,0,0,0,0
2019,2,11,4,1,5,0,1,1,0,0,0,0,0,0,0,0
2018,4,18,1,2,6,0,0,1,0,0,0,0,0,0,0,0
2019,4,12,5,5,2,0,0,1,0,0,0,0,0,0,0,0
2019,10,19,2,1,5,2,1,1,0,0,0,0,0,0,0,0
2021,3,13,4,5,7,0,1,1,0,0,0,0,0,0,2,0
2021,4,12,3,0,6,0,1,1,0,0,0,0,0,1,2,0
2020,9,15,3,1,5,0,0,1,0,0,0,1,0,0,1,1
2019,1,15,3,5,3,0,1,1,0,0,0,0,1,0,0,0
2019,11,17,5,6,4,2,0,1,1,0,0,0,1,0,0,0
2021,6,17,4,5,2,0,1,1,0,0,0,0,0,0,1,1
2021,10,20,4,5,2,2,1,1,0,0,0,0,0,0,1,0
2020,11,21,2,5,5,2,0,1,0,1,0,0,1,1,2,1
2020,11,17,5,3,6,2,1,0,0,0,1,0,1,1,2,0
2019,3,16,6,2,6,0,0,1,0,0,0,0,0,0,0,1
2018,9,13,7,2,6,0,1,0,0,0,0,0,0,0,0,0
2018,4,11,2,2,6,0,0,1,0,0,1,0,0,0,0,0
2018,3,1,5,5,2,2,0,1,0,0,0,1,1,0,0,1
2019,7,18,3,5,2,0,1,1,0,0,0,0,0,0,0,0
2021,8,15,6,5,2,0,1,1,0,0,0,0,0,0,1,0
2020,3,14,5,0,1,0,1,0,0,0,0,0,0,1,1,0
2019,6,8,3,0,7,0,1,0,0,0,0,0,0,0,0,0
2018,5,12,3,5,3,0,1,1,0,0,0,0,0,0,0,0
2021,2,14,5,3,2,0,0,1,0,0,0,0,0,1,2,0
2019,11,10,3,6,4,0,0,0,1,0,0,1,0,0,0,0
2019,5,15,4,2,6,0,0,1,0,0,0,0,0,0,0,0
2019,4,13,2,0,3,0,1,1,0,0,0,0,0,0,0,0
2019,3,15,5,6,4,0,0,1,1,0,0,0,1,0,0,0
2018,1,11,5,5,2,0,1,1,0,0,0,0,1,0,0,0
2018,12,17,6,6,2,2,0,1,1,0,0,0,1,0,0,0
2021,6,11,4,1,5,0,1,1,0,0,0,0,0,0,1,0
2020,6,17,5,2,2,0,0,1,0,0,0,0,1,0,1,0
2019,9,15,4,2,6,0,0,1,0,0,0,0,1,0,0,0
2019,6,14,1,6,4,0,0,1,1,0,0,0,0,0,0,1
2018,11,18,6,2,6,1,1,1,0,0,0,0,0,0,0,0
2019,12,18,4,1,5,2,1,1,0,0,0,0,1,0,0,0
2019,8,11,4,2,6,0,0,1,0,0,0,0,0,0,0,0
2018,1,17,7,3,6,2,0,1,0,0,0,0,0,0,0,1
2019,11,13,2,5,3,0,0,1,0,0,0,1,1,0,0,0
2018,8,15,6,5,3,0,1,1,0,0,0,0,0,0,0,0
2018,2,15,7,2,2,0,0,1,0,1,0,0,0,0,0,0
2018,2,15,7,5,3,0,1,1,0,0,0,0,0,0,0,0
2020,10,18,3,6,4,2,0,1,1,0,0,0,1,1,1,1
2021,6,9,4,6,4,0,0,1,1,0,0,0,0,0,1,0
2018,6,11,4,5,2,0,1,0,0,0,0,1,0,0,0,0
2020,11,14,6,4,6,0,1,0,0,0,0,0,0,1,2,0
2021,3,9,4,0,2,0,0,0,0,0,0,1,0,0,2,0
2020,2,7,6,6,4,0,1,0,1,0,0,0,0,0,0,0
2018,6,15,6,6,3,0,0,1,1,0,0,0,0,0,0,0
2018,4,1,1,3,6,2,0,1,0,0,0,0,1,0,0,0
2021,5,11,5,3,2,0,0,1,0,0,0,0,0,1,2,0
2020,3,13,2,1,5,0,0,1,0,0,0,0,0,1,1,0
2019,10,16,3,1,5,0,1,1,0,0,0,0,0,0,0,0
2021,9,10,4,5,3,0,1,1,0,0,0,0,1,0,1,1
2020,3,1,7,2,2,2,1,1,0,0,0,0,1,1,1,0
2021,9,14,7,5,7,0,0,1,0,1,0,0,1,0,1,0
2021,1,19,3,0,1,2,1,0,0,0,0,0,2,1,2,1
2019,7,6,2,5,2,0,0,1,0,0,0,0,0,0,0,0
2018,12,16,5,6,4,1,0,0,1,0,0,1,0,0,0,1
2021,11,23,3,6,4,2,1,0,1,0,0,0,0,0,2,0
2019,7,6,3,5,3,0,1,1,0,0,0,0,0,0,0,0
2019,7,8,6,5,3,0,1,1,0,0,0,0,1,0,0,1
2021,6,17,4,6,2,0,0,1,1,0,0,0,0,0,1,1
2019,2,16,4,2,6,1,0,1,0,0,0,1,0,0,0,0
2019,11,15,3,2,6,0,0,1,0,0,0,0,0,0,0,0
2018,3,13,5,3,6,0,0,1,0,0,0,1,0,0,0,0
2021,11,6,2,5,3,2,1,1,0,0,0,0,1,0,2,0
2021,3,8,4,5,2,0,1,1,0,0,0,0,0,0,2,0
2020,7,7,3,5,3,0,1,1,0,0,0,0,0,0,1,0
2021,5,12,6,5,2,0,0,1,0,0,0,1,1,1,2,1
2021,9,8,6,1,1,0,0,1,0,0,0,0,0,0,1,0
2019,8,17,5,1,1,0,0,1,0,1,0,0,0,0,0,0
2020,1,20,1,2,6,2,0,1,0,0,0,0,1,0,0,0
2020,4,15,1,3,6,0,1,0,0,1,0,0,0,1,2,1
2019,12,10,2,5,2,0,0,1,0,1,0,0,0,0,0,0
2019,8,19,6,6,4,0,1,0,1,0,0,0,0,0,0,1
2020,8,18,4,3,6,0,1,1,0,0,0,0,0,0,1,0
2018,8,14,3,1,5,0,1,0,0,0,0,1,0,0,0,0
2020,6,14,7,5,3,0,1,1,0,0,0,0,0,0,1,1
2019,2,16,1,2,6,0,0,1,0,0,0,0,0,0,0,0
2021,6,17,7,1,5,0,1,1,0,0,0,0,0,0,1,0
2020,10,17,1,1,1,0,1,1,0,0,0,0,0,1,1,0
2018,4,9,3,5,3,0,0,1,0,0,0,0,0,0,0,0
2020,1,16,3,3,6,2,0,1,0,0,0,0,1,0,0,0
2021,8,11,6,5,3,0,1,1,0,0,0,0,0,0,1,0
2021,6,17,4,5,3,0,1,1,0,0,0,0,0,0,1,0
2019,3,17,3,0,1,0,1,0,0,0,0,0,0,0,0,1
2019,11,12,2,5,3,0,1,1,0,0,0,0,1,0,0,1
2018,4,18,4,5,3,0,1,1,0,0,0,0,0,0,0,0
2019,10,8,4,1,5,0,1,1,0,0,0,0,1,0,0,0
2019,6,18,6,0,7,0,1,0,0,0,0,0,0,0,0,0
2019,6,11,6,1,5,0,1,1,0,0,0,1,0,0,0,1
2020,7,13,7,0,7,0,0,1,0,0,0,1,0,0,1,0
2021,10,22,4,2,6,2,1,1,0,0,0,0,0,0,1,0
2021,2,15,1,5,3,0,1,1,0,0,0,0,0,1,2,0
2021,6,11,6,5,2,0,1,1,0,0,0,0,0,0,1,0
2020,1,16,7,6,2,2,0,1,1,0,0,0,0,0,0,0
2019,9,21,7,0,1,2,0,0,0,1,0,0,0,0,0,0
2020,8,5,6,5,3,1,0,1,0,1,0,0,0,0,1,0
2020,8,13,7,5,2,0,1,1,0,0,0,0,0,0,1,1
2020,12,14,1,5,3,0,0,1,0,0,0,0,0,1,2,0
2019,3,13,5,2,6,0,0,1,0,1,0,0,0,0,0,0
2021,11,8,3,0,3,0,1,0,0,1,0,0,1,0,2,0
2019,3,12,2,0,3,0,0,0,0,0,0,1,0,0,0,0
2019,10,10,2,5,2,0,1,1,0,0,0,0,0,0,0,0
2020,2,23,2,5,3,2,0,1,0,0,0,0,1,0,0,0
2018,8,16,3,0,7,0,0,1,0,0,0,0,0,0,0,1
2021,3,6,4,5,3,0,0,1,0,0,0,0,0,0,2,0
2019,6,9,3,5,3,0,1,0,0,1,0,0,0,0,0,1
2018,1,10,5,5,3,0,0,1,0,0,0,0,1,0,0,1
2021,3,9,7,5,3,0,0,1,0,0,0,1,1,0,2,0
2018,6,14,3,6,4,0,0,0,1,1,0,0,0,0,0,1
2021,8,16,4,1,5,0,1,1,0,0,0,0,0,0,1,0
2018,9,1,7,5,7,2,0,1,0,0,0,1,0,0,0,0
2020,11,5,2,6,7,2,0,1,1,0,0,0,1,1,2,1
2021,12,15,7,5,2,1,0,1,0,0,0,0,1,1,2,0
2021,6,19,6,1,5,0,0,1,0,1,0,1,0,0,1,0
2021,9,8,4,6,4,0,0,1,1,0,0,0,0,0,1,1
2020,8,15,5,0,1,0,1,0,0,0,0,0,0,0,1,0
2021,7,11,7,2,6,0,0,1,0,0,0,0,0,0,1,0
2019,6,8,4,5,3,0,1,1,0,0,0,0,0,0,0,0
2021,3,13,3,5,3,0,1,1,0,0,0,0,0,0,2,0
2019,9,7,6,3,2,0,0,1,0,0,0,0,1,0,0,0
2018,9,9,5,5,3,0,1,1,0,0,0,0,1,0,0,1
2021,9,14,7,2,6,0,0,1,0,1,0,0,1,0,1,0
2020,7,17,5,0,5,0,0,1,0,1,0,0,1,0,1,0
2021,9,12,5,2,6,0,0,1,0,0,0,0,0,0,1,0
2020,12,15,6,5,3,1,1,1,0,0,0,0,0,1,2,0
2020,8,16,4,3,6,0,0,1,0,1,0,0,0,0,1,1
2021,4,15,3,5,2,0,0,1,0,0,1,0,0,1,2,0
2020,10,19,6,5,2,2,1,1,0,0,0,0,1,1,1,0
2018,1,7,4,6,4,2,0,0,1,0,0,1,1,0,0,0
2021,3,7,6,3,7,0,0,1,0,0,0,0,1,0,2,0
2021,11,7,4,2,3,0,0,1,0,0,0,1,0,0,2,0
2018,2,14,5,6,2,0,0,1,1,0,0,0,0,0,0,0
2020,8,4,2,5,3,2,0,1,0,1,0,0,1,0,1,1
2020,10,9,6,5,3,0,0,1,0,0,0,0,1,1,1,0
2021,8,16,3,5,3,0,0,1,0,0,0,1,0,0,1,0
2018,10,15,7,2,6,0,0,1,0,0,0,0,0,0,0,0
2018,6,10,7,6,2,0,0,0,1,1,0,0,0,0,0,0
2019,7,10,1,5,3,0,0,1,0,0,0,0,1,0,0,0
2020,12,12,3,5,7,0,0,1,0,0,0,0,0,1,2,0
2019,6,15,5,5,2,0,1,1,0,0,0,0,0,0,0,0
2018,8,15,2,5,2,0,1,1,0,0,0,0,0,0,0,0
2018,4,10,6,5,2,0,1,1,0,0,0,0,1,0,0,0
2018,6,15,4,5,3,0,1,1,0,0,0,0,0,0,0,0
2019,8,20,2,1,1,2,0,1,0,1,0,0,1,0,0,1
2018,2,22,6,0,1,2,1,0,0,0,0,0,0,0,0,1
2021,10,8,2,5,3,0,0,1,0,0,0,0,0,0,1,0
2018,9,15,4,5,3,0,1,1,0,0,0,0,0,0,0,0
2018,6,10,5,5,3,0,1,0,0,0,0,1,0,0,0,1
2018,1,10,4,3,6,0,0,1,0,0,1,0,0,0,0,0
2021,1,15,6,2,3,0,0,1,0,0,0,0,0,1,2,0
2021,11,9,5,2,6,0,0,1,0,0,0,0,0,0,2,0
2020,10,10,5,5,7,0,1,1,0,0,0,0,0,1,1,0
2018,11,15,1,2,6,0,0,1,0,0,0,0,1,0,0,0
2021,3,13,3,1,5,0,1,1,0,0,0,0,0,0,2,0
2018,8,17,5,2,6,0,0,1,0,0,0,0,0,0,0,0
2021,8,12,2,2,6,0,0,1,0,0,0,0,0,0,1,0
2018,5,12,2,5,2,0,1,1,0,0,0,0,0,0,0,0
2020,10,14,5,2,6,0,0,1,0,0,0,0,0,1,1,0
2018,8,1,4,6,7,2,0,1,1,0,0,0,0,0,0,0
2020,10,10,5,2,6,0,0,1,0,1,0,0,1,1,1,0
2018,4,20,5,6,4,2,0,1,1,0,0,0,0,0,0,0
2019,3,17,4,5,2,0,0,1,0,0,0,0,0,0,0,0
2020,8,9,5,5,2,0,0,1,0,0,0,0,0,0,1,0
2018,1,16,5,6,4,2,0,1,1,0,0,0,1,0,0,1
2020,2,16,3,0,3,0,0,1,0,0,0,1,0,0,0,0
2018,9,11,4,5,3,0,1,0,0,0,0,0,0,0,0,0
2020,11,10,2,3,6,0,1,1,0,0,0,0,0,1,2,0
2018,1,13,6,6,7,0,1,1,1,1,0,0,0,0,0,0
2020,6,19,3,2,3,0,1,1,0,0,0,0,0,0,1,0
2021,8,16,4,5,2,0,1,1,0,0,0,0,0,0,1,1
2019,7,8,4,1,5,0,1,1,0,0,0,0,0,0,0,0
2018,6,14,6,5,3,0,0,1,0,0,0,0,0,0,0,0
2018,7,9,3,1,7,0,0,1,0,0,0,1,0,0,0,0
2020,1,4,6,6,2,2,0,0,1,0,1,0,1,0,0,0
2018,11,21,6,1,5,2,1,1,0,0,0,0,1,0,0,0
2018,6,8,3,5,7,0,1,1,0,0,0,0,0,0,0,0
2018,3,16,2,2,6,0,0,1,0,0,0,0,0,0,0,0
2018,5,9,5,9,7,0,0,1,0,0,1,0,0,0,0,1
2018,10,8,2,6,4,0,0,1,1,0,0,0,0,0,0,1
2021,10,2,1,0,1,2,0,0,0,0,0,1,0,0,1,0
2019,10,14,5,5,3,0,1,1,0,0,0,0,0,0,0,1
2018,2,16,4,5,3,0,0,1,0,0,0,0,0,0,0,0
2021,12,19,4,5,3,2,1,1,0,0,0,0,1,1,2,0
2019,1,13,6,5,3,0,1,1,0,0,0,0,1,0,0,0
2019,9,16,6,6,4,0,0,1,1,0,0,0,1,0,0,0
2018,12,22,1,5,3,2,0,1,0,0,0,0,0,0,0,0
2021,8,16,6,8,1,0,0,0,0,0,0,1,0,0,1,0
2018,6,12,3,3,6,0,1,0,0,0,0,0,0,0,0,0
2020,4,17,1,3,6,0,1,1,0,0,0,0,0,1,2,0
2021,6,15,7,3,6,0,0,1,0,1,0,0,0,0,1,0
2019,12,19,3,6,4,2,0,1,1,0,0,0,0,0,0,0
2021,7,13,4,5,2,0,1,1,0,0,0,0,0,0,1,0
2018,5,2,6,5,3,2,0,1,0,1,0,0,0,0,0,1
2019,9,11,4,2,6,0,0,1,0,0,0,1,1,0,0,0
2018,9,9,6,5,2,0,1,1,0,0,0,0,0,0,0,0
2019,3,21,4,2,6,2,0,1,0,1,0,0,1,0,0,0
2019,8,13,3,5,2,0,1,1,0,0,0,0,0,0,0,0
2020,10,11,6,1,5,0,0,1,0,0,0,0,0,1,1,0
2021,10,14,5,5,3,0,0,1,0,1,0,0,1,0,1,0
2018,8,9,5,3,6,0,1,0,0,0,0,0,0,0,0,0
2018,9,19,5,5,2,0,1,1,0,0,0,0,0,0,0,1
2021,8,13,4,5,3,0,0,1,0,1,0,0,0,0,1,1
2020,4,14,6,1,5,0,1,1,0,0,0,0,0,1,2,1
2019,5,7,6,2,6,0,0,1,0,0,0,0,0,0,0,0
2021,3,13,3,0,7,0,0,1,0,0,0,1,0,0,2,0
2019,10,12,5,2,7,0,0,1,0,0,0,0,1,0,0,0
2018,7,15,5,2,2,0,1,1,0,0,0,0,1,0,0,0
2020,7,11,5,2,6,0,0,1,0,0,0,0,0,0,1,0
2021,10,15,1,5,2,0,0,1,0,0,0,0,0,0,1,0
2018,10,17,5,5,3,0,1,1,0,0,0,0,0,0,0,1
2018,5,7,3,0,2,0,1,1,0,0,0,0,0,0,0,0
2018,2,10,2,0,6,0,0,1,0,1,0,0,0,0,0,0
2020,3,22,2,5,3,2,0,1,0,0,0,1,0,1,1,0
2021,7,20,6,5,2,1,1,1,0,0,0,0,0,0,1,0
2020,6,20,7,6,7,1,1,0,1,0,0,0,1,0,1,0
2019,4,10,3,5,3,0,1,1,0,0,0,0,0,0,0,0
2018,9,15,7,5,3,0,0,1,0,0,0,0,0,0,0,0
2019,8,15,2,1,5,0,1,1,0,0,0,0,0,0,0,1
2019,11,16,7,5,3,2,0,1,0,0,0,1,1,0,0,1
2020,6,14,4,5,2,0,0,1,0,0,0,0,0,0,1,0
2018,1,6,4,0,7,2,0,1,0,0,0,0,0,0,0,0
2021,6,17,6,5,2,0,0,1,0,1,0,0,0,0,1,0
2020,6,16,3,2,3,0,1,1,0,0,0,1,0,0,1,0
2020,3,12,3,2,6,0,0,1,0,0,0,0,1,1,1,0
2019,5,14,2,5,3,0,1,1,0,0,0,0,0,0,0,0
2020,6,13,4,2,6,0,1,1,0,0,0,0,0,0,1,1
2020,9,17,5,5,7,0,1,1,0,0,0,0,0,0,1,0
2019,2,19,7,5,2,2,0,1,0,0,0,0,0,0,0,0
2019,6,12,1,5,2,0,0,1,0,0,0,0,0,0,0,0
2021,7,7,3,5,3,0,1,1,0,0,0,0,0,0,1,0
2019,9,18,6,5,3,1,0,1,0,0,0,0,1,0,0,0
2019,2,15,7,5,3,0,0,1,0,0,0,0,1,0,0,0
2020,12,20,1,2,6,2,0,1,0,0,0,0,1,1,2,0
2021,10,6,1,8,1,2,0,1,0,0,0,0,0,0,1,1
2019,3,14,3,5,2,0,1,1,0,0,0,0,0,0,0,0
2021,8,19,1,2,6,0,0,1,0,0,0,0,0,0,1,0
2018,7,10,2,2,6,0,0,1,0,0,0,0,0,0,0,0
2021,11,10,6,0,7,0,1,0,0,0,0,0,1,0,2,0
2019,5,16,4,2,6,0,0,1,0,0,0,0,1,0,0,0
2019,7,12,7,5,2,0,0,1,0,1,0,0,0,0,0,0
2019,10,11,6,5,3,0,0,1,0,0,0,1,0,0,0,0
2021,6,12,5,6,4,0,1,0,1,0,0,0,1,0,1,0
2020,4,17,4,2,7,0,1,1,0,0,0,0,0,1,2,0
2021,8,0,7,0,1,2,1,0,0,0,0,0,0,0,1,0
2020,5,11,6,2,6,0,0,1,0,0,0,0,0,1,1,0
2020,9,13,1,6,4,0,0,1,1,0,0,0,0,0,1,0
2018,5,14,4,0,1,0,0,1,0,1,0,0,0,0,0,1
2018,6,15,6,0,3,0,1,1,0,0,0,0,0,0,0,0
2019,12,15,2,0,7,1,1,0,0,0,0,0,1,0,0,0
2018,1,16,2,2,6,2,0,1,0,0,0,1,0,0,0,0
2020,6,11,6,1,5,0,1,1,0,0,0,0,0,0,1,1
2020,7,7,5,2,6,0,0,1,0,0,1,0,0,0,1,0
2019,4,9,4,5,2,0,0,1,0,0,0,0,0,0,0,0
2018,10,12,4,6,2,0,0,1,1,0,0,0,0,0,0,1
2021,8,7,5,6,4,0,0,1,1,0,0,0,0,0,1,0
2018,5,15,2,5,2,0,1,1,0,0,0,0,0,0,0,0
2019,8,16,5,2,6,0,0,1,0,0,0,1,0,0,0,0
2019,6,15,5,0,7,0,0,1,0,0,0,0,0,0,0,0
2020,11,17,2,5,2,1,1,1,0,0,0,0,0,1,2,0
2018,10,23,3,6,2,2,0,1,1,0,0,0,1,0,0,0
2018,3,14,5,6,4,0,0,1,1,0,0,0,0,0,0,0
2019,6,3,2,0,1,2,1,0,0,0,0,0,0,0,0,0
2021,1,3,1,9,1,2,0,1,0,0,0,0,2,1,2,0
2018,5,19,3,5,3,0,1,1,0,0,0,0,0,0,0,1
2019,5,17,1,1,5,0,1,1,0,0,0,0,0,0,0,0
2020,6,17,2,5,3,0,1,1,0,1,0,0,0,0,1,0
2019,9,16,6,5,3,0,0,1,0,0,0,1,0,0,0,1
2018,7,12,6,1,5,0,1,0,0,0,1,0,0,0,0,0
2019,12,12,4,5,2,0,0,1,0,0,0,0,1,0,0,0
2018,9,8,4,6,2,0,0,0,1,0,0,1,0,0,0,0
2020,8,16,5,5,3,0,1,1,0,0,0,0,0,0,1,1
2020,7,12,3,7,7,0,0,0,0,1,0,0,0,0,1,1
2019,9,7,2,2,7,0,0,1,0,0,0,0,0,0,0,0
2019,8,20,1,0,1,1,0,0,0,1,0,0,1,0,0,1
2020,10,18,5,3,6,1,1,1,0,0,0,0,1,1,1,0
2020,2,19,1,5,3,2,1,1,0,0,0,0,1,0,0,1
2021,5,15,2,2,2,0,0,1,0,0,0,0,0,1,2,0
2021,5,17,1,5,2,0,1,1,0,0,0,0,0,1,2,0
2019,8,7,3,5,2,0,1,1,0,0,0,0,0,0,0,0
2018,9,19,6,5,2,0,1,1,0,0,0,0,0,0,0,0
2019,12,13,7,5,2,0,0,1,0,0,0,0,1,0,0,0
2019,7,15,6,5,7,0,0,0,0,1,0,1,0,0,0,1
2019,1,17,1,5,3,2,1,1,0,0,0,0,0,0,0,1
2019,2,19,4,3,6,2,0,1,0,0,0,0,0,0,0,0
2018,3,9,5,5,3,0,0,1,0,0,0,0,0,0,0,0
2021,8,7,2,0,7,0,0,0,1,0,0,1,1,0,1,0
2018,9,23,6,5,2,2,0,1,0,1,0,0,0,0,0,0
2021,4,9,3,5,3,0,0,1,0,0,0,0,0,1,2,0
2020,9,19,6,6,7,2,0,1,1,0,0,0,0,0,1,0
2019,3,15,3,6,4,0,0,1,1,0,0,0,1,0,0,0
2019,8,6,5,0,4,0,1,0,1,0,0,0,1,0,0,0
2018,7,14,4,5,3,0,0,1,0,0,0,0,0,0,0,0
2018,9,9,2,5,3,0,1,1,0,0,0,0,0,0,0,0
2020,5,2,6,5,3,2,0,1,0,0,0,1,0,1,1,0
2018,8,14,6,6,4,0,0,1,1,0,0,0,0,0,0,0
2021,12,10,3,1,7,0,0,1,0,0,0,0,0,1,2,0
2020,10,14,2,5,2,0,1,1,0,0,0,0,0,1,1,0
2021,6,8,2,4,6,0,0,1,0,0,0,0,0,0,1,1
2018,1,20,5,5,3,2,1,1,0,0,0,0,1,0,0,0
2020,6,12,6,2,6,0,0,1,0,0,0,0,0,0,1,0
2018,4,17,3,9,1,0,0,1,0,0,0,0,0,0,0,0
2019,8,17,5,0,1,0,0,0,0,1,0,0,0,0,0,1
2018,9,22,7,1,1,2,0,1,0,0,0,0,0,0,0,0
2021,7,15,5,0,2,0,0,0,0,0,0,1,1,0,1,0
2021,11,21,1,5,3,2,0,1,0,0,0,0,0,0,2,0
2018,6,12,3,5,3,0,0,1,0,1,0,0,0,0,0,0
2021,3,17,4,5,2,1,0,1,0,0,0,1,0,0,2,1
2020,6,18,1,9,1,0,0,1,0,0,0,0,0,0,1,1
2021,1,15,3,0,2,0,1,1,0,0,0,0,1,1,2,0
2021,11,14,2,5,2,0,0,1,0,0,0,1,0,0,2,0
2020,6,11,2,2,6,0,0,1,0,0,0,0,0,0,1,0
2018,8,19,1,0,6,0,0,1,0,0,0,1,0,0,0,0
2021,8,13,3,5,2,0,1,1,0,0,0,0,0,0,1,0
2018,4,18,4,2,2,0,0,1,0,0,0,0,0,0,0,0
2019,2,12,6,5,3,0,0,1,0,0,1,0,0,0,0,1
2018,8,15,6,5,2,0,0,1,0,0,0,0,0,0,0,0
2018,7,7,2,5,2,0,1,1,0,0,0,0,0,0,0,0
2019,8,17,5,5,2,0,0,1,0,0,0,0,0,0,0,0
2021,7,14,7,2,7,0,0,1,0,0,0,0,0,0,1,0
2021,9,21,7,5,3,2,1,1,0,0,0,0,0,0,1,0
2021,5,9,4,5,2,0,1,1,0,0,0,0,0,1,2,0
2020,9,15,2,5,2,0,0,1,0,0,0,0,0,0,1,0
2018,12,15,4,0,2,0,1,1,0,0,0,0,0,0,0,0
2020,4,20,4,1,5,2,1,1,0,0,0,1,0,1,2,0
2020,7,13,2,5,7,0,0,1,0,1,0,0,0,0,1,0
2021,6,10,3,3,6,0,1,1,0,0,0,0,0,0,1,0
2021,6,22,4,5,2,2,1,1,0,0,0,0,0,0,1,0
2021,10,14,3,5,3,0,1,1,0,0,0,0,0,0,1,0
2019,1,6,2,6,2,2,0,1,1,0,0,0,1,0,0,1
2018,6,7,6,3,6,0,1,0,0,0,0,0,0,0,0,0
2019,10,9,3,2,6,0,1,1,0,0,0,0,0,0,0,0
2021,11,22,5,5,3,2,0,1,0,0,0,0,1,0,2,0
2020,2,15,7,5,2,0,0,1,0,0,0,0,1,0,0,0
2018,9,19,1,5,3,0,1,0,0,0,0,0,0,0,0,0
2018,3,7,2,5,3,0,0,1,0,0,0,0,2,0,0,0
2019,1,8,1,1,1,0,0,1,0,0,0,0,1,0,0,1
2019,9,11,3,5,2,0,0,1,0,0,0,1,0,0,0,0
2020,8,15,3,5,3,0,1,0,0,0,0,1,0,0,1,1
2019,2,15,2,2,6,0,0,1,0,0,0,1,0,0,0,0
2019,7,19,4,2,4,0,0,1,1,0,0,0,0,0,0,0
2019,8,19,7,6,4,1,0,1,1,0,0,0,0,0,0,0
2019,11,13,4,2,2,0,0,1,0,0,0,0,1,0,0,0
2018,4,21,6,6,4,2,0,1,1,0,0,0,1,0,0,1
2020,12,19,5,5,2,2,1,1,0,0,0,0,1,1,2,0
2019,11,12,7,5,2,0,0,1,0,0,0,0,1,0,0,0
2021,5,9,3,2,6,0,0,1,0,0,0,0,0,1,2,0
2019,1,16,5,5,2,1,1,1,0,0,0,0,0,0,0,0
2018,6,16,3,6,7,0,1,0,1,0,0,0,0,0,0,0
2018,9,11,5,5,2,0,1,0,0,0,0,0,0,0,0,0
2020,6,7,5,5,7,0,0,1,0,1,0,0,0,0,1,0
2021,3,5,5,8,1,2,0,1,0,0,0,0,1,0,2,0
2019,8,15,5,6,4,0,0,1,1,0,0,0,0,0,0,0
2019,12,17,6,6,2,2,0,1,1,0,0,0,1,0,0,0
2019,3,10,7,5,2,0,0,1,0,0,0,0,0,0,0,0
2018,9,17,5,5,2,0,1,0,0,0,0,1,0,0,0,0
2020,7,8,4,3,6,0,1,1,0,0,0,0,0,0,1,0
2019,5,9,4,5,2,0,0,1,0,0,0,0,1,0,0,0
2019,2,17,3,2,6,2,1,1,0,0,0,0,0,0,0,0
2019,3,16,7,0,2,0,1,1,0,0,0,0,1,0,0,0
2018,2,0,4,1,5,2,0,1,0,0,0,0,0,0,0,0
2020,7,20,7,0,5,0,1,1,0,0,0,0,0,0,1,0
2018,4,20,1,2,6,2,0,1,0,0,0,0,0,0,0,0
2018,6,23,5,2,6,2,0,1,0,0,0,0,0,0,0,0
2021,2,18,5,0,4,1,0,0,1,1,0,0,0,1,2,0
2021,10,19,5,0,3,0,0,1,0,1,0,0,0,0,1,1
2019,8,21,2,5,3,2,1,1,0,0,0,0,1,0,0,0
2021,2,14,2,6,4,0,0,1,1,0,0,0,2,1,2,0
2019,7,13,7,0,3,0,0,1,0,1,0,0,0,0,0,0
2019,6,2,7,6,4,2,0,0,1,0,0,1,0,0,0,0
2021,4,16,4,5,7,0,1,1,0,0,0,0,0,1,2,0
2018,8,16,2,5,7,0,0,1,0,0,0,0,0,0,0,0
2018,5,17,7,5,3,0,0,1,0,0,0,0,0,0,0,0
2021,10,8,4,6,2,0,0,1,1,0,0,0,1,0,1,0
2018,6,18,5,5,2,0,0,1,0,1,0,0,0,0,0,1
2019,1,15,5,5,3,0,0,1,0,0,1,0,0,0,0,0
2018,9,13,2,2,6,0,0,1,0,1,0,0,0,0,0,0
2019,10,19,1,6,2,2,0,1,1,0,0,0,0,0,0,0
2020,5,16,4,0,7,0,0,1,0,0,1,0,0,1,1,1
2019,11,22,7,5,2,2,1,1,0,0,0,0,1,0,0,0
2020,5,19,5,2,6,0,0,1,0,0,0,0,0,1,1,0
2019,12,10,6,5,3,0,1,1,0,0,0,0,0,0,0,0