UJAHR,UMONAT,USTUNDE,UWOCHENTAG,UART,UTYP1,ULICHTVERH,IstRad,IstPKW,IstFuss,IstKrad,IstGkfz,IstSonstige,USTRZUSTAND,LOCKDOWN,COVID,UKATEGORIE
2018,2,18,2,6,2,2,0,1,1,0,0,0,0,0,0,0
2019,6,7,5,3,6,0,0,1,0,1,0,0,1,0,0,0
2018,1,14,1,5,2,0,1,1,0,0,0,0,1,0,0,0
2019,1,19,2,1,5,2,0,1,0,0,0,0,1,0,0,0
2020,12,16,1,2,6,1,0,1,0,0,0,0,0,1,2,0
2019,3,16,5,2,2,0,0,1,0,1,0,0,1,0,0,0
2018,5,9,4,5,3,0,1,0,0,0,1,0,0,0,0,0
2021,10,11,1,2,2,0,0,1,0,0,0,0,0,0,1,0
2020,8,9,4,1,5,0,1,1,0,0,0,0,0,0,1,0
2018,4,0,5,0,1,2,1,0,0,0,0,0,1,0,0,0
2021,8,12,1,3,6,0,1,1,0,0,0,0,0,0,1,1
2018,6,19,2,6,4,0,0,1,1,0,0,0,0,0,0,0
2019,10,19,6,5,7,2,1,1,0,0,0,0,0,0,0,0
2020,8,16,2,5,3,0,1,1,0,0,0,0,0,0,1,0
2021,2,15,3,3,6,0,0,1,0,0,1,0,2,1,2,0
2018,5,15,6,5,2,0,1,1,0,0,0,0,0,0,0,1
2018,5,8,4,2,6,0,0,1,0,0,0,0,0,0,0,0
2018,2,20,3,5,2,2,1,0,0,0,0,1,0,0,0,0
2019,6,13,6,2,6,0,1,0,0,0,0,0,0,0,0,0
2021,10,17,7,0,1,0,1,0,0,0,0,0,0,0,1,0
2021,8,23,5,0,1,2,1,0,0,0,0,0,0,0,1,0
2020,9,14,3,0,7,0,1,0,0,0,0,0,0,0,1,1
2018,9,5,4,2,6,1,0,1,0,0,0,0,0,0,0,0
2019,10,17,2,1,5,1,0,1,0,0,0,0,0,0,0,0
2020,11,20,1,6,2,2,0,1,1,0,0,0,1,1,2,0
2021,6,9,3,6,4,0,0,1,1,0,0,0,0,0,1,0
2021,12,10,6,6,4,0,0,1,1,0,0,0,0,1,2,0
2019,11,18,7,2,6,2,0,1,0,0,0,0,0,0,0,0
2021,1,13,3,6,2,0,0,1,1,0,0,0,2,1,2,1
2019,10,14,1,2,2,0,1,1,0,0,0,0,0,0,0,0
2019,6,9,4,6,4,0,0,1,1,0,0,0,0,0,0,0
2021,6,13,3,6,4,0,0,1,1,0,0,0,0,0,1,1
2020,3,16,4,6,4,0,0,1,1,0,0,0,0,1,1,0
2020,10,7,6,5,3,1,1,1,0,0,0,0,1,1,1,0
2019,7,0,7,3,6,2,0,1,0,0,0,0,0,0,0,0
2018,1,9,2,5,2,0,0,1,0,0,0,0,0,0,0,0
2019,12,7,3,0,1,2,1,0,0,0,0,0,2,0,0,1
2021,6,23,4,5,3,2,0,1,0,0,0,1,1,0,1,1
2021,2,5,4,1,5,2,0,1,0,0,0,0,1,1,2,0
2020,12,8,2,0,6,0,0,1,0,0,0,0,0,1,2,0
2019,12,7,3,0,6,1,1,1,0,0,0,0,2,0,0,0
2020,9,17,1,1,5,0,1,1,0,0,0,0,0,0,1,1
2021,12,21,1,6,4,2,0,0,1,0,0,1,1,1,2,0
2018,8,17,1,5,2,0,0,1,0,0,0,0,0,0,0,0
2021,6,16,3,1,5,0,1,1,0,0,0,0,0,0,1,0
2020,1,8,2,5,2,0,1,1,0,0,0,0,0,0,0,0
2019,7,16,2,5,7,0,1,1,0,0,0,0,0,0,0,0
2021,7,14,6,0,2,0,0,1,0,1,0,0,0,0,1,0
2021,11,17,4,2,7,2,0,1,0,0,0,0,0,0,2,1
2019,4,15,3,5,2,0,1,1,0,0,0,0,0,0,0,0
2019,11,21,1,2,7,2,0,1,0,0,0,0,1,0,0,0
2019,9,18,2,6,4,0,0,1,1,0,0,0,0,0,0,1
2018,9,13,6,6,4,0,0,1,1,0,0,0,0,0,0,0
2021,6,3,1,8,1,2,0,1,0,0,0,0,0,0,1,0
2019,5,7,2,0,7,0,0,0,0,0,0,1,0,0,0,0
2021,10,19,4,5,3,2,1,1,0,0,0,0,1,0,1,0
2021,4,15,4,5,2,0,1,1,0,0,0,0,0,1,2,0
2020,11,11,4,4,6,0,0,1,0,0,0,1,1,1,2,1
2021,5,16,5,4,6,0,0,1,0,0,0,0,1,1,2,0
2018,3,20,6,9,1,2,0,0,0,1,0,0,0,0,0,1
2018,1,18,4,2,6,2,0,1,0,0,0,0,0,0,0,0
2019,1,15,5,5,3,0,1,1,0,0,0,0,0,0,0,0
2018,9,14,4,5,3,0,1,1,0,0,0,0,0,0,0,0
2018,1,5,3,6,2,2,0,1,1,0,0,0,2,0,0,0
2019,2,15,2,2,6,0,0,1,0,0,0,1,0,0,0,0
2019,11,7,5,4,6,1,1,0,0,0,0,0,0,0,0,1
2019,6,7,3,0,1,0,0,0,0,1,0,0,0,0,0,1
2018,6,16,7,4,6,0,0,1,0,0,0,0,0,0,0,0
2021,9,3,7,4,6,2,0,1,0,0,0,0,0,0,1,0
2021,1,10,3,5,3,0,0,1,0,0,0,0,1,1,2,0
2019,4,17,4,0,6,0,0,1,0,0,0,1,0,0,0,0
2018,4,17,4,2,7,0,0,1,0,1,0,0,0,0,0,0
2020,8,4,3,2,6,1,0,1,0,0,0,0,0,0,1,1
2021,5,11,6,5,3,0,1,1,0,0,0,0,1,1,2,0
2020,6,17,3,0,5,0,0,1,0,0,0,0,0,0,1,0
2019,7,18,3,2,6,0,0,1,0,0,0,1,0,0,0,0
2021,8,19,5,3,6,0,0,1,0,1,0,0,0,0,1,0
2020,8,13,3,2,6,0,1,0,0,0,0,0,0,0,1,0
2019,6,3,7,1,5,2,0,1,0,1,0,0,0,0,0,0
2021,6,13,4,5,2,0,1,1,0,0,0,0,0,0,1,0
2019,6,8,4,2,6,0,1,0,0,0,0,0,0,0,0,0
2020,11,17,2,5,3,2,1,1,0,0,0,0,0,1,2,0
2020,10,12,7,0,7,0,0,1,0,0,0,0,1,1,1,0
2018,11,18,6,3,6,2,1,0,0,0,0,0,0,0,0,1
2020,8,7,5,0,3,0,0,1,0,1,0,0,0,0,1,0
2020,9,7,3,0,7,0,1,0,1,0,0,0,0,0,1,0
2018,8,8,6,3,6,0,1,0,0,0,0,1,0,0,0,1
2019,6,16,2,5,3,0,1,1,0,0,0,0,0,0,0,0
2021,5,13,5,5,3,0,0,1,0,0,0,0,0,1,2,0
2021,10,18,2,0,7,0,0,0,0,0,0,1,0,0,1,0
2019,12,2,2,6,4,2,0,1,1,0,0,0,0,0,0,0
2019,7,12,2,6,7,0,0,0,1,0,0,1,0,0,0,1
2018,6,11,5,6,4,0,0,1,1,0,0,0,0,0,0,0
2018,9,19,4,3,6,0,0,1,0,1,0,0,0,0,0,0
2021,5,7,2,5,3,0,0,1,0,0,0,0,1,1,2,0
2018,10,17,4,2,7,0,0,1,0,1,0,0,0,0,0,0
2020,8,20,6,8,1,0,0,1,0,0,0,0,0,0,1,0
2019,4,16,1,5,2,0,0,1,0,0,0,0,0,0,0,1
2018,12,18,7,6,2,2,0,1,1,0,0,0,1,0,0,0
2021,2,17,2,5,2,0,1,1,0,0,0,0,0,1,2,0
2018,6,10,6,6,4,0,1,0,1,0,0,0,0,0,0,0
2018,11,9,3,5,3,0,1,1,0,0,0,0,0,0,0,0
2018,10,13,3,3,1,0,1,1,0,0,0,0,1,0,0,1
2020,5,17,2,6,4,0,0,1,1,0,0,0,1,1,1,1
2021,10,21,4,0,1,2,1,0,0,0,0,0,0,0,1,0
2021,11,17,5,6,4,2,0,1,1,0,0,0,1,0,2,0
2021,10,8,5,1,5,0,0,1,0,0,1,0,0,0,1,0
2020,8,7,5,5,2,0,1,1,0,0,0,0,0,0,1,0
2018,7,12,3,6,4,0,0,1,1,0,0,0,0,0,0,0
2018,10,8,5,5,7,0,0,1,0,1,0,0,1,0,0,0
2021,9,11,3,2,6,0,0,1,0,0,1,0,0,0,1,0
2018,6,10,5,5,3,0,0,1,0,0,0,0,0,0,0,0
2018,5,16,5,5,3,0,0,1,0,0,0,0,0,0,0,0
2020,4,14,6,5,2,0,1,1,0,0,0,0,0,1,2,0
2019,12,11,7,6,4,0,0,1,1,0,0,0,1,0,0,0
2020,11,14,2,5,3,0,0,1,0,0,0,0,0,1,2,0
2020,6,12,5,0,1,0,1,0,0,0,0,0,0,0,1,0
2021,9,13,3,2,6,0,0,1,0,0,0,0,0,0,1,0
2018,11,14,3,2,6,0,0,1,0,0,0,0,1,0,0,0
2018,5,16,3,5,2,0,1,1,0,0,0,0,0,0,0,0
2019,9,12,2,5,2,0,0,1,0,1,0,0,0,0,0,1
2021,6,19,3,5,3,0,1,1,0,0,0,0,0,0,1,0
2021,1,14,1,6,4,0,0,1,1,0,0,0,0,1,2,0
2021,5,18,2,2,6,0,0,1,0,0,0,0,0,1,2,1
2018,5,7,3,5,2,0,1,1,0,0,0,0,0,0,0,0
2020,9,9,5,5,2,0,1,1,0,0,0,0,0,0,1,0
2019,6,16,3,2,6,0,0,1,0,1,0,0,0,0,0,0
2018,4,18,4,6,7,0,0,1,1,0,0,0,0,0,0,1
2021,11,9,2,5,2,0,0,1,0,0,0,1,0,0,2,0
2020,8,14,6,3,6,0,0,1,0,0,0,0,0,0,1,0
2020,10,17,4,5,7,1,0,1,0,1,0,0,0,1,1,0
2021,8,20,3,5,2,1,1,1,0,0,0,0,1,0,1,0
2018,4,0,1,2,6,2,0,1,0,1,0,0,0,0,0,0
2021,1,13,4,1,5,0,0,1,0,0,0,0,1,1,2,1
2018,5,11,2,5,2,0,1,1,0,0,0,0,0,0,0,0
2018,11,8,6,5,3,0,0,1,0,0,0,1,0,0,0,0
2021,9,9,2,5,3,0,0,1,0,1,0,0,0,0,1,0
2018,12,11,3,2,6,0,0,1,0,0,0,0,0,0,0,0
2019,7,18,1,2,6,0,0,1,0,0,0,0,0,0,0,0
2019,4,0,7,4,6,2,1,0,0,0,0,0,0,0,0,0
2018,9,13,7,0,2,0,1,1,0,0,0,0,0,0,0,0
2020,11,13,6,2,6,0,0,1,0,0,0,0,0,1,2,0
2020,6,13,2,2,6,0,0,1,0,0,0,0,0,0,1,0
2018,8,15,1,2,6,0,0,1,0,1,0,0,0,0,0,0
2018,6,19,6,8,1,0,1,0,0,0,0,0,0,0,0,1
2021,9,20,5,5,3,2,0,1,0,0,0,1,0,0,1,0
2020,4,8,2,3,6,0,1,0,0,0,0,1,0,1,2,0
2018,7,15,4,0,1,0,1,0,0,0,0,0,0,0,0,0
2021,10,17,7,6,4,0,0,0,1,1,0,0,0,0,1,0
2020,3,16,4,0,7,0,0,1,0,0,0,0,0,1,1,0
2018,8,16,5,6,4,0,1,0,1,0,0,0,0,0,0,0
2021,9,10,5,6,6,0,0,0,1,0,0,1,0,0,1,0
2018,1,16,4,5,2,2,1,1,0,0,0,0,1,0,0,0
2019,12,12,3,0,6,0,0,1,0,0,0,1,0,0,0,0
2018,12,7,4,5,3,0,0,1,0,0,0,1,0,0,0,0
2020,10,9,6,6,4,0,1,0,1,0,0,0,0,1,1,0
2021,4,17,7,0,1,0,0,0,0,1,0,0,1,1,2,0
2019,3,11,6,6,7,0,0,1,1,0,0,0,0,0,0,0
2018,7,17,2,5,3,0,0,1,0,1,0,0,0,0,0,0
2018,8,14,2,5,7,0,0,1,0,0,0,0,0,0,0,0
2019,7,14,2,0,1,0,0,0,0,1,0,0,0,0,0,0
2021,9,8,6,2,1,0,0,1,0,0,0,0,0,0,1,0
2021,8,11,3,0,1,0,0,0,0,0,0,1,1,0,1,1
2020,5,15,2,0,2,0,0,0,0,1,0,1,1,1,1,0
2018,10,13,2,6,2,0,0,1,1,0,0,0,0,0,0,0
2020,8,20,3,4,6,0,0,1,1,0,0,0,0,0,1,1
2020,2,7,5,6,2,0,0,0,1,0,0,1,1,0,0,0
2021,12,9,6,2,2,0,0,1,0,0,0,1,0,1,2,0
2020,7,12,5,6,4,0,0,1,1,0,0,0,0,0,1,0
2019,5,17,7,3,6,0,0,1,0,0,0,0,0,0,0,0
2018,3,6,4,2,6,0,0,1,0,0,0,0,1,0,0,0
2019,9,7,3,5,2,0,1,1,0,0,0,0,0,0,0,0
2019,3,12,1,5,2,0,0,1,0,0,0,0,0,0,0,0
2019,10,0,7,0,1,2,0,0,0,0,0,1,0,0,0,1
2018,6,16,7,2,6,0,0,1,0,0,0,1,0,0,0,0
2018,8,5,5,0,7,1,1,0,0,0,0,0,0,0,0,0
2020,6,18,7,0,6,0,0,1,0,1,0,0,1,0,1,0
2019,2,16,1,2,2,2,0,1,0,0,0,0,1,0,0,0
2020,2,22,7,2,6,2,0,1,0,0,0,0,0,0,0,0
2019,10,8,3,5,3,0,1,1,0,0,0,0,1,0,0,0
2020,1,22,5,0,1,2,0,1,0,0,0,0,1,0,0,1
2019,9,16,4,5,3,0,1,1,0,0,0,0,0,0,0,1
2019,3,14,3,5,2,0,1,0,0,0,0,0,0,0,0,0
2021,9,18,5,2,6,0,0,1,0,0,0,0,0,0,1,0
2019,7,12,4,5,3,0,0,0,0,1,0,1,0,0,0,0
2018,5,15,4,5,2,0,0,1,0,0,0,0,0,0,0,1
2019,8,19,3,2,6,0,0,1,0,0,0,0,0,0,0,0
2019,1,8,6,6,4,0,1,0,1,0,0,0,1,0,0,0
2018,2,15,4,3,6,0,0,1,0,0,0,1,0,0,0,0
2020,10,20,3,0,4,2,0,0,1,1,0,0,0,1,1,0
2020,11,12,6,5,3,0,0,1,0,0,0,0,0,1,2,0
2019,6,12,7,0,7,0,0,1,0,0,0,0,0,0,0,0
2020,9,6,5,2,6,2,0,1,0,0,0,1,0,0,1,1
2018,4,16,3,5,2,0,1,0,0,0,0,1,0,0,0,0
2020,9,19,5,5,2,1,1,1,0,0,0,0,0,0,1,0
2019,3,10,5,0,7,0,1,0,0,0,0,0,1,0,0,0
2018,5,16,3,2,6,0,0,1,0,1,0,0,0,0,0,0
2018,7,19,1,5,2,0,0,1,0,0,0,0,0,0,0,1
2018,12,16,6,6,2,2,0,1,1,0,0,0,1,0,0,0
2021,12,14,1,1,7,0,0,1,0,0,0,0,1,1,2,0
2019,4,10,7,6,2,0,0,1,1,0,0,0,0,0,0,0
2019,12,4,1,5,3,2,0,1,0,0,0,0,0,0,0,1
2020,6,22,7,6,4,2,0,0,1,0,0,1,0,0,1,0
2020,3,8,5,5,3,0,0,1,0,0,0,1,0,1,1,0
2019,7,17,3,5,3,0,1,1,0,0,0,0,0,0,0,0
2020,11,8,3,2,6,0,0,1,0,0,0,0,0,1,2,0
2018,9,10,5,2,1,0,0,1,0,1,0,0,0,0,0,0
2018,1,10,6,2,6,0,0,1,0,0,0,0,1,0,0,0
2020,10,10,4,0,7,0,0,1,0,0,0,1,0,1,1,0
2019,7,13,6,2,6,0,0,1,0,0,0,0,0,0,0,0
2018,10,8,3,5,2,0,1,1,0,0,0,0,0,0,0,0
2021,5,14,1,3,6,0,1,1,0,0,0,0,0,1,2,0
2021,3,15,4,5,3,0,0,1,0,0,0,0,0,0,2,0
2019,10,21,7,5,2,2,0,1,0,0,0,1,0,0,0,0
2021,3,6,5,0,1,1,1,0,0,0,0,0,1,0,2,0
2019,1,18,5,5,2,2,1,1,0,0,0,0,1,0,0,0
2020,9,21,7,5,2,2,0,1,0,0,0,0,0,0,1,0
2020,3,11,3,5,7,0,0,1,0,0,0,1,0,1,1,1
2020,3,12,6,5,2,0,0,1,0,1,0,0,0,1,1,0
2021,7,12,2,5,7,0,0,1,0,0,0,0,0,0,1,1
2018,5,13,3,5,3,0,1,1,0,0,0,0,0,0,0,0
2019,8,13,5,1,5,0,1,1,0,0,0,0,0,0,0,0
2018,8,9,5,4,1,0,0,1,0,0,0,0,1,0,0,1
2019,12,21,5,5,3,2,1,0,0,0,0,0,1,0,0,1
2020,1,3,5,5,3,2,0,1,0,0,0,0,1,0,0,0
2020,7,11,3,0,1,0,1,0,0,0,0,0,0,0,1,0
2021,9,12,6,2,6,0,0,1,0,0,0,0,0,0,1,0
2018,11,14,5,2,6,0,0,1,0,0,0,0,0,0,0,0
2018,11,17,6,5,2,0,0,1,0,1,0,0,0,0,0,1
2021,4,15,1,5,3,0,0,1,0,0,0,1,0,1,2,0
2018,7,12,3,2,6,0,0,1,0,0,0,0,0,0,0,0
2018,7,9,3,0,2,0,1,1,0,0,0,0,0,0,0,0
2019,4,15,3,4,6,0,0,1,0,0,0,0,0,0,0,1
2019,10,16,2,0,6,0,0,1,0,0,0,1,0,0,0,1
2019,6,7,5,5,2,0,0,1,0,1,0,0,1,0,0,1
2019,9,8,3,5,3,0,1,0,0,0,0,0,0,0,0,0
2019,5,8,6,2,6,0,0,1,0,0,0,1,0,0,0,0
2021,10,20,6,5,5,2,0,1,0,1,0,0,1,0,1,0
2018,5,7,1,1,5,0,1,0,0,0,1,0,0,0,0,0
2020,6,20,7,5,2,0,1,1,0,0,0,0,0,0,1,0
2021,10,11,2,5,2,0,1,1,0,0,0,0,0,0,1,0
2021,5,18,2,6,4,0,1,0,1,0,0,0,0,1,2,0
2018,7,8,4,0,2,0,1,1,0,0,0,0,0,0,0,0
2019,5,22,3,5,2,2,0,1,0,0,0,1,1,0,0,0
2019,4,11,3,5,2,0,0,1,0,0,0,0,0,0,0,0
2019,6,17,6,5,3,0,1,1,0,0,0,0,0,0,0,0
2018,2,10,2,5,2,0,0,1,0,0,0,0,0,0,0,0
2020,9,11,3,5,2,0,1,1,0,0,0,0,0,0,1,0
2019,7,17,4,5,2,0,1,1,0,0,0,0,0,0,0,1
2018,1,17,2,4,2,2,1,0,0,0,0,0,0,0,0,1
2020,6,17,5,2,3,0,0,1,0,0,0,0,1,0,1,0
2018,9,0,6,0,5,2,1,1,0,0,0,0,0,0,0,0
2019,2,5,3,5,3,2,0,1,0,0,0,0,0,0,0,1
2018,5,6,1,5,3,0,1,1,0,0,0,0,0,0,0,0
2020,8,6,4,2,6,0,0,1,0,0,1,0,0,0,1,0
2018,5,13,4,5,2,0,0,1,0,0,0,1,0,0,0,0
2021,7,16,4,0,1,0,0,1,0,0,0,0,0,0,1,0
2020,6,15,4,6,7,0,0,1,1,0,0,0,0,0,1,0
2018,3,22,2,2,6,2,0,1,0,0,0,0,0,0,0,0
2019,5,7,2,5,2,0,0,1,0,0,0,0,0,0,0,0
2019,10,17,4,5,2,0,1,1,0,0,0,0,0,0,0,0
2021,8,15,4,5,3,0,1,1,0,0,0,0,0,0,1,0
2020,9,0,1,0,5,2,0,1,0,0,0,1,0,0,1,0
2020,7,16,7,2,6,0,0,1,0,0,0,1,0,0,1,0
2018,10,19,5,0,6,1,0,1,0,1,0,0,1,0,0,0
2019,2,14,5,5,2,0,0,1,0,0,0,0,0,0,0,1
2020,9,17,6,2,7,0,0,1,0,0,0,0,0,0,1,0
2019,4,23,1,5,2,2,1,1,0,0,0,0,0,0,0,0
2020,9,11,6,5,3,0,0,1,0,1,0,0,0,0,1,0
2021,11,8,2,5,3,0,0,1,0,0,0,0,0,0,2,0
2019,2,16,5,5,2,0,1,1,0,0,0,0,0,0,0,0
2019,6,7,3,0,1,0,1,0,0,0,0,0,0,0,0,0
2018,4,17,6,8,1,0,0,1,0,0,0,0,0,0,0,0
2018,8,16,6,3,6,0,0,0,0,1,0,1,0,0,0,0
2020,10,12,5,1,5,0,1,1,0,0,0,0,1,1,1,0
2019,3,15,6,0,1,0,0,0,0,1,0,0,1,0,0,1
2018,4,11,4,6,7,0,0,1,1,0,0,0,0,0,0,0
2020,10,2,6,0,7,2,0,1,0,0,0,0,0,1,1,0
2021,12,10,7,5,7,0,0,1,0,0,0,0,1,1,2,0
2018,9,17,4,0,1,0,1,0,0,0,0,0,0,0,0,1
2019,8,10,5,2,6,0,0,1,0,0,0,0,0,0,0,0
2020,8,12,5,1,5,0,1,1,0,0,0,0,0,0,1,0
2018,1,6,4,6,4,2,0,0,1,0,0,1,2,0,0,1
2018,9,18,7,4,6,0,0,1,0,0,0,0,0,0,0,1
2020,1,13,2,5,3,0,0,1,0,0,0,0,0,0,0,0
2020,2,21,2,6,2,2,0,1,1,0,0,0,1,0,0,1
2021,12,20,4,6,2,2,0,1,1,0,0,0,1,1,2,1
2020,7,9,4,0,1,0,1,0,0,0,0,0,0,0,1,0
2020,10,12,2,1,5,0,1,1,0,0,0,0,1,1,1,0
2019,5,14,7,6,4,0,0,1,1,0,0,0,1,0,0,0
2021,5,13,5,5,3,0,0,1,0,0,0,0,1,1,2,0
2019,9,18,2,5,2,0,1,1,0,0,0,0,0,0,0,0
2020,3,11,6,6,2,0,0,1,1,0,0,0,0,1,1,0
2021,8,11,6,2,2,0,0,1,0,0,0,0,0,0,1,0
2021,1,6,4,5,3,2,0,1,0,0,0,0,1,1,2,0
2021,7,15,7,5,3,0,0,1,0,0,0,1,0,0,1,0
2018,7,10,5,5,2,0,0,1,0,1,0,0,0,0,0,1
2021,5,16,5,5,2,0,1,1,0,0,0,0,0,1,2,0
2021,3,15,5,5,3,0,0,1,0,0,0,0,0,0,2,0
2019,1,19,5,2,6,2,0,1,0,0,0,0,1,0,0,0
2018,8,11,5,5,3,0,1,1,0,0,0,0,0,0,0,0
2018,7,18,3,2,6,0,0,1,0,0,0,1,0,0,0,0
2018,5,11,6,5,3,0,0,1,0,0,0,0,0,0,0,0
2020,4,17,6,1,5,0,1,1,0,0,0,0,0,1,2,0
2019,4,15,2,6,7,0,0,1,1,0,0,0,0,0,0,1
2019,6,16,3,2,6,0,1,1,0,0,0,0,0,0,0,0
2019,12,19,1,5,3,2,1,1,0,0,0,0,1,0,0,0
2019,9,6,2,6,2,2,0,1,1,0,0,0,1,0,0,0
2018,1,15,3,5,3,0,1,1,0,0,0,0,1,0,0,1
2018,4,15,7,3,6,0,0,1,0,0,1,0,0,0,0,0
2018,5,17,2,5,2,0,0,0,0,1,0,1,0,0,0,0
2021,10,16,5,0,1,0,1,1,0,0,0,0,1,0,1,0
2021,12,16,3,0,1,2,1,0,0,0,0,0,0,1,2,0
2019,4,15,2,2,6,0,0,1,0,0,0,0,0,0,0,0
2018,5,8,4,5,2,0,1,1,0,0,0,0,0,0,0,0
2018,3,18,2,2,2,2,1,1,0,0,0,0,1,0,0,0
2018,2,20,7,6,2,2,0,1,1,0,0,0,0,0,0,0
2020,10,10,4,0,5,0,1,1,0,0,0,0,1,1,1,0
2020,9,9,6,6,4,0,0,0,1,0,1,0,0,0,1,0
2019,2,15,3,5,3,0,1,1,0,0,0,0,0,0,0,0
2018,10,18,1,6,4,1,0,1,1,0,0,0,0,0,0,1
2021,12,14,7,0,5,1,0,1,0,0,0,0,1,1,2,0
2021,7,20,5,5,3,1,1,1,0,0,0,0,0,0,1,1
2018,7,16,3,0,1,0,1,0,0,0,0,0,0,0,0,0
2018,11,18,4,2,2,1,0,1,0,0,0,0,0,0,0,1
2020,8,18,6,0,1,0,1,0,0,0,0,0,0,0,1,0
2018,12,10,2,5,3,0,1,0,0,0,0,1,0,0,0,0
2020,5,7,3,5,2,0,1,1,0,0,0,0,0,1,1,0
2019,8,17,6,1,5,0,1,1,0,0,0,0,0,0,0,0
2020,7,8,5,5,2,0,0,1,0,0,0,0,0,0,1,0
2021,12,6,4,6,4,2,0,1,1,0,0,0,1,1,2,1
2019,2,12,7,6,4,0,1,0,1,0,0,0,0,0,0,0
2019,10,17,5,6,7,0,0,1,1,0,0,0,0,0,0,1
2018,7,18,5,8,1,0,0,1,0,0,0,0,0,0,0,0
2021,8,13,5,5,3,0,0,1,0,0,0,0,0,0,1,0
2019,2,5,6,6,4,2,0,1,1,0,0,0,0,0,0,0
2019,4,16,4,5,2,0,1,1,0,0,0,0,0,0,0,0
2018,5,12,2,1,5,0,1,1,0,0,0,0,0,0,0,0
2021,12,10,7,6,2,0,0,1,1,0,0,0,1,1,2,0
2020,4,18,6,0,1,0,1,1,0,0,0,0,0,1,2,0
2018,6,13,2,6,4,0,0,1,1,0,0,0,0,0,0,0
2020,7,20,2,0,5,0,0,1,0,1,0,0,1,0,1,1
2018,1,6,2,2,6,1,0,1,0,0,0,0,0,0,0,0
2020,8,10,2,0,5,0,0,1,0,0,0,1,0,0,1,0
2018,6,1,6,5,5,2,0,1,0,0,0,0,0,0,0,0
2020,8,20,6,5,2,0,0,1,0,1,0,0,1,0,1,0
2021,4,15,1,2,6,0,0,1,0,0,0,0,0,1,2,0
2019,9,16,3,5,3,0,1,1,0,0,0,0,1,0,0,0
2019,3,8,6,5,7,0,0,1,0,1,0,0,0,0,0,0
2021,9,15,4,3,6,0,1,0,0,1,0,0,0,0,1,0
2018,8,18,2,6,4,0,0,1,1,0,0,0,0,0,0,0
2019,6,6,5,5,3,0,0,1,0,0,0,0,0,0,0,0
2018,2,10,3,2,6,0,0,1,0,0,0,0,0,0,0,0
2021,11,7,6,2,6,0,0,1,0,0,0,0,1,0,2,0
2019,6,9,6,5,2,0,1,0,0,1,0,0,0,0,0,0
2021,3,18,3,5,3,2,1,1,0,0,0,0,0,0,2,1
2021,4,10,1,4,6,0,1,1,0,0,0,0,0,1,2,0
2019,10,11,4,5,3,0,1,1,0,0,0,0,1,0,0,0
2019,6,12,4,5,3,0,1,0,0,0,0,1,0,0,0,1
2018,8,12,5,0,7,0,1,0,0,0,0,0,0,0,0,0
2018,9,7,3,5,2,0,0,1,0,1,0,0,0,0,0,0
2020,8,14,1,2,7,0,1,1,0,0,0,0,0,0,1,0
2020,12,10,2,6,7,0,0,1,1,0,0,0,1,1,2,0
2019,9,12,7,2,6,0,0,1,0,0,0,1,0,0,0,0
2020,10,13,5,5,2,0,1,1,0,0,0,0,0,1,1,1
2021,10,18,3,0,5,2,0,1,0,0,0,0,1,0,1,0
2019,8,8,2,2,6,0,0,1,0,0,0,0,0,0,0,0
2020,9,12,1,5,2,0,1,1,0,0,0,0,0,0,1,0
2018,9,9,2,6,2,0,0,1,1,0,0,0,0,0,0,0
2020,12,17,3,1,5,2,1,1,0,0,0,0,0,1,2,0
2020,1,20,6,6,2,2,0,0,1,0,0,1,1,0,0,1
2019,5,13,1,0,3,0,0,1,0,1,0,0,0,0,0,0
2020,6,19,3,6,7,0,0,1,1,0,0,0,0,0,1,0
2021,11,16,2,2,6,2,0,1,0,0,0,0,0,0,2,0
2019,5,16,5,0,2,0,0,0,0,1,0,1,1,0,0,0
2019,10,4,5,8,1,2,0,1,0,0,0,0,0,0,0,0
2021,7,13,6,5,3,0,1,0,0,1,0,0,0,0,1,0
2018,8,15,2,0,6,0,0,1,0,0,0,0,0,0,0,0
2018,8,16,6,2,6,0,0,1,0,0,0,0,0,0,0,0
2020,2,13,5,5,3,0,1,1,0,0,0,0,0,0,0,0
2019,9,14,7,2,6,0,0,1,0,0,0,0,0,0,0,0
2020,2,17,4,2,6,1,0,1,0,0,0,0,1,0,0,0
2019,11,13,2,6,2,0,0,1,1,0,0,0,0,0,0,0
2018,7,9,3,2,6,0,0,1,0,0,0,0,0,0,0,0
2020,10,7,6,0,1,0,0,0,0,1,0,0,0,1,1,0
2020,11,18,4,5,3,2,1,1,0,0,0,0,0,1,2,0
2019,11,19,3,1,5,2,0,1,0,0,0,1,0,0,0,0
2019,8,17,1,5,2,0,0,1,0,0,0,1,1,0,0,0
2020,3,11,1,5,2,0,1,1,0,0,0,0,1,1,1,0
2019,2,9,6,5,3,0,0,1,0,0,0,0,0,0,0,1
2018,1,18,4,5,3,2,0,1,0,0,0,0,1,0,0,0
2019,9,13,5,5,5,0,0,1,0,1,0,0,0,0,0,1
2020,3,18,3,5,3,2,1,1,0,0,0,0,1,1,1,0
2019,10,15,5,5,3,0,1,1,0,0,0,0,0,0,0,1