UJAHR,UMONAT,USTUNDE,UWOCHENTAG,UART,UTYP1,ULICHTVERH,IstRad,IstPKW,IstFuss,IstKrad,IstGkfz,IstSonstige,USTRZUSTAND,LOCKDOWN,COVID,UKATEGORIE
2021,9,16,3,5,2,0,1,1,0,0,0,0,0,0,1,1
2020,8,11,3,2,6,0,0,1,0,0,0,0,0,0,1,0
2019,3,7,4,6,4,0,0,1,1,0,0,0,0,0,0,1
2018,8,18,3,0,3,0,0,1,0,1,0,0,1,0,0,0
2021,7,18,2,5,2,0,1,1,0,0,0,0,0,0,1,0
2019,11,23,7,1,5,2,1,0,0,0,0,1,0,0,0,0
2021,1,17,6,5,3,2,0,1,0,0,0,0,1,1,2,0
2020,8,15,5,2,6,0,0,1,0,0,0,0,0,0,1,0
2018,3,10,1,5,3,0,1,1,0,0,0,0,0,0,0,0
2021,4,13,5,5,2,0,0,1,0,0,0,1,0,1,2,0
2020,11,9,4,2,6,0,0,1,0,0,0,0,0,1,2,0
2018,5,8,3,5,3,0,1,0,0,1,0,0,0,0,0,1
2019,12,15,5,2,2,0,1,1,0,0,0,0,0,0,0,0
2021,1,11,4,2,2,0,1,1,0,0,0,0,1,1,2,0
2021,5,12,7,5,3,0,0,1,0,0,0,0,0,1,2,0
2018,5,12,3,5,2,0,1,1,0,0,0,0,0,0,0,1
2021,5,16,1,5,2,0,0,1,0,0,0,0,0,1,2,0
2019,7,23,1,6,4,2,0,1,1,0,0,0,0,0,0,0
2019,11,0,1,6,7,2,1,0,1,0,0,0,0,0,0,0
2018,6,19,6,6,4,0,1,0,1,0,0,0,1,0,0,0
2021,4,14,6,5,3,0,1,1,0,0,0,0,0,1,2,0
2019,2,11,6,5,3,0,1,1,0,0,0,0,0,0,0,0
2018,6,17,5,5,3,0,1,1,0,0,0,0,0,0,0,0
2018,5,14,5,2,6,0,0,0,0,1,0,1,0,0,0,0
2021,5,21,1,3,6,1,0,1,0,1,0,0,0,1,2,0
2020,11,8,3,5,2,0,1,1,0,0,0,0,0,1,2,1
2018,9,21,6,5,3,2,0,1,0,1,0,0,0,0,0,1
2021,10,11,4,6,2,0,0,0,1,0,1,0,0,0,1,1
2021,1,9,3,0,6,0,0,0,0,1,0,1,1,1,2,0
2019,4,15,5,2,6,0,0,1,0,0,0,0,0,0,0,0
2018,5,14,4,3,6,0,0,1,0,0,1,0,0,0,0,0
2021,6,18,1,1,5,0,1,1,0,0,0,0,0,0,1,0
2019,8,15,6,5,2,0,1,1,0,0,0,0,0,0,0,0
2021,1,17,5,5,2,2,0,1,0,0,0,0,1,1,2,1
2020,9,19,4,2,6,1,0,0,0,1,0,1,0,0,1,1
2019,11,20,4,6,4,2,0,1,1,0,0,0,0,0,0,0
2021,4,12,3,2,6,0,0,1,0,0,0,1,0,1,2,0
2019,11,19,3,0,1,2,1,0,0,0,0,0,0,0,0,1
2019,3,17,7,5,7,1,0,1,0,0,0,0,1,0,0,0
2018,8,16,6,0,2,0,1,0,0,0,0,1,0,0,0,0
2020,2,8,3,2,2,0,0,1,0,0,1,0,1,0,0,1
2018,8,15,2,4,6,0,1,0,0,0,0,0,0,0,0,0
2020,5,2,7,1,5,2,1,1,0,0,0,0,0,1,1,0
2019,4,14,3,5,2,0,1,1,0,0,0,0,0,0,0,0
2018,5,0,4,4,6,2,1,0,0,0,0,0,0,0,0,0
2019,7,12,5,5,2,0,1,1,0,0,0,0,0,0,0,0
2021,11,15,3,5,3,0,0,1,0,1,0,0,0,0,2,0
2021,5,11,6,5,2,0,1,0,0,0,1,0,1,1,2,0
2019,1,17,5,8,1,1,0,1,0,0,0,0,1,0,0,0
2021,8,17,3,6,4,0,1,0,1,0,0,0,0,0,1,0
2021,3,19,7,1,5,1,1,1,0,0,0,0,0,0,2,1
2020,8,16,5,5,2,0,1,1,0,0,0,0,0,0,1,0
2018,5,15,3,2,5,0,1,1,0,0,0,1,0,0,0,0
2021,4,14,2,5,3,0,1,1,0,0,0,0,0,1,2,0
2019,8,23,7,1,5,2,1,1,0,0,0,0,0,0,0,0
2020,4,18,5,2,6,0,0,1,0,0,0,0,0,1,2,0
2019,10,14,7,1,5,0,1,1,0,0,0,0,0,0,0,0
2018,12,7,6,6,2,2,0,1,1,0,0,0,1,0,0,0
2021,4,14,6,6,4,0,0,1,1,0,0,0,0,1,2,0
2018,10,11,4,2,7,0,0,0,0,1,0,1,0,0,0,0
2021,8,11,2,2,6,0,0,1,0,0,1,0,0,0,1,0
2021,4,0,5,1,7,2,0,1,0,0,0,1,0,1,2,1
2021,7,15,4,5,2,0,0,1,0,0,0,1,0,0,1,0
2018,8,16,6,5,7,0,0,1,0,1,0,0,0,0,0,0
2020,9,17,4,0,4,0,0,0,1,0,0,1,0,0,1,0
2020,2,9,4,6,7,0,0,1,1,0,0,0,1,0,0,0
2021,1,1,7,8,1,2,0,1,0,0,0,0,2,1,2,0
2018,3,19,4,5,3,2,1,1,0,0,0,0,0,0,0,0
2019,11,8,4,0,5,0,0,1,0,0,0,1,1,0,0,1
2019,7,19,2,5,2,0,1,1,0,0,0,0,1,0,0,0
2018,11,20,3,1,5,2,1,1,0,0,0,0,0,0,0,0
2020,9,10,4,0,2,0,1,1,0,0,0,0,0,0,1,0
2020,10,2,2,1,5,2,0,1,0,0,0,0,0,1,1,0
2019,1,13,1,2,4,0,0,1,1,0,0,0,0,0,0,0
2020,8,9,3,0,6,0,0,0,0,1,1,0,0,0,1,0
2018,11,7,6,6,4,0,0,1,1,0,0,0,0,0,0,1
2019,6,14,2,5,3,0,1,0,0,0,0,1,0,0,0,0
2021,3,8,3,5,3,0,0,1,0,0,0,0,0,0,2,0
2018,10,14,3,5,3,0,0,1,0,0,0,0,0,0,0,0
2019,8,11,2,6,2,0,0,1,1,0,0,0,0,0,0,1
2020,8,14,5,2,6,0,0,1,0,0,0,0,0,0,1,0
2018,7,8,4,2,6,0,0,1,0,0,0,0,0,0,0,0
2019,6,13,4,5,3,0,1,1,0,0,0,0,0,0,0,0
2018,3,5,3,5,7,2,0,1,0,1,0,0,0,0,0,0
2021,3,14,3,3,6,0,0,0,0,1,0,1,0,0,2,0
2019,7,7,4,6,4,0,0,1,1,0,0,0,0,0,0,0
2021,12,8,7,5,3,0,1,0,0,0,0,0,0,1,2,1
2020,2,11,3,5,3,0,0,1,0,0,0,1,1,0,0,0
2018,5,17,6,2,2,0,0,0,0,1,0,1,0,0,0,0
2019,9,16,3,5,7,0,0,1,0,1,0,0,0,0,0,0
2018,6,11,3,5,3,0,0,1,0,0,0,0,0,0,0,0
2019,4,20,2,6,7,2,0,1,1,0,0,0,0,0,0,0
2018,5,18,2,0,2,0,0,1,0,0,0,1,0,0,0,0
2019,6,18,2,5,2,0,1,1,0,0,0,0,0,0,0,0
2019,5,14,4,6,7,0,1,0,1,0,0,0,0,0,0,0
2019,9,18,1,2,7,0,0,1,0,1,0,0,0,0,0,0
2021,3,17,2,5,3,0,1,1,0,0,0,0,0,0,2,1
2018,4,14,2,6,4,0,0,1,1,0,0,0,0,0,0,0
2018,2,16,2,5,7,0,1,1,0,0,0,0,0,0,0,0
2019,5,16,3,5,2,0,1,1,0,0,0,0,0,0,0,0
2018,12,8,3,6,7,0,1,0,1,0,0,0,0,0,0,0
2021,3,15,4,5,2,0,1,0,0,0,0,1,0,0,2,0
2021,5,22,2,5,3,2,1,1,0,0,0,0,0,1,2,0
2020,9,12,3,2,6,0,1,0,0,0,0,0,0,0,1,0
2019,4,12,6,2,1,0,0,1,0,1,0,0,0,0,0,0
2021,1,7,6,5,3,2,0,1,0,0,0,0,1,1,2,0
2020,9,12,2,0,1,0,1,0,0,0,0,0,0,0,1,0
2019,8,6,5,2,6,0,0,1,0,1,0,0,0,0,0,0
2020,7,11,6,5,2,0,1,1,0,0,0,0,0,0,1,0
2021,1,14,6,2,6,0,0,1,0,0,0,0,1,1,2,0
2019,8,14,5,6,4,0,0,1,1,0,0,0,0,0,0,1
2019,10,0,3,1,6,2,0,1,0,0,1,1,0,0,0,0
2021,2,9,2,5,3,0,1,1,0,0,0,0,0,1,2,0
2019,12,15,3,5,3,0,1,1,0,0,0,0,1,0,0,0
2018,5,10,4,6,4,0,0,1,1,0,0,0,0,0,0,0
2020,10,6,6,5,2,1,0,1,0,0,0,1,1,1,1,0
2018,3,17,4,5,3,0,0,1,0,0,0,0,1,0,0,0
2021,4,8,1,6,4,0,0,1,1,0,0,0,0,1,2,0
2018,7,6,5,4,1,1,0,1,0,0,0,0,1,0,0,1
2019,3,16,3,3,6,0,0,1,0,0,0,1,0,0,0,0
2021,6,9,4,3,6,0,1,0,0,0,1,0,0,0,1,0
2021,5,17,4,3,6,0,1,1,0,0,0,0,0,1,2,0
2020,10,11,7,1,7,0,0,1,0,0,0,1,1,1,1,0
2018,12,16,3,6,4,2,0,1,1,0,0,0,1,0,0,1
2018,6,12,6,5,3,0,0,1,0,0,0,0,0,0,0,1
2018,10,16,3,5,2,0,1,1,0,0,0,0,0,0,0,0
2020,3,17,1,2,2,1,0,1,0,0,0,0,0,1,1,0
2019,1,21,5,6,2,2,0,1,1,0,0,0,1,0,0,0
2019,11,13,7,5,7,0,0,1,0,0,0,0,0,0,0,0
2020,6,14,2,2,6,0,0,1,0,1,0,0,0,0,1,0
2021,6,15,6,1,5,0,1,0,0,0,0,1,0,0,1,0
2020,5,16,1,5,7,0,0,1,0,0,0,0,0,1,1,0
2019,6,17,2,5,2,0,0,1,0,1,0,0,0,0,0,0
2019,5,17,3,5,3,0,0,1,0,0,0,0,0,0,0,0
2020,8,19,7,9,7,0,0,1,1,0,0,0,0,0,1,0
2021,4,12,6,8,1,0,0,0,0,1,0,0,0,1,2,0
2018,11,19,2,0,3,2,1,0,0,0,0,0,0,0,0,0
2019,11,13,2,5,3,0,0,1,0,0,0,0,1,0,0,0
2019,5,14,5,2,2,0,0,1,0,0,0,0,0,0,0,0
2019,7,21,4,5,3,1,1,1,0,0,0,0,1,0,0,0
2020,9,14,6,0,2,0,1,1,0,0,0,0,0,0,1,0
2018,1,13,4,1,5,0,0,1,0,0,0,0,1,0,0,1
2020,12,15,2,6,2,0,0,1,1,0,0,0,1,1,2,1
2019,12,18,6,2,6,2,0,1,0,0,0,0,1,0,0,0
2020,3,7,2,3,6,0,1,1,0,0,0,0,1,1,1,0
2021,6,19,3,1,5,0,1,0,0,1,0,0,0,0,1,0
2020,7,15,7,5,3,0,1,1,0,0,0,0,0,0,1,0
2019,10,15,3,2,6,0,0,1,0,0,0,0,1,0,0,0
2018,10,7,4,6,2,0,0,1,1,0,0,0,1,0,0,0
2018,1,9,2,3,6,0,1,1,0,0,0,0,0,0,0,0
2018,4,17,4,0,2,0,0,1,0,1,0,0,0,0,0,0
2021,3,15,5,2,6,0,0,1,0,0,0,1,1,0,2,0
2021,5,10,6,0,1,0,0,0,0,1,0,0,1,1,2,0
2021,11,17,4,2,3,2,0,1,0,0,0,0,0,0,2,0
2019,3,8,2,3,6,0,0,0,0,0,0,1,1,0,0,0
2019,6,8,4,6,4,0,1,0,1,0,0,0,0,0,0,0
2020,9,18,4,2,2,0,1,1,0,0,0,0,0,0,1,0
2018,2,18,5,0,3,2,0,0,0,1,0,1,0,0,0,0
2018,10,14,1,1,5,0,1,1,0,0,0,1,0,0,0,0
2021,5,15,1,5,3,0,0,1,0,1,0,0,0,1,2,0
2021,12,16,2,5,3,1,1,1,0,0,0,0,1,1,2,1
2021,4,16,5,5,3,0,1,0,0,0,0,0,0,1,2,0
2018,3,18,6,5,3,2,0,1,0,0,0,0,0,0,0,0
2019,10,15,5,6,4,0,1,0,1,0,0,0,0,0,0,1
2019,10,15,6,2,6,0,0,1,0,0,0,0,1,0,0,0
2019,11,16,6,5,3,1,0,1,0,0,0,0,0,0,0,0
2019,7,14,6,2,2,0,0,1,0,0,0,1,1,0,0,0
2020,5,16,5,6,4,0,0,1,1,0,0,0,0,1,1,0
2021,5,18,7,2,6,0,0,1,0,1,0,1,0,1,2,0
2018,11,9,7,1,5,0,1,0,0,0,0,1,0,0,0,0
2021,11,17,2,2,6,2,0,1,0,0,0,0,0,0,2,0
2018,1,16,4,6,4,0,0,1,1,0,0,0,0,0,0,0
2020,8,18,4,5,2,0,1,0,0,1,0,0,0,0,1,0
2021,10,15,2,2,6,0,0,1,0,0,0,0,0,0,1,0
2020,7,9,7,5,7,0,0,1,0,1,0,0,0,0,1,0
2019,11,12,1,5,3,0,1,1,0,0,0,0,0,0,0,0
2021,7,12,2,5,3,0,1,1,0,0,0,0,0,0,1,1
2019,9,17,2,4,6,0,1,1,0,0,0,0,0,0,0,0
2019,3,16,5,2,6,0,0,1,0,0,0,0,0,0,0,1
2018,6,19,6,3,6,0,0,1,0,1,0,0,0,0,0,1
2018,8,20,2,6,2,1,0,1,1,0,0,0,0,0,0,0
2018,11,16,4,5,3,1,1,0,0,0,0,1,0,0,0,0
2018,5,15,7,5,2,0,1,1,0,0,0,0,0,0,0,0
2018,4,22,5,1,5,2,0,1,0,0,0,0,0,0,0,0
2020,7,18,5,3,6,0,1,1,0,0,0,0,0,0,1,0
2020,12,19,3,6,4,2,0,1,1,0,0,0,1,1,2,0
2021,12,12,4,5,2,0,1,1,0,0,0,0,1,1,2,0
2021,4,14,4,5,3,0,0,1,0,1,0,0,0,1,2,0
2019,1,7,6,5,2,1,1,1,0,0,0,0,1,0,0,1
2018,8,15,6,5,3,0,1,1,0,0,0,0,0,0,0,0
2018,7,15,2,5,7,0,1,1,0,0,0,0,0,0,0,0
2019,6,18,5,5,3,0,0,1,0,0,0,0,0,0,0,0
2018,8,18,5,2,6,1,0,1,0,0,0,0,0,0,0,0
2021,10,18,6,2,5,2,0,1,0,1,0,0,0,0,1,0
2018,9,12,4,6,4,0,0,0,1,0,0,1,0,0,0,0
2019,8,18,1,0,7,0,1,0,0,0,0,0,0,0,0,0
2019,9,9,6,6,7,0,0,1,1,0,0,0,0,0,0,0
2020,3,20,1,1,5,2,1,1,0,0,0,0,0,1,1,0
2019,11,9,3,0,1,0,0,0,0,1,0,0,0,0,0,0
2018,3,12,2,5,3,0,1,1,0,0,0,0,1,0,0,0
2021,1,10,7,6,4,0,0,0,1,0,0,1,1,1,2,0
2020,11,3,3,2,6,2,0,1,0,0,0,0,0,1,2,0
2019,9,14,7,5,3,0,0,1,0,0,0,0,0,0,0,0
2018,3,8,4,5,3,0,1,1,0,0,0,0,0,0,0,0
2021,5,16,6,2,6,0,0,1,0,0,0,0,1,1,2,0
2019,8,16,3,0,7,0,1,1,0,0,0,0,1,0,0,0
2021,2,17,3,0,1,2,1,0,0,0,0,0,0,1,2,0
2021,6,12,3,5,3,0,0,1,0,0,0,0,0,0,1,1
2021,9,17,6,5,2,0,1,1,0,0,0,0,0,0,1,0
2018,6,16,6,5,3,0,0,1,0,0,0,0,0,0,0,0
2021,8,8,2,0,6,0,0,1,0,0,0,0,1,0,1,0
2021,7,14,5,5,2,0,0,0,0,1,0,1,0,0,1,0
2019,1,20,3,5,3,2,0,1,0,0,0,0,1,0,0,1
2019,8,14,5,5,2,0,1,1,0,0,0,0,0,0,0,0
2021,8,23,6,0,7,2,0,0,0,0,0,1,0,0,1,0
2018,11,18,1,4,2,2,0,1,0,0,0,0,1,0,0,0
2019,5,5,5,1,1,1,0,1,0,0,0,0,1,0,0,1
2020,3,7,4,2,6,0,0,1,0,0,0,0,1,1,1,0
2018,9,7,2,3,2,0,1,1,0,0,0,0,0,0,0,0
2018,1,22,6,0,1,2,1,0,0,0,0,0,0,0,0,0
2018,11,11,3,5,7,0,1,1,0,0,0,0,0,0,0,0
2020,1,8,3,5,2,0,1,1,0,0,0,0,0,0,0,0
2021,3,8,4,5,2,0,1,1,0,0,0,0,0,0,2,0
2019,12,18,3,2,2,2,0,1,0,0,0,0,1,0,0,0
2020,8,20,2,5,2,0,1,1,0,0,0,0,0,0,1,0
2019,11,13,3,0,2,0,1,1,0,0,0,0,0,0,0,0
2018,8,11,1,3,6,0,0,1,0,0,0,0,0,0,0,0
2020,8,1,7,0,1,2,0,0,0,0,0,1,0,0,1,0
2018,1,15,3,6,2,0,0,1,1,0,0,0,1,0,0,0
2018,7,17,4,5,3,0,0,1,0,0,0,0,0,0,0,0
2020,5,16,7,2,2,0,0,1,0,0,0,0,0,1,1,0
2019,8,12,4,6,4,0,1,0,1,0,0,0,0,0,0,0
2020,9,16,4,5,2,0,0,1,0,1,0,0,0,0,1,1
2018,11,10,6,0,2,0,1,0,0,1,0,0,1,0,0,0
2019,1,14,7,3,7,0,1,1,0,0,0,0,1,0,0,0
2018,12,16,7,5,5,0,0,1,0,1,0,0,0,0,0,0
2018,7,6,3,5,3,0,0,1,0,1,0,0,0,0,0,0
2019,12,17,3,1,1,2,0,1,0,1,0,0,1,0,0,0
2018,6,21,3,2,7,2,0,1,0,1,0,0,0,0,0,1
2021,2,17,3,0,1,1,0,0,0,1,0,0,0,1,2,0
2021,5,18,1,5,2,0,0,1,0,1,0,0,0,1,2,1
2018,4,21,3,1,5,2,1,1,0,0,0,0,0,0,0,0
2018,6,13,7,3,6,0,0,1,0,0,0,1,0,0,0,0
2019,12,8,2,2,6,0,0,1,0,0,1,1,0,0,0,0
2019,9,9,2,5,3,0,1,1,0,0,0,0,1,0,0,0
2019,8,14,4,0,2,0,0,0,0,1,0,1,1,0,0,0
2020,6,7,6,6,2,0,0,1,1,0,0,0,0,0,1,0
2020,2,11,7,2,6,0,0,1,0,0,0,0,0,0,0,0
2018,6,10,5,2,6,0,0,1,0,1,0,0,0,0,0,0
2019,6,10,3,2,7,0,0,1,0,0,0,0,0,0,0,1
2018,6,20,5,0,1,0,0,0,0,1,0,0,0,0,0,1
2018,11,19,4,5,7,2,1,1,0,0,0,0,0,0,0,0
2020,7,17,3,1,5,0,1,1,0,0,0,0,0,0,1,0
2018,12,21,3,6,4,2,0,1,1,0,0,0,0,0,0,1
2018,6,13,6,1,5,0,1,1,0,0,0,1,0,0,0,0
2018,9,14,3,5,3,0,1,1,0,0,0,0,0,0,0,0
2019,3,7,5,0,5,0,1,1,0,0,0,0,1,0,0,0
2019,4,7,5,3,6,0,1,0,0,0,0,0,0,0,0,0
2020,2,8,4,5,3,0,1,1,0,0,0,0,1,0,0,0
2020,1,16,6,6,2,2,0,1,1,0,0,0,1,0,0,1
2018,6,12,4,5,3,0,1,1,0,0,0,0,0,0,0,1
2020,10,13,5,0,3,0,0,1,0,1,0,0,0,1,1,0
2018,8,16,4,0,6,0,0,1,0,0,0,1,0,0,0,1
2021,11,16,2,2,6,1,0,1,0,0,0,0,1,0,2,0
2018,4,16,3,5,3,0,1,1,0,0,0,0,0,0,0,0
2021,8,19,7,2,2,0,0,1,0,1,0,0,0,0,1,0
2020,2,15,2,5,3,0,0,1,0,1,0,0,0,0,0,0
2020,8,18,2,2,6,0,0,1,0,0,0,0,0,0,1,0
2018,12,18,6,5,3,2,0,1,0,0,0,0,1,0,0,0
2018,5,17,7,1,6,0,1,0,0,0,1,1,0,0,0,1
2019,7,15,3,6,4,0,0,1,1,0,0,0,0,0,0,0
2021,9,8,5,5,2,0,1,0,0,1,0,0,0,0,1,0
2020,7,18,7,1,1,0,1,1,0,0,0,0,0,0,1,0
2020,10,18,3,1,5,1,1,1,0,0,0,0,0,1,1,0
2018,10,18,5,2,6,0,0,1,0,0,0,0,0,0,0,0
2019,8,16,4,1,5,0,1,1,0,0,0,0,0,0,0,0
2019,7,15,3,5,2,0,0,1,0,0,0,1,0,0,0,0
2018,12,18,2,5,3,2,0,1,0,1,0,0,1,0,0,0
2019,8,22,5,0,1,2,1,0,0,0,0,0,0,0,0,0
2019,8,11,6,5,2,0,0,1,0,0,0,0,0,0,0,0
2019,6,10,7,2,3,0,0,1,0,0,0,0,0,0,0,0
2019,6,10,3,5,2,0,0,1,0,0,0,0,0,0,0,0
2021,5,11,6,6,4,0,0,1,1,0,0,0,0,1,2,1
2018,7,8,4,5,2,0,1,1,0,0,0,0,0,0,0,0
2021,5,15,1,5,2,0,1,1,0,0,0,0,0,1,2,0
2018,4,13,6,5,2,0,0,1,0,0,0,0,0,0,0,0
2019,3,9,3,1,5,0,1,1,0,0,0,0,0,0,0,0
2020,6,16,2,5,2,0,1,1,0,0,0,0,0,0,1,0
2018,5,18,3,5,2,0,1,1,0,0,0,0,0,0,0,0
2020,12,17,5,5,2,2,1,1,0,0,0,0,1,1,2,0
2019,9,17,2,5,2,0,1,1,0,0,0,0,0,0,0,0
2019,7,16,5,5,3,0,1,1,0,0,0,0,0,0,0,1
2021,3,18,4,5,3,0,1,1,0,0,0,0,0,0,2,1
2019,7,17,4,2,6,0,0,1,0,0,0,0,0,0,0,0
2019,6,11,2,3,6,0,0,1,0,0,0,0,0,0,0,0
2021,2,19,7,5,3,2,0,1,0,0,0,0,0,1,2,0
2018,7,17,2,5,2,0,0,1,0,0,0,0,0,0,0,0
2021,9,13,7,2,6,0,0,1,0,0,0,0,0,0,1,0
2020,10,16,4,0,5,1,0,0,0,1,0,1,0,1,1,0
2019,1,11,3,5,3,0,0,1,0,0,0,0,1,0,0,0
2018,9,11,1,5,2,0,1,1,0,0,0,0,0,0,0,0
2020,10,10,5,5,2,0,1,0,0,0,0,0,0,1,1,0
2021,1,10,6,2,6,0,0,1,0,0,0,1,0,1,2,0
2020,9,11,5,5,2,0,1,1,0,0,0,0,0,0,1,0
2019,6,17,5,5,5,0,1,1,0,0,0,0,0,0,0,0
2019,2,14,6,5,3,0,0,1,0,0,0,0,0,0,0,0
2018,10,20,6,0,6,2,1,1,0,0,0,0,0,0,0,0
2020,2,8,2,6,4,0,0,1,1,0,0,0,1,0,0,0
2018,10,14,3,2,6,0,0,1,0,0,0,0,0,0,0,0
2021,6,13,6,0,7,0,1,0,0,0,0,0,0,0,1,1
2020,8,13,4,5,7,0,0,1,0,0,0,1,0,0,1,0
2020,9,21,5,0,1,2,0,0,0,1,0,0,1,0,1,0
2018,1,7,5,4,5,1,1,1,0,0,0,0,1,0,0,0
2018,10,17,5,5,2,0,1,1,0,0,0,0,0,0,0,0
2020,2,15,5,6,4,0,1,0,1,0,0,0,0,0,0,0
2021,5,8,2,1,7,0,0,1,0,0,0,0,0,1,2,1
2021,4,9,4,1,5,0,0,1,0,0,0,1,0,1,2,0
2020,3,7,2,2,6,0,0,1,0,0,1,1,1,1,1,1
2021,5,21,7,6,6,1,0,1,1,0,0,0,0,1,2,1
2019,8,15,5,5,2,0,1,1,0,0,0,0,0,0,0,0
2021,9,16,5,5,2,0,1,1,0,0,0,0,0,0,1,0
2020,4,11,6,5,7,0,0,1,0,0,0,0,0,1,2,0
2020,8,18,7,5,3,0,1,1,0,0,0,0,0,0,1,0
2020,4,14,2,5,2,0,1,0,0,0,0,0,0,1,2,1
2018,7,13,3,5,3,0,0,1,0,0,0,0,0,0,0,0
2018,5,8,6,5,2,0,0,1,0,1,0,0,0,0,0,0
2018,2,9,5,2,7,0,0,1,0,0,0,0,0,0,0,0
2020,6,16,5,5,3,0,0,1,0,0,0,0,0,0,1,0
2021,6,16,7,2,6,0,0,1,0,0,0,0,0,0,1,0
2019,7,16,6,2,6,0,0,1,0,0,0,0,0,0,0,0
2019,8,12,5,2,2,0,0,1,0,1,0,0,1,0,0,0
2019,4,17,5,0,1,1,1,0,0,0,0,0,0,0,0,0
2019,9,14,5,6,4,0,1,0,1,0,0,0,0,0,0,1
2021,6,16,6,2,6,0,1,1,0,0,0,0,0,0,1,0
2018,3,22,2,6,2,2,0,1,1,0,0,0,1,0,0,0
2021,10,17,2,5,2,0,1,1,0,0,0,0,0,0,1,0
2021,9,12,5,6,7,0,1,1,1,0,0,0,0,0,1,1
2019,7,9,3,2,6,0,0,1,0,0,0,0,0,0,0,0
2018,4,16,6,0,4,0,0,0,1,1,0,0,0,0,0,1
2020,11,19,4,5,2,2,1,1,0,0,0,0,0,1,2,0
2019,10,10,3,6,2,0,0,1,1,0,0,0,1,0,0,0
2019,4,6,3,5,3,0,0,1,0,1,0,0,0,0,0,1
2019,9,14,5,2,7,0,0,1,0,0,0,0,0,0,0,0
2019,8,15,3,5,3,0,0,1,0,0,0,0,1,0,0,0
2018,8,17,6,5,2,0,1,1,0,0,0,0,0,0,0,0
2018,6,0,6,1,5,2,1,1,0,0,0,0,0,0,0,0
2021,5,17,5,5,3,0,1,1,0,0,0,0,1,1,2,0
2020,9,22,5,5,3,2,0,1,0,0,0,0,0,0,1,0
2019,6,14,1,2,6,0,1,0,0,0,0,0,0,0,0,0
2020,8,17,3,8,1,0,0,0,0,1,0,0,0,0,1,1
2019,4,13,4,1,5,0,0,1,0,0,0,0,0,0,0,0
2021,8,9,2,3,6,0,0,1,0,0,1,0,0,0,1,1
2019,6,0,1,1,1,2,0,1,0,0,0,0,0,0,0,0
2021,6,14,7,1,5,0,0,1,0,0,0,0,0,0,1,0
2020,3,11,3,2,6,0,0,1,0,0,0,0,0,1,1,0
2018,3,14,5,2,6,0,0,1,0,0,0,0,1,0,0,0
2021,3,19,1,0,3,0,1,0,0,0,0,1,0,0,2,0
2018,5,16,7,5,3,0,1,1,0,0,0,0,0,0,0,0
2020,10,13,4,2,2,0,1,1,0,0,0,0,0,1,1,0
2019,11,8,5,5,3,0,0,1,0,1,0,0,0,0,0,0
2021,4,16,7,2,6,0,0,1,0,0,0,0,0,1,2,0
2019,8,7,6,6,4,0,1,1,1,0,0,0,0,0,0,0
2018,5,14,1,5,2,0,1,1,0,0,0,0,0,0,0,1
2018,5,12,4,0,1,0,1,0,0,0,0,0,0,0,0,1
2018,8,17,2,2,6,0,0,1,0,0,0,0,0,0,0,0
2021,12,18,3,6,2,2,0,1,1,0,0,0,1,1,2,1
2018,6,16,3,2,2,0,0,1,0,0,0,0,0,0,0,0
2018,11,22,6,5,2,2,1,1,0,0,0,0,1,0,0,0
2019,12,19,2,5,7,2,1,1,0,0,0,0,1,0,0,0
2018,6,16,3,0,3,0,0,1,0,1,0,0,0,0,0,0
2019,5,14,4,5,3,0,0,1,0,0,0,1,1,0,0,0
2018,3,19,3,5,2,2,0,1,0,0,0,0,0,0,0,0
2019,8,14,1,2,6,0,0,1,0,0,0,0,0,0,0,0
2019,8,16,3,5,2,0,0,1,0,0,0,0,0,0,0,0
2018,12,12,1,5,3,0,0,1,0,0,0,0,0,0,0,0
2020,10,16,4,2,6,0,0,1,0,1,0,0,1,1,1,0
2021,6,8,4,6,4,0,0,1,1,0,0,0,0,0,1,0
2020,1,10,5,6,4,0,0,0,1,0,0,1,1,0,0,1
2021,10,13,4,2,3,0,0,1,0,1,0,0,0,0,1,0
2020,7,23,3,5,3,2,1,1,0,0,0,0,0,0,1,0
2019,4,12,7,5,2,0,0,1,0,0,0,1,0,0,0,0
2021,3,12,2,4,6,0,1,0,0,0,0,0,0,0,2,0
2018,10,21,3,2,6,2,0,1,0,0,0,0,1,0,0,0
2020,8,15,4,3,6,0,0,1,0,0,0,1,0,0,1,1
2019,2,7,4,2,6,0,0,1,0,0,0,1,0,0,0,0
2021,7,0,6,1,6,2,1,1,1,0,0,0,0,0,1,1
2020,3,14,5,5,5,0,0,1,0,0,0,0,0,1,1,0
2019,5,19,2,6,7,0,0,1,1,0,0,0,0,0,0,0
2019,9,13,5,2,6,0,0,1,0,0,0,0,0,0,0,0
2021,5,19,1,3,6,0,0,1,0,1,0,0,0,1,2,1
2019,5,14,3,5,3,0,0,1,0,0,0,1,0,0,0,0
2018,11,9,3,5,3,0,1,1,0,0,0,0,0,0,0,0
2019,11,9,5,6,2,0,0,1,1,0,0,0,0,0,0,0