UJAHR,UMONAT,USTUNDE,UWOCHENTAG,UART,UTYP1,ULICHTVERH,IstRad,IstPKW,IstFuss,IstKrad,IstGkfz,IstSonstige,USTRZUSTAND,LOCKDOWN,COVID,UKATEGORIE
2018,6,8,2,5,2,0,1,1,0,0,0,0,0,0,0,0
2021,5,21,3,5,2,1,0,1,0,0,0,0,1,1,2,0
2019,6,12,6,5,3,0,1,1,0,0,0,0,0,0,0,1
2019,6,9,4,2,6,0,0,1,0,0,1,0,0,0,0,0
2021,7,14,1,0,3,0,0,1,0,1,0,0,0,0,1,0
2018,6,15,6,0,1,0,0,0,0,1,0,0,0,0,0,0
2018,7,8,2,0,2,0,1,1,0,0,0,0,0,0,0,0
2021,7,23,3,6,7,2,0,1,1,0,0,0,0,0,1,0
2018,9,14,2,2,6,0,0,1,0,0,0,0,1,0,0,0
2020,3,9,6,2,5,0,0,1,0,0,0,1,0,1,1,0
2021,5,7,4,5,3,0,0,1,0,0,0,0,0,1,2,0
2021,10,14,4,5,2,0,1,0,0,0,0,1,0,0,1,0
2019,10,15,7,5,3,0,1,1,0,0,0,0,0,0,0,0
2021,12,21,2,5,3,2,0,1,0,1,0,0,2,1,2,0
2021,7,18,7,4,6,0,1,0,0,0,0,1,0,0,1,0
2018,7,19,4,5,2,0,0,1,0,0,0,0,0,0,0,0
2019,1,3,1,5,3,2,0,1,0,0,0,0,1,0,0,0
2021,8,9,4,3,6,0,1,0,0,0,0,0,0,0,1,0
2019,4,14,6,0,1,0,1,0,0,0,0,0,0,0,0,0
2020,12,17,4,5,2,1,0,1,0,0,0,0,1,1,2,0
2019,4,16,2,2,6,0,0,1,0,0,1,0,0,0,0,0
2018,12,15,4,5,2,1,0,1,0,0,0,0,1,0,0,0
2020,8,8,2,0,2,0,1,1,0,0,0,0,1,0,1,0
2020,7,22,3,2,6,2,0,1,0,0,0,0,0,0,1,1
2021,1,13,1,2,6,0,0,1,0,0,0,0,0,1,2,0
2021,4,19,3,1,5,0,1,1,0,0,0,0,0,1,2,0
2019,10,12,2,3,5,0,1,1,0,0,0,0,0,0,0,0
2019,9,11,2,2,7,0,0,1,0,1,0,0,0,0,0,0
2021,6,17,3,5,3,0,1,1,0,0,0,0,0,0,1,0
2018,8,11,2,6,2,0,0,0,1,0,0,1,0,0,0,1
2021,6,14,5,5,3,0,0,1,0,0,0,0,0,0,1,0
2021,4,7,6,1,7,0,0,1,0,0,1,0,0,1,2,0
2020,8,4,3,8,1,2,0,1,0,0,0,0,0,0,1,0
2018,5,10,4,6,2,0,0,1,1,0,0,0,0,0,0,1
2021,7,12,3,6,2,0,0,1,1,0,0,0,0,0,1,0
2021,9,9,7,4,6,0,0,0,0,0,0,1,0,0,1,0
2019,4,16,3,3,6,0,0,1,0,1,0,0,0,0,0,0
2018,6,15,2,5,3,0,0,1,0,0,0,1,0,0,0,0
2020,11,9,3,0,1,0,1,0,0,0,0,0,0,1,2,0
2019,6,7,5,5,2,0,1,1,0,0,0,0,0,0,0,0
2021,10,8,4,0,2,0,1,1,0,0,0,0,1,0,1,0
2021,10,16,1,9,1,1,0,1,0,0,0,0,0,0,1,0
2020,9,7,6,6,7,0,1,0,1,0,0,0,0,0,1,0
2020,6,15,4,1,5,0,1,1,0,0,0,0,0,0,1,0
2021,9,15,4,5,3,0,1,1,0,0,0,0,0,0,1,0
2020,7,16,2,5,2,0,1,0,0,0,0,0,1,0,1,0
2020,4,12,3,1,5,0,1,1,0,0,0,0,0,1,2,0
2020,9,13,3,2,6,0,0,1,0,0,0,0,0,0,1,0
2019,5,13,6,5,3,0,0,1,0,0,0,0,0,0,0,0
2021,6,16,6,2,6,0,0,1,0,0,0,0,0,0,1,0
2021,10,18,3,2,6,1,0,1,0,0,0,0,0,0,1,0
2020,9,16,3,0,6,0,0,1,0,1,0,0,0,0,1,1
2019,2,12,5,2,6,0,0,1,0,0,0,0,0,0,0,0
2021,6,13,5,0,5,0,0,1,0,0,0,0,0,0,1,0
2020,2,11,3,6,7,0,0,1,1,0,0,0,1,0,0,1
2018,7,12,3,0,1,0,1,1,0,0,0,0,0,0,0,0
2020,9,16,5,2,6,0,0,1,0,1,0,0,0,0,1,0
2020,7,8,3,5,2,0,1,1,0,0,0,0,0,0,1,0
2019,5,11,1,1,5,0,1,1,0,0,0,0,0,0,0,1
2021,12,16,6,6,2,2,0,1,1,0,0,0,1,1,2,0
2018,12,17,6,5,2,2,1,1,0,0,0,0,1,0,0,0
2019,8,9,7,5,3,0,0,1,0,0,0,0,0,0,0,0
2019,11,14,6,5,3,0,0,1,0,0,0,0,0,0,0,0
2021,12,0,7,3,6,2,0,1,0,0,0,0,1,1,2,0
2019,5,12,7,4,6,0,1,0,0,0,0,0,0,0,0,0
2018,12,17,2,2,2,2,0,1,0,0,0,0,1,0,0,0
2019,6,7,5,5,3,0,1,1,0,0,0,0,0,0,0,1
2019,8,15,6,5,3,0,0,1,0,0,0,0,0,0,0,0
2019,8,9,5,5,3,0,1,0,0,0,0,1,0,0,0,0
2018,7,10,7,5,3,0,1,1,0,0,0,0,0,0,0,1
2019,4,14,2,0,7,0,0,0,0,1,0,0,1,0,0,0
2018,9,10,5,6,7,0,1,0,1,0,0,0,0,0,0,0
2019,7,13,7,0,6,0,0,1,0,1,0,0,0,0,0,0
2019,8,2,6,8,7,2,1,1,0,0,0,0,0,0,0,1
2019,3,20,5,3,2,2,0,1,0,0,0,0,1,0,0,0
2019,7,10,4,5,3,0,0,1,0,1,0,0,0,0,0,0
2021,8,11,5,5,3,0,0,1,0,0,0,0,0,0,1,0
2018,1,17,7,5,2,1,0,1,0,0,0,0,0,0,0,0
2018,11,19,5,0,1,2,1,0,0,0,0,0,0,0,0,0
2021,3,15,3,2,2,0,1,1,0,0,0,0,0,0,2,0
2020,2,12,4,5,3,0,0,1,0,0,0,0,0,0,0,0
2021,8,20,4,0,1,1,0,0,0,1,0,0,0,0,1,1
2021,4,15,5,2,6,0,0,1,0,0,0,0,0,1,2,0
2018,4,9,6,5,2,0,1,1,0,0,0,0,0,0,0,0
2019,7,23,7,0,1,2,0,0,0,1,0,0,1,0,0,1
2019,10,10,6,1,5,0,0,1,0,0,0,0,0,0,0,0
2019,8,10,2,0,7,0,1,0,0,0,0,0,0,0,0,0
2019,11,10,4,2,6,0,0,1,0,1,0,0,1,0,0,0
2019,4,21,1,0,7,2,0,0,0,0,1,1,0,0,0,0
2020,12,13,2,5,2,0,0,1,0,0,0,1,1,1,2,0
2021,10,14,3,5,2,0,1,1,0,0,0,0,1,0,1,0
2019,3,18,7,6,2,1,0,1,1,0,0,0,1,0,0,0
2021,3,15,1,3,6,0,0,1,0,0,0,0,0,0,2,0
2018,1,22,7,5,3,2,0,1,0,0,0,0,0,0,0,0
2020,9,15,6,2,6,0,0,1,0,0,0,0,0,0,1,0
2019,5,17,3,0,6,0,0,1,0,0,0,1,0,0,0,0
2018,7,18,1,5,2,0,1,1,0,0,0,0,0,0,0,0
2019,5,14,1,5,2,0,0,1,0,0,0,0,0,0,0,0
2020,4,8,2,3,6,0,1,1,0,0,0,0,0,1,2,1
2021,6,10,7,2,6,0,0,1,0,0,0,1,0,0,1,0
2018,10,9,4,0,6,0,0,1,0,1,0,0,0,0,0,0
2020,6,12,6,5,3,0,1,1,0,0,0,0,0,0,1,0
2018,11,13,5,5,3,0,1,1,0,0,0,0,0,0,0,0
2021,12,9,6,2,2,0,0,1,0,0,0,0,0,1,2,0
2019,4,8,5,5,2,0,1,1,0,0,0,0,0,0,0,0
2019,4,6,4,2,2,0,0,1,0,0,0,0,0,0,0,0
2018,11,17,7,6,4,1,0,1,1,0,0,0,0,0,0,1
2018,11,16,2,3,6,2,0,1,0,0,0,0,0,0,0,0
2021,1,18,1,6,2,2,0,1,1,0,0,0,1,1,2,0
2021,10,15,5,1,5,0,1,1,0,0,0,0,1,0,1,0
2018,8,6,4,5,2,0,0,1,0,1,0,0,0,0,0,0
2018,12,17,6,5,2,2,1,1,0,0,0,0,1,0,0,0
2020,8,11,5,3,6,0,1,0,0,0,0,1,0,0,1,0
2021,9,14,1,1,5,0,1,1,0,0,0,0,0,0,1,0
2019,4,15,6,0,1,0,0,0,0,1,0,0,0,0,0,0
2020,5,13,2,0,1,0,1,0,0,0,0,0,0,1,1,1
2021,2,16,1,2,6,0,0,1,0,0,0,0,0,1,2,0
2020,8,18,4,5,3,0,1,1,0,0,0,0,0,0,1,1
2019,1,18,1,2,6,2,0,1,0,0,0,0,1,0,0,0
2019,5,8,2,1,5,0,1,1,0,0,0,1,0,0,0,0
2019,6,10,2,5,2,0,0,1,0,1,0,0,0,0,0,0
2018,3,8,4,2,6,0,0,1,0,0,1,0,1,0,0,0
2019,1,9,2,2,6,0,0,1,0,0,0,0,0,0,0,0
2021,12,9,3,1,5,0,1,1,0,0,0,0,0,1,2,0
2019,9,12,3,0,3,0,1,1,0,0,0,0,0,0,0,0
2018,5,9,2,2,6,0,0,1,0,0,0,0,0,0,0,0
2019,1,8,4,3,6,0,1,0,0,0,0,1,1,0,0,0
2019,7,11,2,5,3,0,0,0,0,1,1,0,0,0,0,0
2021,4,8,5,3,6,0,0,1,0,0,0,0,0,1,2,0
2021,11,8,6,0,1,0,0,0,0,1,0,0,1,0,2,0
2018,11,6,7,0,7,2,0,1,0,0,0,0,0,0,0,0
2018,8,15,1,0,3,0,1,0,0,0,0,0,0,0,0,0
2021,7,23,6,5,2,2,0,0,0,0,0,1,0,0,1,1
2019,8,9,5,2,7,0,0,1,0,0,0,0,0,0,0,1
2020,7,18,2,0,7,0,0,0,0,0,0,1,0,0,1,1
2020,7,11,3,0,1,0,1,0,0,0,0,0,0,0,1,0
2020,11,6,4,6,4,2,0,1,1,0,0,0,0,1,2,0
2018,8,18,4,2,7,0,1,1,0,0,0,0,0,0,0,0
2019,4,16,5,5,7,0,1,1,0,0,0,0,0,0,0,0
2020,3,14,7,5,2,0,1,1,0,0,0,0,0,1,1,0
2021,2,12,2,4,1,0,0,1,0,0,0,1,2,1,2,0
2019,10,11,6,1,7,0,0,1,0,1,0,0,0,0,0,0
2019,10,14,6,5,2,0,0,1,0,0,0,0,1,0,0,0
2019,10,0,6,5,2,2,0,1,0,0,0,0,0,0,0,0
2019,12,10,6,0,5,0,1,1,0,0,0,0,1,0,0,0
2020,4,13,5,5,2,0,0,1,0,1,0,0,0,1,2,0
2020,11,12,4,5,2,0,1,1,0,0,0,0,0,1,2,0
2021,6,23,2,2,6,2,1,1,0,0,0,0,0,0,1,0
2020,8,0,7,9,1,2,0,0,0,1,0,0,0,0,1,0
2021,1,17,7,5,2,2,0,1,0,0,0,0,1,1,2,0
2021,5,9,1,0,1,0,1,0,0,0,0,0,0,1,2,1
2018,5,13,1,1,1,0,0,1,0,0,0,0,0,0,0,0
2019,6,18,4,2,6,0,0,1,0,0,0,0,0,0,0,0
2019,12,19,6,6,4,1,0,1,1,0,0,0,1,0,0,0
2021,9,8,3,5,3,0,1,1,0,0,0,0,0,0,1,0
2021,3,8,4,5,3,0,0,1,0,0,0,1,0,0,2,1
2019,5,16,7,6,6,0,0,0,1,0,0,1,0,0,0,0
2020,11,14,2,5,3,0,1,1,0,0,0,0,0,1,2,0
2019,10,18,5,5,2,2,1,1,0,0,0,0,0,0,0,1
2021,11,18,5,5,7,1,1,1,0,0,0,0,1,0,2,0
2019,3,14,2,5,3,0,0,1,0,0,0,0,0,0,0,0
2019,4,9,3,5,2,0,1,1,0,0,0,0,0,0,0,1
2019,8,22,5,1,5,2,1,1,0,0,0,0,0,0,0,0
2019,9,6,5,2,7,0,0,1,0,0,0,1,1,0,0,1
2018,9,12,7,6,7,0,0,1,1,0,0,0,0,0,0,0
2021,1,20,1,6,2,2,0,1,1,0,0,0,0,1,2,0
2020,10,9,2,5,3,0,1,0,0,0,0,0,0,1,1,0
2020,5,16,2,8,1,0,1,0,0,0,0,0,0,1,1,1
2018,2,12,1,5,3,0,0,1,0,0,0,0,0,0,0,0
2019,1,15,2,6,4,0,0,1,1,0,0,0,0,0,0,1
2020,12,11,6,5,2,0,0,1,0,0,0,0,0,1,2,0
2018,8,6,6,5,2,0,0,1,0,0,0,0,0,0,0,0
2020,9,21,2,1,5,2,1,1,0,0,0,0,0,0,1,0
2020,8,21,6,5,2,0,1,1,0,0,0,0,0,0,1,0
2021,6,13,7,2,2,0,1,1,0,0,0,0,1,0,1,0
2019,7,23,7,6,4,2,0,1,1,0,0,0,1,0,0,0
2019,11,16,5,5,2,1,0,1,0,0,0,1,1,0,0,0
2021,5,18,6,3,2,0,1,1,0,0,0,0,0,1,2,0
2021,2,16,1,5,2,0,0,1,0,0,0,1,0,1,2,1
2019,10,7,4,1,7,0,0,1,0,0,0,0,1,0,0,0
2019,3,17,6,2,6,2,0,1,0,0,0,0,0,0,0,0
2018,12,14,6,6,6,0,1,0,1,0,0,0,0,0,0,0
2019,3,7,4,5,2,0,1,1,0,0,0,0,0,0,0,0
2018,5,16,7,6,4,0,0,1,1,0,0,0,0,0,0,0
2020,7,19,2,5,3,0,0,1,0,0,0,0,0,0,1,0
2020,1,14,2,6,4,0,0,1,1,0,0,0,0,0,0,0
2018,6,15,4,0,1,0,0,0,0,1,0,0,0,0,0,0
2018,8,17,3,5,2,0,1,1,0,0,0,0,0,0,0,0
2018,6,16,2,5,3,0,0,1,0,0,0,0,0,0,0,0
2019,9,7,4,5,2,0,1,1,0,0,0,0,0,0,0,0
2018,11,18,5,2,6,2,0,1,0,0,0,0,0,0,0,0
2021,3,15,4,6,4,0,0,1,1,0,0,0,0,0,2,0
2019,10,10,2,1,7,0,1,1,0,0,0,0,0,0,0,0
2018,11,11,4,2,6,0,0,1,0,0,0,0,0,0,0,0
2020,8,20,7,1,5,0,1,1,0,0,0,0,1,0,1,0
2021,10,22,7,5,2,2,0,1,0,0,0,0,0,0,1,0
2018,10,12,6,5,2,0,1,1,0,0,0,0,0,0,0,1
2019,5,9,6,6,4,0,0,1,1,0,0,0,0,0,0,1
2021,5,8,6,5,3,0,1,1,0,0,0,0,1,1,2,0
2019,4,23,7,2,6,2,0,1,0,0,0,0,0,0,0,0
2018,11,15,7,1,5,0,0,1,0,0,1,0,0,0,0,0
2018,6,19,3,5,3,0,1,1,0,0,0,0,0,0,0,0
2020,6,18,2,1,5,0,1,1,0,0,0,0,0,0,1,0
2019,1,13,2,0,3,0,0,1,0,0,0,1,0,0,0,0
2018,5,16,3,3,6,0,1,0,0,0,0,0,1,0,0,0
2021,9,10,6,5,3,0,0,1,0,0,0,0,0,0,1,0
2019,11,18,7,5,2,2,0,1,0,0,0,0,0,0,0,0
2021,12,15,4,5,7,1,0,1,0,0,0,0,0,1,2,0
2021,5,17,5,0,1,0,1,0,0,0,0,0,1,1,2,0
2018,4,12,3,2,6,0,0,1,0,0,0,0,0,0,0,0
2021,9,19,7,5,3,0,0,1,0,0,0,0,0,0,1,0
2018,1,11,2,0,5,0,0,1,0,0,0,1,0,0,0,0
2018,4,12,2,0,1,0,0,0,0,1,0,0,0,0,0,0
2021,12,20,6,1,1,2,0,1,0,0,0,1,0,1,2,0
2020,5,8,2,6,2,0,0,1,1,0,0,0,0,1,1,0
2018,8,8,3,5,3,0,1,1,0,0,0,0,0,0,0,0
2018,4,16,2,2,2,0,0,1,0,0,0,1,0,0,0,0
2020,4,15,5,5,7,0,1,1,0,0,0,0,0,1,2,0
2019,7,11,2,8,1,0,0,1,0,0,0,0,0,0,0,1
2018,10,10,6,6,2,0,0,1,1,0,0,0,0,0,0,1
2019,7,9,4,2,6,0,0,1,0,1,0,0,0,0,0,0
2018,5,12,1,5,3,0,0,1,0,0,0,0,0,0,0,0
2018,2,11,7,3,6,0,0,0,0,0,0,1,0,0,0,0
2018,11,14,5,6,2,0,0,1,1,0,0,0,0,0,0,0
2020,12,14,2,5,2,0,0,1,0,0,0,0,1,1,2,0
2020,3,16,6,6,4,0,0,0,1,1,0,0,0,1,1,0
2018,10,10,3,6,7,0,0,1,1,0,0,0,0,0,0,0
2018,6,12,6,1,5,0,0,1,0,1,0,0,0,0,0,0
2020,8,22,7,5,2,2,1,1,0,0,0,0,0,0,1,0
2019,9,8,2,3,6,0,0,1,0,0,0,1,1,0,0,0
2021,10,13,5,3,6,0,0,0,0,1,0,1,1,0,1,0
2019,2,12,6,5,7,0,1,1,0,0,0,0,0,0,0,0
2021,10,19,3,6,4,1,0,0,1,1,0,0,0,0,1,1
2019,6,15,2,5,3,0,0,1,0,0,0,0,0,0,0,0
2018,3,8,3,5,7,0,1,0,0,0,1,0,1,0,0,0
2018,8,19,6,2,7,0,0,1,0,0,0,0,0,0,0,0
2020,8,18,2,5,3,0,0,1,0,0,0,0,0,0,1,1
2021,7,8,7,2,6,0,1,1,0,0,0,0,1,0,1,0
2019,11,10,3,5,2,0,0,1,0,0,0,1,0,0,0,0
2019,4,3,1,1,1,2,0,1,0,0,0,1,0,0,0,0
2021,9,10,7,5,2,0,1,1,0,0,0,0,1,0,1,0
2018,8,10,5,4,6,0,0,1,0,0,0,1,0,0,0,0
2020,6,16,4,2,6,0,0,1,0,0,0,0,0,0,1,0
2020,1,17,6,5,2,2,0,1,0,1,0,0,0,0,0,0
2020,8,23,7,1,5,2,1,1,0,0,0,0,0,0,1,0
2021,4,10,1,5,3,0,0,1,0,0,0,0,0,1,2,0
2020,5,15,5,2,6,0,0,1,0,0,0,0,0,1,1,0
2021,6,14,4,2,6,0,0,1,0,1,0,0,0,0,1,0
2020,11,14,5,6,6,0,0,1,1,0,0,0,0,1,2,1
2019,9,15,4,2,2,0,1,0,0,0,0,1,0,0,0,0
2021,10,6,3,6,2,2,0,1,1,0,0,0,0,0,1,1
2018,5,17,3,4,2,0,1,1,0,0,0,0,0,0,0,0
2018,4,8,3,5,3,0,0,1,0,0,0,0,1,0,0,0
2018,6,14,7,2,6,0,0,1,0,0,0,0,0,0,0,0
2020,9,14,1,8,1,0,1,0,0,0,0,0,0,0,1,0
2021,11,15,2,5,3,0,1,1,0,0,0,0,1,0,2,0
2018,7,22,6,0,1,2,0,1,0,1,0,0,0,0,0,0
2020,6,16,2,2,7,0,0,1,0,1,0,0,0,0,1,0
2019,4,5,5,2,6,2,0,1,0,1,0,0,0,0,0,0
2018,4,16,5,5,2,0,0,1,0,1,0,0,0,0,0,0
2019,11,9,2,5,2,0,1,0,0,0,1,0,0,0,0,1
2021,12,15,5,6,2,2,0,1,1,0,0,0,1,1,2,0
2018,1,17,4,2,6,2,0,1,0,1,0,0,1,0,0,0
2018,10,15,2,5,2,0,1,1,0,0,0,0,0,0,0,0
2021,7,22,4,5,2,2,1,1,0,0,0,0,0,0,1,1
2019,10,8,4,5,2,0,0,1,0,0,0,0,0,0,0,1
2019,5,9,3,5,3,0,1,1,0,0,0,0,0,0,0,0
2019,11,13,7,2,2,0,0,1,0,0,0,0,0,0,0,0
2019,7,16,4,0,5,0,0,1,0,1,0,0,1,0,0,0
2018,7,13,2,0,1,0,0,0,0,1,0,0,0,0,0,0
2018,5,19,4,5,3,0,1,1,0,0,0,0,0,0,0,0
2019,6,7,5,3,6,0,0,1,0,0,1,0,1,0,0,0
2018,10,15,2,2,6,0,0,1,0,0,0,0,1,0,0,1
2019,8,10,4,6,7,0,0,1,1,0,0,0,0,0,0,1
2018,4,21,4,2,6,2,1,1,0,0,0,0,0,0,0,0
2018,11,15,3,5,2,0,0,1,0,0,0,0,0,0,0,0
2020,9,13,1,5,3,0,1,1,0,0,0,0,0,0,1,0
2018,10,11,4,5,2,0,0,1,0,0,0,0,1,0,0,0
2018,5,13,3,0,2,0,1,1,0,0,0,0,0,0,0,0
2018,8,0,1,6,4,2,0,1,1,0,0,0,0,0,0,1
2019,8,4,3,5,3,2,0,1,0,0,0,0,1,0,0,0
2018,6,19,4,5,3,0,1,1,0,0,0,0,0,0,0,0
2018,8,10,4,0,6,0,0,1,0,1,0,0,0,0,0,0
2019,7,10,6,0,1,0,0,0,0,1,0,0,1,0,0,0
2018,11,7,6,0,2,0,1,0,0,0,0,1,1,0,0,0
2020,9,7,6,5,3,1,0,1,0,1,0,0,1,0,1,1
2021,8,9,2,1,5,0,1,1,0,0,0,0,0,0,1,0
2020,10,11,6,6,4,0,0,1,1,0,0,0,1,1,1,0
2020,10,8,3,5,2,0,1,1,0,0,0,0,0,1,1,0
2018,4,17,3,5,2,0,0,1,0,0,0,0,0,0,0,0
2018,5,14,6,5,2,0,1,1,0,0,0,0,0,0,0,0
2020,8,16,5,5,3,0,0,1,0,1,0,0,0,0,1,0
2021,7,19,6,5,3,0,1,1,0,0,0,0,0,0,1,0
2021,5,18,3,2,6,0,0,1,0,1,0,0,1,1,2,0
2019,8,3,5,6,6,2,0,0,1,0,0,1,0,0,0,0
2021,4,13,2,5,3,0,1,1,0,0,0,0,0,1,2,0
2018,4,8,7,5,3,0,0,1,0,0,0,0,0,0,0,0
2018,11,19,7,6,7,2,1,0,1,0,0,0,0,0,0,0
2019,7,13,5,1,1,0,1,1,0,0,0,0,0,0,0,0
2020,5,17,3,5,3,0,1,1,0,0,0,0,0,1,1,0
2021,8,7,4,2,2,0,1,1,0,0,0,0,0,0,1,0
2018,8,15,1,9,1,0,0,0,0,1,0,0,0,0,0,1
2021,8,14,2,2,2,0,0,1,0,0,0,0,0,0,1,0
2019,12,9,5,0,6,0,0,1,0,1,0,0,0,0,0,0
2018,6,11,1,5,3,0,1,1,0,0,0,0,0,0,0,1
2018,5,16,7,0,6,0,1,1,0,0,0,0,0,0,0,0
2020,11,17,6,5,2,2,0,1,0,1,0,0,0,1,2,0
2021,11,9,2,2,6,0,0,1,0,0,0,0,1,0,2,0
2020,1,13,5,1,1,0,0,1,0,0,1,0,1,0,0,1
2020,8,15,7,5,2,0,1,1,0,0,0,0,0,0,1,0
2018,2,12,6,2,6,0,1,1,0,0,0,0,0,0,0,0
2020,7,16,3,5,3,0,1,1,0,0,0,0,0,0,1,0
2021,11,22,3,3,2,2,0,1,0,1,0,0,0,0,2,1
2020,8,20,2,5,3,0,1,1,0,0,0,0,0,0,1,0
2018,6,16,6,2,6,0,1,1,0,0,0,0,0,0,0,0
2021,1,3,1,1,5,2,0,1,0,0,1,0,1,1,2,0
2019,7,22,3,2,6,2,0,1,0,0,0,0,0,0,0,0
2019,8,16,7,2,6,0,0,1,0,0,0,0,0,0,0,0
2021,12,12,6,5,7,0,0,1,0,0,0,0,1,1,2,0
2018,1,14,7,5,7,0,0,1,0,0,0,0,0,0,0,0
2019,10,12,3,5,2,0,1,1,0,0,0,0,0,0,0,0
2021,7,12,4,3,2,0,0,1,0,0,0,1,0,0,1,0
2021,6,16,2,5,3,0,0,1,0,1,0,0,0,0,1,0
2021,5,13,2,5,2,0,1,1,0,0,0,0,0,1,2,0
2020,4,11,6,1,5,0,1,1,0,0,0,0,0,1,2,0
2019,3,4,6,1,5,2,0,1,0,0,0,0,0,0,0,0
2018,7,15,5,0,3,0,0,1,0,1,0,0,0,0,0,0
2021,11,7,2,2,6,0,0,1,0,0,0,0,1,0,2,0
2019,7,21,4,1,5,1,0,1,0,0,1,0,0,0,0,0
2018,3,8,4,5,3,0,1,1,0,0,0,0,2,0,0,1
2021,4,16,5,0,1,0,1,0,0,0,0,0,0,1,2,0
2018,8,18,4,5,3,0,0,1,0,0,0,0,0,0,0,0
2019,6,10,2,5,2,0,0,1,0,1,0,0,0,0,0,0
2021,6,10,2,0,1,0,1,0,0,0,0,0,0,0,1,1
2020,8,0,1,9,1,2,0,1,0,0,0,0,0,0,1,0
2021,8,10,5,5,7,0,0,1,0,1,0,0,0,0,1,0
2019,5,15,5,5,2,0,0,1,0,1,0,0,0,0,0,1
2021,12,17,5,2,6,2,0,1,0,0,0,0,1,1,2,0
2020,5,13,1,2,6,0,0,1,0,0,0,0,0,1,1,0
2018,9,11,5,5,2,0,1,0,0,0,1,0,1,0,0,0
2021,9,16,4,6,2,0,0,1,1,0,0,0,1,0,1,0
2019,4,16,2,2,6,0,0,1,0,0,0,0,0,0,0,1
2018,2,15,6,5,3,0,1,1,0,0,0,0,0,0,0,0
2021,11,14,3,6,4,0,1,0,1,0,0,0,1,0,2,0
2020,12,14,7,5,3,0,1,1,0,0,0,0,0,1,2,0
2021,7,11,5,3,6,0,0,1,0,0,0,1,0,0,1,0
2019,9,16,5,6,4,0,1,0,1,0,0,0,0,0,0,1
2018,5,17,3,3,6,0,1,1,0,0,0,0,0,0,0,0
2018,11,14,3,8,1,0,0,1,0,0,0,0,1,0,0,0
2018,10,17,4,0,6,0,0,1,0,1,0,0,0,0,0,0
2019,8,10,5,2,6,0,0,1,0,0,0,1,0,0,0,0
2020,4,14,1,1,5,0,1,1,0,0,0,0,0,1,2,0
2018,5,13,6,2,6,0,0,1,0,0,0,0,0,0,0,0
2019,12,7,2,6,7,2,1,0,1,0,0,0,0,0,0,0
2021,6,9,7,3,2,0,1,1,0,0,0,0,0,0,1,0
2019,5,21,4,2,6,0,0,1,0,0,0,1,0,0,0,0
2019,5,18,4,0,2,0,0,1,0,1,0,0,0,0,0,0
2019,6,11,3,5,3,0,1,1,0,0,0,0,0,0,0,0
2020,9,17,5,6,4,0,0,1,1,0,0,0,0,0,1,1
2019,7,20,6,5,3,1,1,1,0,0,0,0,0,0,0,1
2018,7,23,7,6,4,2,0,1,1,0,0,0,0,0,0,0
2018,7,22,3,2,6,2,0,1,0,0,0,0,0,0,0,1
2018,7,7,6,5,2,0,1,1,0,0,0,0,0,0,0,1
2021,8,12,5,0,3,0,0,1,0,1,0,0,0,0,1,0
2018,12,7,6,6,2,1,0,1,1,0,0,0,1,0,0,0
2020,10,20,1,5,2,2,0,1,0,0,0,0,1,1,1,0
2018,6,16,5,5,3,0,0,1,0,1,0,0,0,0,0,0
2020,5,7,3,1,5,0,1,0,0,0,1,0,0,1,1,0
2020,8,14,4,5,2,0,0,1,0,1,0,0,0,0,1,0
2019,9,15,3,5,2,0,1,1,0,0,0,0,0,0,0,0
2021,6,20,4,5,3,1,0,1,0,1,0,0,0,0,1,1
2021,3,13,2,5,3,0,1,1,0,0,0,0,0,0,2,0
2018,9,9,6,2,6,0,1,1,0,0,0,0,1,0,0,0
2019,6,15,4,1,5,0,1,1,0,0,0,0,0,0,0,1
2019,9,16,2,5,3,0,0,1,0,0,0,0,0,0,0,1
2020,6,10,4,6,4,0,1,0,1,0,0,0,0,0,1,0
2018,8,15,3,2,6,0,1,0,0,0,0,0,0,0,0,0
2021,8,23,7,5,3,2,0,1,0,0,0,0,1,0,1,0
2018,11,16,5,5,2,2,0,1,0,1,0,0,1,0,0,1
2020,4,10,7,5,2,0,1,1,0,0,0,0,0,1,2,0
2021,7,18,4,1,1,0,1,1,0,0,0,0,1,0,1,0
2020,1,9,1,5,2,0,0,1,0,0,0,0,1,0,0,0
2018,12,11,4,1,5,0,1,1,0,0,0,0,1,0,0,0
2021,8,9,6,0,1,0,0,0,0,1,0,0,1,0,1,0
2020,6,20,1,0,7,1,1,0,0,0,0,0,0,0,1,0
2021,6,3,7,0,1,1,0,0,0,1,0,0,0,0,1,0
2018,5,22,4,5,2,2,0,1,0,1,0,0,0,0,0,1
2019,11,13,2,0,3,0,0,1,0,1,0,0,1,0,0,0
2019,7,9,5,2,6,0,0,1,0,0,0,0,0,0,0,0
2019,5,15,4,2,7,0,1,1,0,0,0,0,1,0,0,0
2021,3,14,6,3,6,0,0,1,0,0,0,0,0,0,2,0
2019,5,18,6,5,3,0,0,1,0,0,0,0,0,0,0,0
2019,9,16,3,5,3,0,0,1,0,1,0,0,1,0,0,1