UJAHR,UMONAT,USTUNDE,UWOCHENTAG,UART,UTYP1,ULICHTVERH,IstRad,IstPKW,IstFuss,IstKrad,IstGkfz,IstSonstige,USTRZUSTAND,LOCKDOWN,COVID,UKATEGORIE
2018,9,7,2,5,2,0,1,1,0,0,0,0,0,0,0,0
2019,12,9,3,6,4,0,0,1,1,0,0,0,1,0,0,1
2018,11,19,3,0,1,2,0,0,0,1,0,0,0,0,0,0
2020,8,16,3,5,3,0,0,1,0,0,0,0,0,0,1,0
2019,9,13,1,6,7,0,0,0,1,0,0,1,0,0,0,0
2021,8,13,3,5,2,0,1,1,0,0,0,0,0,0,1,0
2020,1,12,1,5,2,0,1,0,0,0,0,1,0,0,0,1
2019,6,10,5,5,2,0,1,1,0,0,0,0,0,0,0,0
2021,9,10,4,0,1,0,0,1,0,0,0,0,0,0,1,0
2021,10,21,3,5,2,2,1,1,0,0,0,0,1,0,1,1
2019,9,14,6,5,2,0,1,1,0,0,0,0,1,0,0,0
2020,12,8,6,5,2,0,1,1,0,0,0,0,0,1,2,0
2018,4,9,5,3,6,0,1,0,0,0,0,0,0,0,0,1
2020,1,7,5,6,4,2,0,1,1,0,0,0,1,0,0,1
2020,3,13,7,2,6,0,1,1,0,0,0,0,0,1,1,0
2018,7,21,6,1,5,0,0,1,0,0,0,0,0,0,0,0
2020,6,18,3,2,6,0,0,1,0,1,0,0,0,0,1,0
2020,6,19,3,6,6,0,1,0,1,0,0,0,0,0,1,0
2021,3,11,2,1,5,0,0,1,0,0,0,1,0,0,2,0
2021,11,14,4,4,6,0,1,0,0,0,0,0,0,0,2,0
2020,6,10,3,5,3,0,0,1,0,0,0,1,0,0,1,0
2018,1,9,2,5,2,0,0,1,0,0,0,0,1,0,0,0
2021,1,8,4,5,2,0,1,1,0,0,0,0,1,1,2,0
2021,9,13,6,3,6,0,1,1,0,0,0,0,0,0,1,0
2019,5,23,6,5,3,2,1,1,0,0,0,0,0,0,0,0
2020,6,8,2,0,3,0,1,1,0,0,0,0,0,0,1,0
2019,9,9,6,5,3,0,1,1,0,0,0,0,0,0,0,1
2021,10,11,5,6,4,0,0,0,1,0,1,0,0,0,1,1
2021,2,15,3,5,3,0,1,1,0,0,0,0,0,1,2,0
2019,11,13,2,5,3,0,0,1,0,0,0,0,1,0,0,0
2020,5,15,5,5,2,0,0,1,0,0,0,1,0,1,1,0
2020,6,13,3,2,7,0,0,1,0,1,0,0,0,0,1,0
2020,8,13,2,9,1,0,0,0,1,0,1,0,0,0,1,1
2018,11,15,7,5,2,0,0,1,0,1,0,0,0,0,0,0
2019,12,7,6,5,2,0,1,1,0,0,0,0,1,0,0,0
2020,10,13,6,6,4,0,0,1,1,0,0,0,1,1,1,1
2021,6,18,6,2,6,0,1,1,0,0,0,0,0,0,1,0
2020,12,19,6,5,2,2,0,1,0,0,0,0,0,1,2,0
2018,9,11,1,5,2,0,0,1,0,0,0,0,0,0,0,1
2019,6,14,4,6,7,0,0,1,1,0,0,0,0,0,0,0
2020,3,11,1,4,6,0,1,1,0,0,0,0,0,1,1,0
2020,9,9,3,2,2,0,0,1,0,1,0,0,0,0,1,0
2021,3,15,5,2,6,0,0,1,0,1,0,0,0,0,2,0
2021,11,15,4,5,3,1,0,1,0,0,0,0,0,0,2,0
2019,7,15,4,5,2,0,0,1,0,1,0,0,0,0,0,1
2021,12,7,5,6,4,1,0,0,1,0,0,1,0,1,2,1
2018,5,6,4,5,2,0,1,1,0,0,0,0,0,0,0,0
2019,6,11,5,5,2,0,1,0,0,0,0,1,0,0,0,0
2019,1,8,5,5,3,0,1,1,0,0,0,0,0,0,0,0
2018,2,18,7,2,6,2,0,1,0,0,0,0,1,0,0,0
2019,6,19,5,5,7,1,0,1,0,0,0,0,1,0,0,0
2020,2,8,5,5,2,0,0,1,0,0,0,0,0,0,0,0
2018,4,8,5,2,6,0,0,0,0,1,0,1,0,0,0,0
2018,2,6,6,0,2,2,0,1,0,1,0,0,0,0,0,0
2019,3,12,5,5,3,0,1,1,0,0,0,0,1,0,0,0
2020,7,18,2,0,7,0,0,1,0,1,0,0,1,0,1,0
2018,8,16,1,0,1,0,0,0,0,1,0,0,0,0,0,0
2020,6,15,4,5,2,0,1,1,0,0,0,0,0,0,1,0
2020,10,15,6,5,3,0,1,1,0,0,0,0,0,1,1,0
2019,6,10,2,8,1,0,0,1,0,0,0,0,0,0,0,1
2018,10,6,3,2,6,2,0,1,0,0,0,0,0,0,0,0
2018,3,14,5,5,2,0,1,1,0,0,0,0,0,0,0,0
2020,10,20,6,0,1,2,1,0,0,0,0,0,1,1,1,0
2018,4,13,3,6,4,0,0,0,1,0,1,0,0,0,0,0
2018,12,17,4,2,2,2,0,1,0,0,0,0,0,0,0,0
2020,10,22,3,0,3,2,1,1,0,0,0,0,1,1,1,0
2018,4,11,3,5,3,0,1,1,0,0,0,0,1,0,0,0
2020,4,0,5,5,3,2,0,1,0,0,0,1,0,1,2,0
2021,6,10,3,5,2,0,0,1,0,0,0,0,0,0,1,0
2020,1,13,5,5,2,0,1,1,0,0,0,0,1,0,0,0
2021,5,15,2,5,3,0,0,1,0,0,0,0,0,1,2,0
2018,10,11,1,1,5,0,1,1,0,0,0,0,0,0,0,0
2019,1,16,1,5,2,2,1,1,0,0,0,0,1,0,0,0
2019,7,7,4,5,3,0,0,1,0,1,0,0,0,0,0,0
2019,10,15,2,6,4,0,0,1,1,0,0,0,0,0,0,0
2020,1,12,2,2,6,0,1,1,0,0,0,0,0,0,0,0
2018,7,0,2,0,1,2,0,1,0,1,0,0,0,0,0,0
2018,12,22,7,6,2,2,0,1,1,0,0,0,1,0,0,1
2019,4,15,5,5,2,0,0,1,0,0,0,0,0,0,0,0
2019,1,17,3,2,6,2,0,1,0,0,0,0,1,0,0,1
2020,5,5,3,2,6,1,0,1,0,0,0,0,0,1,1,0
2019,6,16,3,6,7,0,0,1,1,0,0,0,0,0,0,0
2020,6,19,1,4,6,0,1,1,0,0,0,0,0,0,1,0
2021,7,14,2,0,5,0,0,0,0,1,0,1,1,0,1,0
2020,6,10,6,6,4,0,0,1,1,0,0,0,0,0,1,1
2021,11,15,3,0,6,0,1,0,0,0,0,1,0,0,2,0
2020,9,20,7,2,2,1,1,1,0,0,0,0,0,0,1,0
2021,8,15,7,1,5,0,1,1,0,0,0,0,0,0,1,0
2020,6,14,7,0,2,0,1,1,0,0,0,0,0,0,1,0
2020,4,17,1,5,3,0,0,1,0,1,0,0,0,1,2,1
2020,8,18,1,6,4,0,0,1,1,0,0,0,0,0,1,0
2019,3,12,6,5,3,0,0,1,0,0,0,0,0,0,0,0
2020,2,15,7,5,3,0,0,1,0,1,0,0,1,0,0,0
2020,1,19,1,5,3,2,0,1,0,0,1,0,0,0,0,0
2020,11,9,2,4,7,0,1,0,0,0,0,0,1,1,2,0
2020,3,12,3,6,7,0,1,0,1,0,0,0,0,1,1,0
2020,5,16,4,0,1,0,0,0,0,1,0,0,0,1,1,0
2018,11,16,3,6,2,2,0,1,1,0,0,0,1,0,0,0
2018,7,15,5,2,6,0,0,1,0,0,0,0,0,0,0,0
2020,6,10,3,3,6,0,0,1,0,0,1,0,0,0,1,0
2021,10,7,7,2,6,0,0,1,0,0,0,0,0,0,1,0
2018,4,18,3,1,5,0,1,1,0,0,0,0,0,0,0,0
2019,8,10,5,5,2,0,0,1,0,1,0,0,0,0,0,0
2018,5,8,4,5,3,0,1,1,0,0,0,0,0,0,0,0
2020,6,8,3,0,1,0,0,0,0,0,0,1,0,0,1,1
2019,2,17,4,2,7,1,1,1,0,0,0,0,0,0,0,0
2018,4,16,6,4,6,0,1,1,0,0,0,0,0,0,0,0
2021,3,8,2,6,4,0,1,0,1,0,0,0,0,0,2,0
2021,9,7,4,5,3,0,1,1,0,0,0,0,1,0,1,0
2020,2,10,1,5,2,0,0,1,0,0,1,0,1,0,0,0
2021,8,10,1,5,3,0,0,1,0,0,0,1,0,0,1,0
2021,8,16,2,2,7,0,0,1,0,0,0,0,1,0,1,0
2020,8,19,5,5,2,0,1,1,0,0,0,0,0,0,1,0
2020,5,6,3,3,5,0,0,1,0,1,0,0,0,1,1,1
2019,5,12,1,1,7,0,1,1,0,0,0,0,0,0,0,0
2021,10,7,3,2,6,1,0,1,0,0,0,0,1,0,1,1
2019,7,8,6,5,3,0,0,1,0,0,0,0,0,0,0,0
2020,9,16,3,5,3,0,0,1,0,0,0,0,0,0,1,0
2019,10,6,5,2,6,2,0,1,0,0,1,0,1,0,0,0
2019,11,17,5,0,6,2,0,1,0,1,0,0,1,0,0,0
2018,9,15,6,0,1,0,0,0,0,1,0,0,0,0,0,0
2020,8,22,5,0,7,2,0,0,0,1,0,0,0,0,1,0
2018,10,17,4,2,6,0,0,1,0,0,0,0,0,0,0,0
2020,4,17,2,6,4,0,0,1,1,0,0,0,0,1,2,0
2018,8,9,5,9,1,0,0,1,0,0,0,0,1,0,0,0
2021,5,10,2,5,3,0,1,1,0,0,0,0,0,1,2,0
2020,5,15,5,5,2,0,1,1,0,0,0,0,0,1,1,0
2019,9,11,7,2,6,0,0,1,0,0,0,0,0,0,0,0
2021,11,16,2,6,2,1,0,0,1,0,1,0,1,0,2,1
2018,8,18,5,5,3,1,1,0,0,1,0,0,0,0,0,0
2018,10,11,5,6,2,0,0,1,1,0,0,0,1,0,0,0
2018,10,12,6,5,3,0,1,1,0,0,0,0,1,0,0,1
2019,12,13,3,2,6,0,0,1,0,0,0,1,1,0,0,0
2019,5,12,3,1,5,0,1,1,0,0,0,0,0,0,0,0
2020,8,16,1,2,7,0,1,1,0,0,0,0,0,0,1,0
2019,8,9,4,5,2,0,1,0,0,0,0,1,0,0,0,0
2018,11,14,6,2,6,0,0,1,0,0,0,1,1,0,0,0
2020,11,20,5,1,5,2,0,1,0,0,0,0,0,1,2,1
2019,6,11,2,2,6,0,0,1,0,0,1,0,0,0,0,0
2020,2,16,6,5,2,0,0,1,0,0,0,1,0,0,0,0
2020,11,9,3,2,6,0,1,0,1,0,0,0,0,1,2,0
2020,7,19,4,5,2,0,0,1,0,0,0,0,0,0,1,0
2018,4,11,3,5,3,0,1,1,0,0,0,0,0,0,0,0
2019,9,15,3,0,3,0,1,1,0,0,0,0,1,0,0,1
2018,4,7,4,2,6,0,0,1,0,0,0,0,1,0,0,0
2018,12,12,4,3,6,0,0,1,0,1,0,0,0,0,0,0
2021,8,12,4,0,2,0,1,1,0,0,0,0,0,0,1,0
2020,12,14,3,2,6,0,0,1,0,0,0,0,0,1,2,0
2021,8,16,6,5,3,0,0,1,0,0,0,0,0,0,1,0
2019,11,17,2,6,4,2,0,1,1,0,0,0,1,0,0,1
2021,12,6,6,6,4,2,0,1,1,0,0,0,0,1,2,0
2021,8,8,3,5,3,0,1,0,0,0,0,1,0,0,1,0
2021,8,14,2,0,1,0,0,0,0,1,0,0,0,0,1,0
2019,1,16,6,6,2,2,0,1,1,0,0,0,1,0,0,0
2020,7,8,3,1,5,0,1,1,0,0,0,0,0,0,1,0
2021,8,14,7,5,2,0,0,1,0,1,0,0,0,0,1,1
2018,7,21,5,9,1,1,0,1,0,0,0,0,0,0,0,0
2018,9,7,4,2,7,0,0,1,0,0,0,0,0,0,0,0
2020,6,18,3,1,5,0,1,1,0,0,0,0,0,0,1,0
2021,9,9,5,2,6,0,0,1,0,0,0,1,0,0,1,0
2018,8,15,2,2,2,0,1,1,0,0,0,0,0,0,0,0
2019,6,18,5,0,3,0,1,0,0,1,0,0,1,0,0,0
2020,3,10,5,2,6,0,0,1,0,0,1,1,0,1,1,0
2021,10,2,5,0,7,2,1,0,0,0,0,0,0,0,1,0
2020,2,13,7,2,6,0,0,1,0,0,0,0,0,0,0,0
2020,2,17,5,4,2,2,1,0,0,0,0,0,0,0,0,0
2018,10,17,3,2,6,1,0,1,0,0,0,0,1,0,0,0
2021,9,12,5,5,3,0,0,1,0,0,0,0,0,0,1,0
2020,7,10,4,5,2,0,0,1,0,0,0,1,0,0,1,0
2018,6,9,1,0,3,0,1,1,0,0,0,0,0,0,0,0
2021,10,15,2,5,2,0,0,1,0,0,0,1,0,0,1,0
2019,2,20,7,5,2,2,0,1,0,0,0,0,1,0,0,0
2019,10,14,5,6,7,0,0,0,1,0,1,0,0,0,0,1
2020,7,16,2,1,5,0,1,1,0,0,0,0,0,0,1,0
2019,5,8,3,2,2,0,0,1,0,0,0,1,0,0,0,0
2021,11,10,6,5,2,0,0,1,0,0,0,1,0,0,2,0
2019,11,20,4,5,2,2,1,1,0,0,0,0,0,0,0,0
2019,11,15,5,5,2,0,1,1,0,0,0,0,0,0,0,0
2019,12,8,3,6,4,0,0,1,1,0,0,0,1,0,0,0
2021,8,8,2,5,3,0,1,1,0,0,0,0,0,0,1,0
2021,8,11,2,5,2,0,0,1,0,0,0,1,0,0,1,0
2019,1,5,5,0,6,2,0,1,0,0,0,1,1,0,0,0
2020,3,9,6,5,3,0,1,1,0,0,0,0,0,1,1,1
2020,9,8,3,5,2,0,1,1,0,0,0,0,0,0,1,0
2018,6,10,4,5,7,0,1,1,0,0,0,0,0,0,0,0
2018,8,10,5,5,3,0,0,1,0,0,0,0,0,0,0,0
2021,7,16,3,5,2,0,1,1,0,0,0,0,0,0,1,1
2019,5,14,7,2,6,0,0,1,0,0,0,0,0,0,0,1
2021,3,10,3,0,6,0,1,1,0,0,0,0,0,0,2,0
2021,2,9,5,0,6,0,0,1,0,0,0,1,1,1,2,0
2019,10,16,4,1,5,0,0,1,0,0,0,0,0,0,0,1
2018,11,12,4,5,3,0,1,1,0,0,0,0,0,0,0,0
2018,11,11,5,5,3,0,0,1,0,1,0,0,0,0,0,0
2020,2,11,2,0,4,0,0,0,1,0,0,1,1,0,0,0
2020,10,15,4,0,1,0,1,0,0,0,0,0,1,1,1,0
2019,6,16,6,4,6,0,1,0,0,0,0,0,0,0,0,1
2021,12,8,3,5,3,0,1,1,0,0,0,0,0,1,2,0
2018,7,14,2,5,2,0,0,1,0,0,1,0,0,0,0,0
2021,11,16,7,3,7,1,0,1,0,0,0,0,0,0,2,0
2019,9,13,6,0,6,0,0,0,0,0,0,1,0,0,0,0
2018,4,14,2,5,3,0,1,1,0,0,0,0,0,0,0,0
2020,10,18,5,5,2,1,1,1,0,0,0,0,1,1,1,0
2021,5,11,2,5,3,0,0,1,0,0,0,0,0,1,2,0
2018,6,22,6,1,5,2,1,1,0,0,0,0,0,0,0,0
2020,5,15,2,2,6,0,0,1,0,1,0,0,1,1,1,0
2018,1,17,3,1,5,2,1,1,0,0,0,0,1,0,0,0
2020,7,13,3,0,1,0,0,0,0,1,0,0,0,0,1,1
2020,1,10,7,2,6,0,0,1,0,0,0,0,0,0,0,0
2019,2,16,2,5,2,0,1,1,0,0,0,0,0,0,0,0
2020,12,9,7,0,1,0,0,0,0,1,0,0,2,1,2,0
2018,3,7,6,6,4,0,0,1,1,0,0,0,0,0,0,0
2018,7,10,6,1,5,0,1,1,0,0,0,0,0,0,0,0
2018,10,10,5,5,3,0,1,1,0,0,0,0,0,0,0,0
2021,6,20,1,1,5,0,1,1,0,0,0,0,0,0,1,0
2018,2,6,2,8,1,1,0,1,0,0,0,0,1,0,0,0
2019,5,10,2,6,7,0,0,1,1,0,0,0,0,0,0,0
2019,7,18,5,6,7,0,1,0,1,0,0,0,0,0,0,0
2019,5,15,4,6,4,0,0,1,1,0,0,0,0,0,0,0
2020,7,22,1,0,1,2,0,0,0,1,0,0,1,0,1,0
2020,12,21,1,5,3,2,1,1,0,0,0,0,0,1,2,0
2018,9,12,2,5,3,0,1,0,0,0,1,0,0,0,0,1
2020,12,8,3,0,1,0,1,0,0,0,0,0,2,1,2,0
2020,11,14,4,3,6,0,0,1,0,0,1,0,0,1,2,0
2019,7,13,6,2,7,0,0,0,0,1,1,0,0,0,0,0
2018,9,13,3,1,5,0,0,1,0,0,0,0,0,0,0,0
2019,3,14,1,5,7,0,0,1,0,0,0,0,1,0,0,0
2021,8,0,1,9,1,2,0,0,0,1,0,0,0,0,1,1
2021,2,14,5,0,5,0,0,1,0,0,0,0,0,1,2,0
2019,12,10,3,2,6,0,0,1,0,0,0,0,1,0,0,0
2019,6,23,7,1,5,2,1,1,0,0,0,0,0,0,0,0
2018,8,20,3,6,7,1,1,0,1,0,0,0,0,0,0,1
2021,9,22,5,1,5,2,0,1,0,0,0,1,0,0,1,0
2021,4,17,2,5,3,0,0,1,0,1,0,0,0,1,2,0
2019,9,8,4,5,2,0,1,1,0,0,0,0,0,0,0,0
2018,5,11,5,0,6,0,1,1,0,0,0,0,0,0,0,0
2019,9,10,5,1,5,0,1,1,0,0,0,0,0,0,0,0
2020,11,12,1,1,5,0,1,0,0,0,0,1,0,1,2,1
2020,3,12,2,2,7,0,0,1,0,0,0,0,0,1,1,0
2019,3,17,6,6,4,1,0,1,1,0,0,0,1,0,0,0
2018,12,18,5,2,6,2,0,1,0,0,0,0,1,0,0,0
2021,12,20,4,6,2,2,0,1,1,0,0,0,1,1,2,0
2019,6,22,2,5,3,2,0,1,0,0,1,0,0,0,0,0
2018,12,9,6,5,3,0,1,1,0,0,0,0,0,0,0,0
2020,2,13,3,1,5,0,0,1,0,0,0,0,0,0,0,0
2019,10,8,4,5,2,0,1,1,0,0,0,0,1,0,0,0
2018,11,17,6,6,4,2,0,1,1,0,0,0,1,0,0,0
2020,12,10,1,5,2,0,1,1,0,0,0,0,0,1,2,0
2019,7,19,3,2,7,0,1,0,0,0,0,1,0,0,0,0
2020,2,16,3,2,6,0,0,1,0,1,0,0,0,0,0,0
2020,8,12,2,5,7,0,1,1,0,0,0,0,0,0,1,0
2019,7,16,3,5,3,0,1,1,0,0,0,0,0,0,0,0
2019,9,9,2,2,2,0,0,1,0,0,1,0,0,0,0,0
2021,2,6,4,6,2,2,0,0,1,0,0,1,1,1,2,0
2019,2,11,6,0,2,0,0,1,0,0,0,1,0,0,0,0
2018,9,20,2,6,4,2,0,0,1,1,0,0,0,0,0,1
2019,10,11,7,3,6,0,1,0,0,0,0,1,0,0,0,0
2020,8,0,4,2,6,2,0,1,0,0,0,0,1,0,1,0
2021,3,16,2,0,1,0,0,0,0,0,0,1,0,0,2,0
2019,6,10,7,0,3,0,1,1,0,0,0,0,0,0,0,0
2018,9,7,5,5,3,0,1,0,0,0,0,0,0,0,0,0
2018,5,12,2,5,7,0,0,1,0,0,0,1,0,0,0,0
2019,9,21,6,5,2,2,1,1,0,0,0,0,0,0,0,0
2018,6,15,6,0,3,0,1,0,0,0,0,1,0,0,0,0
2019,5,6,3,5,3,0,0,1,0,0,0,0,1,0,0,0
2019,6,19,7,3,6,0,0,1,0,1,0,0,0,0,0,0
2021,4,14,4,0,4,0,1,0,1,0,0,0,0,1,2,0
2020,7,18,1,0,1,0,1,0,0,0,0,0,1,0,1,0
2019,8,8,6,2,6,0,1,1,0,0,0,0,0,0,0,0
2021,3,16,3,5,3,0,0,1,0,0,0,1,1,0,2,0
2018,2,15,2,2,6,0,0,1,0,0,0,0,0,0,0,0
2019,8,12,4,0,1,0,0,1,0,1,0,0,0,0,0,0
2019,2,5,6,0,5,2,0,0,0,0,0,1,0,0,0,0
2020,8,15,4,2,6,0,0,1,0,0,0,0,0,0,1,0
2021,6,23,3,5,3,2,0,1,0,0,0,0,0,0,1,1
2021,2,15,1,2,2,0,1,0,0,0,0,1,0,1,2,0
2018,10,19,3,0,4,2,1,0,1,0,0,0,1,0,0,0
2021,4,10,2,0,3,0,1,1,0,0,0,0,0,1,2,0
2019,7,22,3,5,2,2,0,1,0,0,0,0,0,0,0,0
2019,5,8,4,2,3,0,0,1,0,1,0,0,1,0,0,0
2021,8,13,7,5,2,0,1,1,0,0,0,0,0,0,1,0
2018,9,14,2,5,2,0,1,1,0,0,0,0,0,0,0,0
2019,2,13,2,1,1,0,0,1,0,0,0,1,0,0,0,0
2018,12,8,2,5,3,1,1,1,0,0,0,0,1,0,0,0
2020,1,10,2,5,3,0,0,1,0,0,0,0,0,0,0,0
2018,8,14,4,0,1,0,1,0,0,0,0,0,0,0,0,1
2020,8,19,6,2,2,0,0,1,0,0,0,0,0,0,1,0
2021,9,6,6,2,2,0,0,1,0,1,0,0,0,0,1,0
2021,10,21,1,6,2,2,0,0,1,0,0,1,1,0,1,1
2019,4,19,6,2,6,0,1,1,0,0,0,0,0,0,0,0
2021,6,12,2,4,5,0,1,1,0,0,0,0,0,0,1,0
2018,11,12,2,0,6,0,0,1,0,0,0,1,1,0,0,0
2018,4,10,5,2,6,0,0,1,0,1,0,0,0,0,0,0
2019,9,17,2,6,7,0,0,0,1,0,0,1,0,0,0,0
2021,1,12,4,0,5,0,0,1,0,1,0,0,0,1,2,0
2020,6,9,2,5,2,0,1,1,0,0,0,0,0,0,1,0
2018,6,15,2,2,6,0,0,0,0,1,1,0,0,0,0,0
2019,8,13,7,5,3,0,1,1,0,0,0,0,0,0,0,0
2019,10,15,3,5,2,0,0,1,0,0,0,1,0,0,0,0
2019,9,16,4,6,7,0,0,0,1,0,0,1,0,0,0,0
2020,12,12,2,2,7,0,0,1,0,0,0,1,0,1,2,0
2018,3,14,6,5,3,0,1,0,0,0,0,1,0,0,0,0
2018,1,7,2,5,3,1,1,1,0,0,0,0,1,0,0,0
2018,6,14,4,5,3,0,0,1,0,0,0,0,0,0,0,0
2018,5,0,5,9,1,2,0,1,0,0,0,0,0,0,0,0
2019,1,13,6,6,4,0,0,1,1,0,0,0,1,0,0,0
2018,4,9,3,5,3,0,1,1,0,0,0,0,1,0,0,0
2020,9,11,3,6,7,0,0,1,1,0,0,0,0,0,1,0
2020,8,7,3,5,2,0,1,1,0,0,0,0,1,0,1,0
2018,11,18,6,2,6,2,0,1,0,0,0,0,0,0,0,0
2018,7,15,3,5,2,0,1,1,0,0,0,0,0,0,0,0
2018,6,21,6,5,2,1,0,1,0,0,0,0,0,0,0,1
2018,4,16,4,2,2,0,1,1,0,0,0,0,0,0,0,0
2021,12,18,7,0,6,2,0,1,0,1,0,0,1,1,2,0
2018,10,18,7,2,7,1,0,1,0,1,0,0,0,0,0,0
2018,6,15,6,5,3,0,1,1,0,0,0,0,0,0,0,0
2020,5,13,5,5,3,0,1,1,0,0,0,0,0,1,1,0
2018,2,5,3,5,3,2,0,1,0,1,0,1,0,0,0,1
2019,9,9,2,6,7,0,0,0,1,0,0,1,0,0,0,1
2021,10,14,6,5,3,0,0,1,0,0,0,0,1,0,1,0
2020,4,16,5,6,7,0,0,1,1,0,0,0,0,1,2,0
2021,5,15,4,6,4,0,0,1,1,0,0,0,0,1,2,0
2018,12,16,2,6,4,2,0,1,1,0,0,0,0,0,0,0
2021,7,12,4,2,3,0,0,0,0,1,0,0,0,0,1,0
2018,3,14,1,5,3,0,0,1,0,0,0,0,0,0,0,0
2020,1,6,5,6,2,2,0,1,1,0,0,0,0,0,0,1
2019,7,5,2,0,1,1,0,0,0,1,0,0,0,0,0,0
2021,10,14,4,2,1,0,0,1,0,0,0,0,0,0,1,0
2020,5,6,2,5,2,1,0,1,0,0,1,1,1,1,1,0
2020,8,17,6,2,6,0,0,1,0,0,0,0,0,0,1,0
2018,11,18,6,6,2,2,0,1,1,0,0,0,0,0,0,1
2020,8,13,1,6,4,0,0,1,1,0,0,0,0,0,1,0
2021,11,8,6,0,1,0,0,0,0,1,0,0,1,0,2,0
2018,9,14,3,5,7,0,0,1,0,1,0,0,0,0,0,0
2021,11,15,7,6,4,0,0,1,1,0,0,0,0,0,2,0
2020,5,15,3,3,6,0,0,1,1,0,1,0,0,1,1,0
2020,11,17,4,5,3,2,1,1,0,0,0,0,0,1,2,0
2021,6,17,7,3,6,0,0,1,0,0,0,0,0,0,1,0
2021,11,13,2,5,3,0,0,1,0,0,0,1,0,0,2,0
2018,7,13,6,1,1,0,0,1,0,0,0,0,0,0,0,0
2021,8,16,4,5,2,0,1,1,0,0,0,0,0,0,1,1
2021,1,20,2,6,2,2,0,1,1,0,0,0,1,1,2,0
2021,8,20,2,0,1,2,0,0,0,1,0,0,1,0,1,0
2021,8,19,1,0,1,0,1,0,0,0,0,0,0,0,1,0
2021,6,10,3,5,2,0,1,1,0,0,0,0,0,0,1,0
2020,8,7,3,5,2,0,1,1,0,0,0,0,0,0,1,0
2019,9,17,4,5,2,0,1,0,0,1,0,0,0,0,0,0
2020,7,12,2,0,3,0,1,0,0,0,0,1,0,0,1,0
2019,11,16,3,5,3,2,0,1,0,0,0,0,0,0,0,0
2019,3,17,6,5,7,0,1,1,0,0,0,0,0,0,0,1
2019,7,19,7,0,3,0,1,0,0,1,0,0,1,0,0,0
2019,2,15,1,5,2,0,0,1,0,0,0,0,1,0,0,0
2018,7,10,4,5,7,0,0,1,0,0,0,0,0,0,0,0
2019,9,13,5,3,6,0,0,1,0,0,1,0,0,0,0,0
2018,7,19,3,1,1,0,0,1,0,1,0,0,0,0,0,1
2021,12,9,4,6,4,0,0,0,1,1,0,0,0,1,2,0
2018,4,10,1,5,3,0,1,1,0,0,0,0,0,0,0,0
2021,5,17,3,2,6,0,0,1,0,0,0,0,1,1,2,0
2019,10,9,6,2,6,0,0,1,0,0,0,0,0,0,0,0
2021,8,0,1,0,3,2,1,0,0,1,0,0,1,0,1,1
2019,7,15,2,5,2,0,1,1,0,0,0,0,0,0,0,1
2018,5,17,2,0,2,0,1,1,0,0,0,0,0,0,0,0
2020,8,18,4,0,1,0,1,1,0,0,0,0,0,0,1,0
2020,9,8,3,2,6,0,0,1,0,0,1,0,0,0,1,0
2018,6,19,3,6,4,0,0,0,1,1,0,0,0,0,0,0
2020,8,15,5,0,1,0,1,0,0,0,0,0,0,0,1,0
2020,10,18,3,2,6,2,0,1,0,0,0,0,0,1,1,0
2019,11,14,7,5,3,0,0,1,0,0,0,0,1,0,0,0
2021,9,7,5,1,5,0,1,1,0,0,0,0,0,0,1,0
2018,5,8,4,1,5,0,1,1,0,0,0,0,0,0,0,0
2021,9,10,3,1,5,1,0,1,0,1,0,0,1,0,1,0
2018,10,12,7,5,3,0,0,1,0,0,0,0,0,0,0,0
2021,8,8,2,3,6,0,0,1,0,0,0,0,0,0,1,0
2018,8,17,3,0,7,0,0,1,0,0,0,0,0,0,0,0
2019,2,7,6,5,3,1,0,1,0,0,0,0,0,0,0,0
2018,7,18,3,9,1,0,0,1,0,0,0,0,0,0,0,0
2018,6,22,3,9,1,2,0,1,0,0,0,0,0,0,0,0
2021,9,13,3,0,3,0,0,1,0,1,0,0,0,0,1,0
2020,5,13,2,5,2,0,1,1,0,0,0,0,1,1,1,0
2020,4,7,4,2,2,0,1,1,0,0,0,0,0,1,2,0
2021,12,14,5,5,3,0,0,0,0,0,0,1,2,1,2,0
2019,3,7,4,5,3,0,0,1,0,0,0,1,0,0,0,0
2020,12,9,3,6,3,1,0,1,1,0,0,0,0,1,2,0
2020,10,10,2,5,2,0,0,1,0,0,0,0,0,1,1,0
2020,8,20,6,1,5,0,1,1,0,0,0,0,0,0,1,0
2020,5,14,3,5,2,0,1,0,0,0,0,1,0,1,1,1
2021,12,23,5,1,6,2,0,1,0,0,0,0,1,1,2,0
2019,7,16,3,5,3,0,1,1,0,0,0,0,0,0,0,0
2021,9,21,4,5,2,2,1,1,0,0,0,0,1,0,1,0
2019,10,17,2,5,2,0,1,1,0,0,0,0,0,0,0,0
2021,8,17,5,5,3,0,1,1,0,0,0,0,0,0,1,0
2018,12,7,6,6,4,2,0,1,1,0,0,0,1,0,0,1
2019,9,12,1,5,3,0,0,1,0,1,0,0,0,0,0,1
2020,2,9,3,1,1,0,0,1,0,0,0,1,1,0,0,0