UJAHR,UMONAT,USTUNDE,UWOCHENTAG,UART,UTYP1,ULICHTVERH,IstRad,IstPKW,IstFuss,IstKrad,IstGkfz,IstSonstige,USTRZUSTAND,LOCKDOWN,COVID,UKATEGORIE
2019,11,14,1,6,7,0,0,0,1,0,0,1,0,0,0,0
2021,7,6,6,5,2,0,1,1,0,0,0,0,1,0,1,0
2020,11,9,3,5,3,0,1,1,0,0,0,0,0,1,2,0
2019,11,6,2,2,6,2,0,1,0,0,0,0,1,0,0,0
2018,5,15,6,2,2,0,0,1,0,0,0,0,0,0,0,0
2018,8,12,3,0,7,0,1,0,0,0,0,0,0,0,0,0
2021,8,14,3,5,2,0,1,1,0,0,0,0,0,0,1,0
2019,2,6,4,2,6,1,0,1,0,0,0,0,1,0,0,0
2021,7,10,4,2,6,0,1,1,0,0,0,0,0,0,1,0
2020,8,14,3,0,3,0,1,0,0,1,0,0,0,0,1,0
2019,4,9,3,6,7,0,0,1,1,0,0,0,0,0,0,0
2021,8,18,4,1,5,0,1,1,0,0,0,0,0,0,1,1
2018,3,1,3,1,5,2,1,1,0,0,0,0,0,0,0,0
2021,4,13,5,3,6,0,0,1,0,0,1,0,0,1,2,0
2020,7,16,6,2,6,0,0,1,0,0,0,0,0,0,1,0
2018,2,9,5,5,7,0,1,1,0,0,0,0,0,0,0,0
2019,4,11,4,2,6,0,0,1,0,1,0,0,0,0,0,0
2018,6,14,6,5,2,0,1,0,0,0,0,1,0,0,0,0
2021,5,8,5,5,2,0,1,1,0,0,0,0,0,1,2,0
2018,10,8,3,5,2,0,1,1,0,0,0,0,0,0,0,0
2018,4,11,7,5,3,0,0,0,0,1,0,1,0,0,0,0
2018,10,12,2,5,3,0,0,1,0,0,0,1,0,0,0,0
2019,8,15,1,2,6,0,0,1,0,0,0,1,0,0,0,0
2021,3,15,2,2,2,0,0,1,0,0,0,0,0,0,2,0
2019,4,10,2,5,2,0,1,1,0,0,0,0,0,0,0,0
2019,7,7,7,6,2,0,0,1,1,0,0,0,0,0,0,0
2018,4,15,5,6,2,0,0,1,1,0,0,0,0,0,0,0
2018,2,15,7,5,7,0,1,1,0,0,0,0,0,0,0,0
2019,12,16,2,6,2,2,0,1,1,0,0,0,0,0,0,0
2021,3,11,3,2,6,0,0,1,0,1,0,0,0,0,2,0
2019,5,7,4,5,2,0,0,1,0,0,0,0,0,0,0,0
2018,3,12,5,6,4,0,0,1,1,0,0,0,1,0,0,0
2018,1,8,1,2,6,0,0,1,0,0,0,0,1,0,0,0
2018,9,9,2,5,3,0,1,1,0,0,0,0,0,0,0,0
2018,8,18,4,5,7,0,0,1,0,1,0,0,0,0,0,1
2020,10,5,7,0,1,2,0,1,0,0,0,0,1,1,1,0
2021,10,11,7,5,3,0,0,1,0,0,0,1,0,0,1,0
2018,7,16,6,1,5,0,0,1,0,0,0,0,0,0,0,0
2021,10,11,6,0,1,0,0,0,0,0,0,1,1,0,1,0
2020,8,12,2,3,6,0,1,1,0,0,0,0,0,0,1,0
2019,7,16,3,2,2,0,0,1,0,0,0,0,0,0,0,0
2018,4,12,5,8,1,0,0,1,0,0,0,0,0,0,0,0
2020,12,20,6,6,2,2,0,1,1,0,0,0,0,1,2,0
2018,4,18,2,5,2,0,1,1,0,0,0,0,0,0,0,0
2020,1,13,6,2,6,0,0,1,0,0,0,1,0,0,0,0
2019,8,18,4,5,3,0,1,1,0,0,0,0,0,0,0,0
2019,5,16,6,5,3,0,0,1,0,0,0,0,0,0,0,0
2021,12,7,6,0,7,0,1,0,0,0,0,0,2,1,2,0
2018,2,5,4,2,2,2,0,1,0,0,0,0,0,0,0,0
2018,1,18,4,2,6,2,0,1,0,0,0,0,1,0,0,0
2018,6,6,3,0,2,0,1,1,0,0,0,0,0,0,0,0
2019,9,5,2,6,7,2,0,1,0,0,0,1,1,0,0,0
2020,8,12,2,1,5,0,1,1,0,0,0,0,0,0,1,0
2020,4,19,4,3,5,1,1,1,0,0,0,0,1,1,2,0
2021,11,15,2,2,6,0,0,1,0,0,0,0,0,0,2,0
2018,8,17,3,3,6,0,0,1,0,0,0,0,0,0,0,0
2021,11,13,7,2,2,0,0,1,0,0,0,0,0,0,2,0
2021,6,5,4,5,2,0,1,0,0,0,0,1,0,0,1,0
2019,11,9,2,5,2,0,0,1,0,0,0,0,0,0,0,1
2019,7,14,3,0,3,0,0,1,0,1,0,0,0,0,0,0
2019,9,9,4,5,3,0,1,1,0,0,0,0,0,0,0,0
2020,1,10,7,0,1,0,1,0,0,0,0,0,2,0,0,0
2020,9,20,3,6,4,2,0,1,1,0,0,0,0,0,1,1
2018,6,18,4,2,2,0,0,1,0,0,0,0,0,0,0,1
2019,10,9,5,5,2,0,1,0,0,0,1,0,0,0,0,0
2021,7,11,6,5,3,0,0,1,0,1,0,0,0,0,1,1
2021,6,15,1,3,6,0,0,1,0,1,0,0,0,0,1,0
2021,8,14,2,5,3,0,1,1,0,0,0,0,0,0,1,0
2018,6,10,6,5,3,0,1,1,0,0,0,0,0,0,0,0
2019,12,19,5,2,6,2,0,1,0,0,0,0,0,0,0,0
2020,10,10,5,5,7,0,1,1,0,0,0,0,0,1,1,0
2019,8,22,7,5,2,2,0,1,0,0,0,0,0,0,0,1
2019,8,15,1,0,7,0,1,0,0,0,0,0,0,0,0,0
2020,5,16,1,3,2,0,0,1,0,0,0,0,0,1,1,0
2020,6,6,3,2,6,0,0,1,0,0,0,1,0,0,1,0
2018,7,21,2,0,2,1,0,1,0,0,0,1,0,0,0,0
2018,2,10,6,2,2,0,0,0,0,0,1,1,0,0,0,0
2020,7,5,6,0,6,1,0,1,0,1,0,0,0,0,1,0
2021,4,7,2,5,2,0,1,1,0,0,0,0,0,1,2,0
2020,10,18,1,6,4,1,0,1,1,0,0,0,1,1,1,1
2019,5,21,7,3,6,2,0,1,0,1,0,0,0,0,0,0
2021,8,16,7,1,5,0,0,1,0,0,0,0,0,0,1,0
2018,7,8,5,2,2,0,0,1,0,0,0,0,0,0,0,0
2018,1,21,5,2,6,2,1,1,0,0,0,0,1,0,0,0
2018,11,8,4,2,6,0,0,1,0,0,0,0,1,0,0,0
2019,5,19,4,5,2,0,0,1,0,0,0,0,0,0,0,0
2018,3,18,1,5,2,2,1,1,0,0,0,0,0,0,0,0
2021,8,20,3,5,3,1,1,1,0,0,0,0,0,0,1,0
2018,10,13,7,5,3,0,0,1,0,1,0,0,0,0,0,0
2019,3,9,3,2,6,0,0,1,0,0,1,0,0,0,0,1
2018,11,16,7,2,6,2,0,1,0,0,0,0,0,0,0,0
2019,9,2,5,1,5,2,0,1,0,0,0,0,0,0,0,0
2018,1,13,5,5,2,0,0,1,0,0,0,0,1,0,0,0
2019,4,16,4,5,2,0,1,1,0,0,0,0,0,0,0,0
2019,3,6,3,6,4,1,0,0,1,1,0,0,0,0,0,0
2019,6,17,6,2,2,0,0,1,0,0,0,0,0,0,0,0
2021,11,11,3,5,3,0,0,1,0,0,0,0,1,0,2,0
2021,1,18,7,5,3,2,0,1,0,0,0,0,0,1,2,0
2019,5,19,6,2,6,0,0,1,0,0,0,0,0,0,0,0
2018,10,21,2,8,1,2,0,1,0,0,0,0,1,0,0,1
2018,3,19,2,6,4,2,0,1,1,0,0,0,1,0,0,1
2020,11,10,5,0,5,0,1,1,0,0,0,0,1,1,2,0
2018,11,16,2,0,1,2,1,0,0,0,0,0,0,0,0,0
2021,6,14,6,3,7,0,1,0,0,0,0,0,0,0,1,1
2021,5,12,6,0,2,0,0,1,0,0,0,1,0,1,2,0
2020,9,12,2,0,7,0,1,0,0,0,0,0,0,0,1,0
2018,9,16,6,5,7,0,1,1,0,0,0,0,0,0,0,0
2019,8,9,6,5,3,0,1,1,0,0,0,0,0,0,0,0
2021,11,16,6,6,7,2,0,0,1,0,0,1,1,0,2,0
2018,9,15,2,5,3,0,1,1,0,0,0,0,0,0,0,0
2019,3,6,7,1,1,1,0,1,0,0,0,1,0,0,0,1
2019,5,15,4,2,2,0,1,1,0,0,0,0,0,0,0,0
2018,9,21,2,5,2,2,1,1,0,0,0,0,0,0,0,0
2020,4,19,3,3,6,0,0,1,0,0,1,0,0,1,2,0
2021,12,17,7,5,2,1,0,1,0,0,0,0,0,1,2,0
2021,10,12,6,2,6,0,1,0,0,0,0,0,0,0,1,0
2018,9,14,1,5,5,0,0,1,0,0,0,0,0,0,0,0
2018,6,18,3,1,5,0,1,1,0,0,0,0,0,0,0,0
2020,7,17,2,5,2,0,1,1,0,0,0,0,0,0,1,0
2020,7,13,5,2,6,0,0,1,0,0,0,1,0,0,1,0
2021,9,21,6,6,7,2,0,1,1,0,0,0,0,0,1,0
2019,11,17,1,5,2,2,0,1,0,1,0,0,0,0,0,0
2019,1,16,6,5,3,1,0,1,0,0,0,0,0,0,0,0
2019,3,10,1,5,3,0,0,1,0,0,0,0,1,0,0,0
2021,7,5,4,5,3,1,1,1,0,0,0,0,0,0,1,0
2019,3,15,5,2,1,0,0,1,0,0,0,0,0,0,0,0
2018,5,15,2,5,2,0,1,1,0,0,0,0,0,0,0,0
2019,4,8,4,0,2,0,1,1,0,0,0,0,0,0,0,1
2019,2,13,6,6,2,0,0,1,1,0,0,0,0,0,0,0
2019,8,15,2,0,3,0,1,1,0,0,0,0,0,0,0,0
2019,12,11,3,6,4,0,0,1,1,0,0,0,1,0,0,1
2019,6,6,6,5,7,0,0,1,0,0,0,1,0,0,0,0
2018,8,21,6,2,2,2,0,1,0,0,0,0,0,0,0,0
2021,11,9,2,5,7,0,0,1,0,1,0,0,0,0,2,0
2020,4,14,4,2,6,0,0,1,0,0,0,0,0,1,2,0
2019,9,12,6,2,6,0,0,1,0,0,0,0,0,0,0,0
2019,9,15,5,5,2,0,1,0,0,0,0,0,0,0,0,1
2020,7,12,4,5,3,0,1,1,0,0,0,0,1,0,1,0
2020,6,17,2,5,2,0,1,1,0,0,0,0,0,0,1,1
2021,8,20,3,5,3,2,0,1,0,0,0,0,0,0,1,0
2019,12,16,4,5,2,2,0,1,0,0,0,0,0,0,0,0
2018,1,21,1,1,5,2,0,1,0,0,0,0,0,0,0,0
2019,3,12,1,2,6,0,0,1,0,0,0,0,1,0,0,0
2018,7,15,5,1,5,0,1,1,0,0,0,0,0,0,0,0
2018,3,7,7,6,4,0,0,1,1,0,0,0,1,0,0,0
2019,1,12,5,6,4,0,0,1,1,0,0,0,0,0,0,1
2020,12,19,7,5,3,2,0,1,0,0,0,1,0,1,2,0
2018,12,6,7,2,6,2,0,1,0,0,0,0,0,0,0,0
2021,12,17,2,6,4,2,0,1,1,0,0,0,0,1,2,1
2018,6,18,5,0,7,0,0,0,0,1,0,0,0,0,0,0
2019,3,0,7,5,3,2,0,1,0,0,0,0,0,0,0,0
2021,4,19,3,1,5,0,0,1,0,0,0,0,0,1,2,0
2019,4,19,3,2,7,0,1,1,0,0,0,0,0,0,0,0
2020,4,16,3,2,7,0,1,1,0,0,0,0,0,1,2,0
2020,3,19,3,5,2,2,1,1,0,0,0,0,0,1,1,0
2018,5,16,4,3,6,0,1,1,0,0,0,0,0,0,0,0
2019,5,14,2,2,2,0,1,1,0,0,0,0,0,0,0,0
2020,7,6,4,0,7,0,0,1,0,0,0,0,0,0,1,1
2020,7,10,1,1,7,0,0,1,0,0,0,0,0,0,1,0
2020,2,19,5,2,6,2,0,1,0,0,0,0,1,0,0,0
2021,8,11,7,5,2,0,1,1,0,0,0,0,0,0,1,0
2018,5,18,4,6,4,0,1,0,1,0,0,0,0,0,0,1
2018,4,15,5,5,3,1,1,1,0,0,0,0,1,0,0,0
2020,12,8,3,6,2,2,0,1,1,0,0,0,1,1,2,1
2020,4,22,7,8,1,2,0,1,0,0,0,0,0,1,2,0
2018,9,17,3,5,2,0,1,0,0,0,0,0,0,0,0,0
2019,5,10,2,3,6,0,1,0,0,0,0,0,0,0,0,0
2020,4,22,3,2,7,2,0,1,0,1,0,0,0,1,2,0
2020,1,18,2,0,4,2,0,0,1,0,0,1,0,0,0,0
2020,10,14,7,2,6,0,0,1,0,0,0,0,0,1,1,0
2018,11,23,4,5,2,2,0,1,0,0,0,0,0,0,0,0
2020,8,14,2,6,4,0,0,0,1,0,0,1,0,0,1,0
2018,5,11,3,2,6,0,0,1,0,0,0,0,0,0,0,1
2020,5,17,2,6,4,0,0,0,1,0,0,1,1,1,1,1
2019,7,17,2,2,6,0,0,1,0,0,0,1,0,0,0,0
2020,11,15,5,0,1,0,1,0,0,0,0,0,1,1,2,0
2020,8,15,4,1,5,0,0,1,0,0,0,0,0,0,1,0
2020,4,9,5,6,2,0,0,1,1,0,0,0,0,1,2,0
2018,4,10,4,1,5,0,0,1,0,0,0,0,0,0,0,0
2020,1,21,5,6,4,2,0,1,1,0,0,0,1,0,0,0
2020,2,11,3,6,4,0,0,1,1,0,0,0,1,0,0,1
2018,7,17,2,5,3,0,0,1,0,1,0,1,0,0,0,1
2021,3,16,2,2,3,0,1,1,0,0,0,0,0,0,2,0
2020,11,7,5,6,2,2,0,1,1,0,0,0,0,1,2,1
2019,11,15,6,5,2,0,1,0,0,1,0,0,0,0,0,0
2019,1,6,3,6,2,2,0,1,1,0,0,0,1,0,0,0
2021,12,8,2,2,6,0,0,1,0,0,0,0,0,1,2,1
2018,4,16,5,6,7,0,0,1,1,0,0,0,1,0,0,0
2021,8,7,2,5,2,0,0,1,0,1,0,0,1,0,1,0
2018,8,19,2,0,1,2,1,0,0,0,0,0,0,0,0,0
2019,8,11,6,2,6,0,0,1,0,0,0,0,0,0,0,0
2020,2,21,2,2,6,2,0,1,0,0,0,0,1,0,0,0
2018,2,8,5,2,6,0,0,1,0,0,0,0,0,0,0,0
2019,4,17,3,6,7,0,0,1,1,0,0,0,0,0,0,1
2020,4,18,1,5,2,0,1,1,0,0,0,0,0,1,2,1
2018,7,7,3,5,3,0,0,1,0,0,0,0,0,0,0,1
2020,11,18,2,5,2,2,1,1,0,0,0,0,0,1,2,1
2019,5,10,2,5,2,0,1,0,0,0,1,0,0,0,0,0
2020,11,7,4,5,3,0,1,1,0,0,0,0,0,1,2,0
2019,4,13,3,5,3,0,1,1,0,0,0,0,0,0,0,0
2020,12,22,6,1,5,2,0,1,0,0,0,0,1,1,2,0
2021,7,15,5,5,3,0,0,1,0,0,0,0,1,0,1,1
2020,3,17,4,6,4,0,0,1,1,0,0,0,0,1,1,1
2018,3,7,2,2,6,0,0,1,0,0,0,0,0,0,0,0
2020,3,9,3,5,2,0,1,1,0,0,0,0,0,1,1,0
2019,3,11,5,5,3,0,0,1,0,0,0,0,0,0,0,0
2019,2,14,2,9,1,0,0,1,0,0,0,0,0,0,0,0
2021,8,9,2,1,5,0,1,1,0,0,0,0,0,0,1,0
2021,8,9,3,0,2,0,0,1,0,1,0,0,1,0,1,0
2018,4,17,4,5,2,0,1,1,0,0,0,0,0,0,0,0
2021,6,14,4,5,2,0,0,1,0,1,0,0,1,0,1,0
2021,6,14,4,2,6,0,1,1,0,0,0,0,0,0,1,0
2019,6,8,6,6,4,0,0,0,1,0,1,0,0,0,0,1
2021,4,15,4,5,2,0,1,1,0,0,0,0,0,1,2,0
2019,6,13,5,5,3,0,1,1,0,0,0,0,0,0,0,0
2019,11,14,6,5,3,0,0,1,0,0,0,0,1,0,0,0
2019,11,20,1,6,3,2,0,1,1,0,0,0,1,0,0,1
2021,10,14,2,0,1,0,0,0,0,1,0,0,0,0,1,0
2019,7,23,1,0,6,2,0,1,0,0,0,1,0,0,0,0
2019,9,17,4,5,3,0,1,1,0,0,0,0,1,0,0,0
2019,6,18,6,0,7,0,1,0,0,0,0,0,0,0,0,1
2021,1,15,5,2,6,1,0,1,0,0,0,0,1,1,2,0
2021,9,22,5,0,5,2,0,1,0,1,0,0,1,0,1,0
2019,7,7,4,5,3,0,1,1,0,0,0,0,0,0,0,1
2020,7,22,7,0,1,2,0,0,0,1,0,0,0,0,1,0
2019,10,17,3,5,3,0,0,1,0,0,0,0,1,0,0,0
2020,8,16,5,0,1,0,0,0,0,1,0,0,0,0,1,0
2019,3,14,7,2,6,0,0,1,0,0,0,0,0,0,0,0
2021,6,9,2,5,2,0,1,1,0,0,0,0,0,0,1,0
2020,5,2,6,8,7,2,0,1,0,0,0,0,0,1,1,0
2019,5,12,1,0,3,0,1,1,0,0,0,0,0,0,0,0
2021,3,9,2,5,2,0,0,1,0,0,0,1,0,0,2,0
2020,7,16,5,3,6,0,1,0,0,0,0,0,0,0,1,0
2018,10,7,4,0,2,0,1,1,0,0,0,0,0,0,0,1
2020,10,12,2,5,3,0,0,1,0,0,0,0,1,1,1,0
2020,2,12,7,0,5,0,0,0,0,0,0,1,0,0,0,0
2021,2,14,2,3,2,0,0,1,0,0,0,0,1,1,2,0
2021,8,17,3,4,6,0,0,1,0,0,0,0,0,0,1,0
2019,8,21,4,1,5,2,1,1,0,0,0,0,0,0,0,0
2020,7,12,6,2,7,0,0,1,0,1,0,0,0,0,1,0
2021,8,13,7,2,6,0,0,1,0,0,0,0,0,0,1,0
2021,2,5,1,5,3,1,0,0,0,0,0,1,0,1,2,0
2019,11,23,6,1,5,2,0,1,0,0,1,0,1,0,0,0
2021,3,18,6,2,7,2,0,1,0,1,0,0,0,0,2,0
2020,5,12,2,0,7,0,0,0,0,1,0,0,1,1,1,0
2018,6,9,4,0,7,0,1,0,0,0,0,0,0,0,0,1
2020,9,18,5,3,6,1,0,1,0,1,0,0,0,0,1,0
2021,10,17,1,5,2,0,1,1,0,0,0,0,0,0,1,0
2018,4,16,7,6,4,0,1,0,1,0,0,0,0,0,0,0
2018,3,5,2,6,4,2,0,1,1,0,0,0,0,0,0,0
2020,10,11,6,5,2,0,1,1,0,0,0,0,0,1,1,0
2020,7,16,5,5,3,0,1,1,0,0,0,0,1,0,1,1
2019,3,14,7,6,7,0,0,1,1,0,0,0,0,0,0,0
2019,10,7,1,6,7,0,0,1,1,0,0,0,0,0,0,0
2020,11,15,4,3,6,0,0,1,0,0,0,0,0,1,2,0
2019,5,18,2,0,1,0,0,0,0,1,0,0,1,0,0,0
2018,8,7,6,5,3,0,0,1,0,0,0,0,0,0,0,0
2020,7,16,4,5,3,0,1,1,0,0,0,0,0,0,1,0
2020,8,10,2,5,3,0,0,1,0,1,0,0,0,0,1,0
2020,8,14,2,5,2,0,0,1,0,0,0,0,0,0,1,0
2018,11,17,5,2,6,2,0,1,0,0,0,0,0,0,0,0
2018,5,18,1,5,3,0,1,1,0,0,0,0,0,0,0,1
2018,3,19,6,1,1,1,0,1,0,1,0,0,0,0,0,0
2018,5,8,6,6,4,0,0,0,1,0,1,0,0,0,0,1
2021,4,17,6,6,4,0,0,1,1,0,0,0,0,1,2,0
2018,8,19,5,0,7,0,1,0,0,0,0,0,0,0,0,0
2021,10,15,7,1,1,0,1,1,0,0,0,0,1,0,1,0
2020,5,16,1,2,6,0,1,1,0,0,0,0,0,1,1,0
2021,7,19,3,0,1,0,0,0,0,0,0,1,0,0,1,1
2020,8,10,6,6,4,0,1,0,1,0,0,0,0,0,1,1
2020,8,12,3,3,6,0,1,0,0,0,0,0,0,0,1,0
2020,1,18,4,5,2,2,0,1,0,1,0,0,0,0,0,1
2019,6,15,3,0,2,0,1,1,0,0,0,0,0,0,0,0
2019,10,13,6,5,2,0,0,1,0,1,0,0,0,0,0,0
2018,7,10,6,6,7,0,0,1,1,0,0,0,1,0,0,0
2020,10,15,5,6,4,0,0,1,1,0,0,0,1,1,1,0
2018,2,2,1,6,4,2,0,1,1,0,0,0,0,0,0,0
2019,11,17,6,5,2,2,0,1,0,0,0,0,0,0,0,0
2021,10,15,1,2,1,0,1,0,0,0,0,0,0,0,1,0
2020,9,10,7,5,3,0,0,1,0,0,0,0,0,0,1,0
2018,3,19,2,6,4,2,0,0,1,1,0,0,0,0,0,0
2018,12,7,2,5,3,1,1,1,0,0,0,0,1,0,0,0
2019,2,13,1,6,4,0,0,1,1,0,0,0,0,0,0,0
2020,1,17,3,2,6,2,0,1,0,0,0,0,0,0,0,0
2020,8,21,1,0,5,1,0,1,0,1,0,0,1,0,1,0
2021,12,15,7,6,7,1,0,1,1,0,0,0,1,1,2,0
2018,1,16,2,4,7,1,0,1,0,0,0,0,1,0,0,0
2019,8,20,3,2,6,2,1,0,0,0,0,0,0,0,0,0
2019,8,15,3,5,2,0,0,1,0,0,0,0,0,0,0,0
2020,8,10,7,2,6,0,0,1,0,0,0,0,1,0,1,0
2021,3,22,6,3,6,2,0,1,0,0,0,0,0,0,2,0
2019,8,0,5,0,2,2,1,1,0,0,0,0,1,0,0,0
2019,11,12,5,5,3,0,0,1,0,0,0,1,0,0,0,0
2019,6,15,4,1,5,0,1,1,0,0,0,0,0,0,0,0
2019,11,19,7,6,2,2,0,1,1,0,0,0,1,0,0,0
2020,5,14,6,6,4,0,0,1,1,0,0,0,0,1,1,0
2020,10,23,5,0,4,2,0,0,1,0,0,1,0,1,1,0
2020,6,17,2,5,3,0,1,0,0,1,0,0,0,0,1,1
2020,2,6,4,0,7,2,1,0,0,0,0,0,1,0,0,0
2020,10,6,5,5,2,0,0,1,0,0,0,0,0,1,1,0
2020,1,14,5,5,2,0,1,1,0,0,0,0,0,0,0,0
2018,6,14,6,1,5,0,1,1,0,0,0,0,0,0,0,0
2020,8,13,7,5,3,0,1,1,0,0,0,0,0,0,1,0
2021,10,12,6,3,5,0,1,1,0,0,0,0,1,0,1,0
2018,8,14,4,5,3,0,1,1,0,0,0,0,0,0,0,0
2021,5,14,2,0,3,0,0,1,0,1,0,0,0,1,2,0
2020,12,12,3,6,2,0,0,1,1,0,0,0,0,1,2,1
2020,5,17,3,5,3,0,0,0,0,1,1,0,0,1,1,0
2021,9,18,5,5,2,0,1,1,0,0,0,0,0,0,1,0
2020,4,19,4,0,3,0,0,1,0,1,0,0,1,1,2,0
2021,11,14,2,5,2,0,0,1,0,0,0,0,1,0,2,0
2019,4,7,3,6,7,0,0,1,1,0,0,0,0,0,0,0
2018,10,2,4,1,5,2,0,1,0,0,0,1,0,0,0,0
2020,7,20,2,5,3,1,0,1,0,0,0,0,0,0,1,0
2018,4,8,4,0,1,0,0,1,0,1,0,0,0,0,0,0
2018,11,17,7,6,4,2,0,1,1,0,0,0,0,0,0,1
2021,8,14,2,5,3,0,0,1,0,0,0,0,1,0,1,0
2018,5,10,4,2,7,0,1,1,0,0,0,0,0,0,0,0
2019,5,7,4,5,3,0,1,0,0,0,0,0,0,0,0,0
2020,7,8,5,5,2,0,1,0,0,0,0,1,0,0,1,0
2019,6,20,2,5,2,0,1,1,0,0,0,0,0,0,0,0
2018,11,15,4,5,7,0,0,1,0,0,0,1,0,0,0,0
2019,4,14,7,0,3,0,0,1,0,1,0,0,0,0,0,0
2020,1,14,3,3,6,0,0,1,0,0,1,0,1,0,0,1
2018,8,14,3,2,6,0,0,1,0,1,0,0,0,0,0,0
2019,2,19,5,6,2,2,0,1,1,0,0,0,1,0,0,1
2021,4,6,3,5,7,0,1,1,0,0,0,0,0,1,2,0
2021,9,16,5,5,3,0,0,1,0,0,0,0,0,0,1,0
2018,3,15,4,0,6,0,0,1,0,0,0,1,0,0,0,0
2018,11,11,2,5,3,0,1,0,0,0,0,1,0,0,0,0
2018,7,20,6,1,5,0,1,1,0,0,0,0,0,0,0,0
2019,11,16,2,5,3,2,0,1,0,0,0,0,1,0,0,0
2021,6,16,2,0,7,0,1,0,0,0,0,0,0,0,1,0
2020,6,5,4,5,2,0,1,1,0,0,0,0,0,0,1,0
2021,11,17,4,6,2,2,0,1,1,0,0,0,0,0,2,0
2020,9,18,1,5,2,1,0,1,0,0,0,0,0,0,1,1
2020,10,19,5,8,1,1,0,1,0,0,0,0,1,1,1,0
2018,7,16,4,5,3,0,1,1,0,0,0,0,0,0,0,0
2020,1,9,3,6,2,0,0,1,1,0,0,0,1,0,0,0
2019,4,12,6,2,2,0,0,1,0,0,0,0,0,0,0,0
2018,10,13,3,5,3,0,0,1,0,0,0,0,1,0,0,0
2021,2,15,1,5,2,0,1,1,0,0,0,0,0,1,2,0
2020,6,14,3,2,6,0,1,1,0,0,0,0,0,0,1,0
2018,10,10,5,0,1,0,0,0,0,1,0,0,1,0,0,0
2019,10,9,4,0,1,0,0,0,0,1,0,0,1,0,0,0
2018,1,6,2,5,3,2,0,1,0,0,0,0,1,0,0,0
2021,9,15,3,0,1,0,0,0,0,1,0,1,0,0,1,0
2021,4,12,7,0,3,0,1,0,0,0,0,1,0,1,2,0
2020,6,7,3,2,6,0,0,1,0,0,0,0,0,0,1,1
2018,10,20,2,0,5,2,1,1,0,0,0,0,1,0,0,0
2021,6,20,3,2,2,1,1,0,0,0,0,0,0,0,1,0
2019,8,16,5,5,2,0,1,1,0,0,0,0,0,0,0,1
2021,4,19,3,5,3,0,1,1,0,0,0,0,0,1,2,0
2021,5,12,4,1,5,0,1,1,0,0,0,0,0,1,2,0
2021,10,10,4,5,3,0,1,1,0,0,0,0,0,0,1,0
2018,2,10,4,5,7,0,0,1,0,0,0,0,0,0,0,0
2020,11,10,6,5,2,0,1,1,0,0,0,0,1,1,2,0
2020,5,11,4,5,7,0,0,1,0,0,0,0,0,1,1,0
2019,11,7,2,2,6,0,0,1,0,0,0,0,1,0,0,0
2020,7,20,1,0,1,0,0,0,0,1,0,0,0,0,1,1
2019,11,17,6,2,6,2,0,1,0,0,0,0,0,0,0,0
2018,2,14,6,6,4,0,0,1,1,0,0,0,0,0,0,1
2021,11,10,4,5,2,0,1,1,0,0,0,0,0,0,2,0
2018,4,9,4,2,6,0,0,0,0,0,1,1,1,0,0,0
2020,8,7,3,4,7,0,1,1,0,0,0,0,1,0,1,0
2021,11,16,6,2,6,1,0,1,0,0,0,0,0,0,2,0
2018,10,12,6,0,6,0,0,1,0,0,0,1,0,0,0,0
2018,4,19,2,5,2,0,1,0,0,0,1,0,0,0,0,1
2018,10,12,4,0,4,0,0,1,1,0,0,0,0,0,0,0
2019,3,22,5,6,2,2,0,1,1,0,0,0,1,0,0,0
2020,9,16,1,3,6,0,0,1,0,1,0,0,0,0,1,0
2019,4,18,3,0,6,0,1,0,0,0,0,1,0,0,0,0
2018,5,20,7,5,3,1,0,1,0,0,0,0,0,0,0,0
2021,5,14,2,5,3,0,1,0,0,0,0,1,0,1,2,1
2018,6,12,4,5,2,0,0,1,0,1,0,0,0,0,0,0
2019,8,16,2,6,2,0,0,0,1,0,1,0,0,0,0,0
2018,5,22,2,2,2,2,0,1,0,0,0,0,0,0,0,0
2019,6,14,3,5,2,0,0,1,0,1,0,0,0,0,0,0
2020,12,17,6,6,4,2,1,0,1,0,0,0,1,1,2,1
2019,12,22,1,5,3,2,0,1,0,0,0,0,0,0,0,0
2020,7,23,3,0,1,2,0,0,0,0,0,1,0,0,1,1
2020,8,7,3,5,2,0,1,0,0,0,0,1,0,0,1,0
2020,6,18,3,6,7,0,1,0,1,0,0,0,0,0,1,0
2019,11,17,4,5,7,2,0,1,0,1,0,0,1,0,0,0
2021,5,8,2,5,7,0,0,1,0,0,0,0,0,1,2,0
2018,11,7,6,6,4,1,0,1,1,0,0,0,1,0,0,1
2019,5,20,5,5,3,1,1,1,0,0,0,0,0,0,0,0
2021,2,10,6,6,4,0,0,1,1,0,0,0,0,1,2,0
2018,12,22,6,5,2,2,0,1,0,1,0,0,1,0,0,0
2020,8,16,2,2,6,0,0,1,0,0,0,0,1,0,1,0
2020,9,6,4,5,3,0,1,1,0,0,0,0,0,0,1,0
2020,8,14,5,3,6,0,1,1,0,0,0,0,0,0,1,0
2018,5,12,2,1,5,0,0,1,0,0,0,1,0,0,0,0