UJAHR,UMONAT,USTUNDE,UWOCHENTAG,UART,UTYP1,ULICHTVERH,IstRad,IstPKW,IstFuss,IstKrad,IstGkfz,IstSonstige,USTRZUSTAND,LOCKDOWN,COVID,UKATEGORIE
2019,5,17,5,5,2,0,1,1,0,0,0,1,0,0,0,0
2019,8,19,2,0,6,0,0,1,0,1,0,0,0,0,0,0
2020,3,14,3,0,7,0,1,0,0,0,0,0,1,1,1,1
2019,11,13,7,5,3,0,1,1,0,0,0,0,1,0,0,0
2018,11,19,3,0,3,2,0,1,0,1,0,0,0,0,0,0
2020,8,16,5,5,3,0,1,1,0,0,0,0,0,0,1,0
2018,3,21,3,9,1,2,0,1,0,0,0,0,1,0,0,1
2019,8,11,6,5,3,0,1,1,0,0,0,0,0,0,0,0
2018,5,18,3,5,3,0,1,1,0,0,0,0,1,0,0,0
2018,7,16,2,6,4,0,1,0,1,0,0,0,0,0,0,0
2021,11,17,1,2,6,1,0,1,0,0,0,0,1,0,2,0
2019,8,17,4,3,6,0,1,1,0,0,0,0,0,0,0,0
2019,11,19,5,1,5,2,0,1,0,0,0,1,1,0,0,1
2021,8,12,5,5,3,0,1,1,0,0,0,0,0,0,1,0
2018,5,15,1,1,5,0,0,1,0,1,0,0,0,0,0,0
2018,9,10,7,5,3,0,0,1,0,1,0,0,0,0,0,0
2020,2,14,4,5,3,0,0,1,0,0,1,0,0,0,0,0
2019,10,13,3,2,2,0,1,1,0,0,0,0,0,0,0,0
2020,2,8,4,5,3,0,1,0,0,0,0,0,0,0,0,0
2018,1,8,4,6,4,0,0,1,1,0,0,0,1,0,0,0
2021,7,18,6,5,2,0,1,1,0,0,0,0,0,0,1,0
2018,3,22,5,6,7,2,1,0,1,0,0,0,0,0,0,0
2018,7,17,5,0,2,0,1,1,0,0,0,0,0,0,0,0
2020,10,10,6,0,6,0,0,1,0,0,0,1,0,1,1,0
2019,1,19,1,5,3,2,0,1,0,0,0,1,1,0,0,0
2020,1,5,3,9,1,2,0,1,0,0,0,0,1,0,0,0
2021,8,14,7,5,2,0,1,1,0,0,0,0,0,0,1,0
2020,7,15,6,5,7,0,1,1,0,0,0,0,0,0,1,0
2019,3,16,4,5,3,0,0,1,0,0,0,0,0,0,0,0
2018,7,10,2,5,3,0,0,1,0,1,0,0,0,0,0,0
2020,7,18,5,2,6,0,0,1,0,0,0,1,1,0,1,0
2020,10,5,6,6,4,2,0,0,1,0,0,1,1,1,1,1
2020,8,8,7,5,2,0,0,1,0,0,0,1,0,0,1,0
2019,5,11,4,5,3,0,1,1,0,0,0,0,0,0,0,0
2021,4,11,4,5,2,0,1,1,0,0,0,0,0,1,2,0
2020,10,21,3,1,5,2,0,1,0,0,0,0,1,1,1,0
2020,9,15,3,7,7,0,0,0,0,1,0,0,0,0,1,0
2019,7,17,3,6,4,0,0,1,1,0,0,0,0,0,0,0
2020,1,6,5,5,2,2,0,1,0,0,0,0,0,0,0,0
2019,10,14,6,5,3,0,1,1,0,0,0,0,0,0,0,0
2018,5,16,4,2,6,0,0,1,0,0,0,1,0,0,0,0
2020,8,9,3,5,3,0,1,1,0,0,0,0,0,0,1,0
2018,9,17,6,0,1,0,0,0,0,1,0,0,1,0,0,0
2021,11,7,2,5,2,0,1,1,0,0,0,0,1,0,2,0
2020,9,17,6,5,2,0,0,1,0,0,0,0,0,0,1,0
2020,9,7,3,3,6,0,0,1,0,0,0,1,0,0,1,0
2018,9,8,5,9,1,0,0,1,0,0,0,0,0,0,0,0
2020,12,18,3,2,6,2,0,1,0,0,0,0,0,1,2,1
2021,6,8,5,5,3,0,1,1,0,0,0,0,0,0,1,0
2021,11,17,5,5,3,2,0,1,0,1,0,0,1,0,2,0
2018,8,18,2,0,1,0,0,0,0,1,0,0,0,0,0,0
2018,5,16,6,0,1,0,1,1,0,0,0,0,0,0,0,0
2020,3,12,3,2,6,0,0,1,0,0,0,1,0,1,1,0
2019,9,15,5,6,4,0,0,1,1,0,0,0,0,0,0,0
2018,8,14,4,4,6,0,0,1,0,0,0,0,0,0,0,0
2020,8,18,3,2,2,0,1,1,0,0,0,0,0,0,1,0
2021,3,16,4,5,2,0,1,1,0,0,0,0,0,0,2,1
2020,7,9,5,5,3,0,0,1,0,0,0,0,0,0,1,0
2018,1,14,6,6,4,0,0,1,1,0,0,0,1,0,0,0
2021,9,15,4,5,3,0,1,1,0,0,0,0,1,0,1,0
2019,10,14,1,2,6,0,0,1,0,0,0,0,0,0,0,0
2021,8,9,3,2,6,0,0,1,0,0,0,0,0,0,1,0
2020,7,0,3,0,1,2,1,0,0,0,0,0,0,0,1,1
2018,8,17,6,5,7,0,0,1,0,0,0,1,0,0,0,0
2019,2,17,5,0,7,2,0,0,0,0,1,0,1,0,0,0
2020,4,15,6,5,2,0,1,1,0,0,0,0,0,1,2,0
2020,2,16,2,2,6,0,0,1,0,0,0,1,1,0,0,0
2020,1,18,4,1,5,2,1,1,0,0,0,0,1,0,0,0
2018,11,14,2,1,5,0,0,1,0,0,0,0,0,0,0,0
2019,12,13,2,5,2,0,0,1,0,0,0,0,1,0,0,0
2021,10,18,4,2,6,2,0,1,0,0,0,0,0,0,1,0
2018,6,13,1,0,7,0,0,1,0,1,0,0,0,0,0,0
2021,8,13,1,0,1,0,0,0,0,1,0,0,0,0,1,0
2020,6,7,2,0,1,0,1,0,0,0,0,0,0,0,1,0
2021,6,13,1,1,5,0,1,1,0,0,0,0,0,0,1,0
2020,3,18,5,5,7,2,0,1,0,0,0,1,0,1,1,0
2019,1,13,3,6,4,0,0,1,1,0,0,0,0,0,0,0
2018,6,17,5,5,2,0,1,1,0,0,0,0,0,0,0,0
2020,8,11,7,5,3,0,1,1,0,0,0,0,0,0,1,0
2019,4,20,7,2,7,2,1,1,0,0,0,0,0,0,0,0
2021,11,19,5,5,2,2,1,1,0,0,0,0,1,0,2,0
2021,1,10,3,6,4,0,1,0,1,0,0,0,0,1,2,1
2019,6,9,5,1,1,0,1,1,0,0,0,0,1,0,0,0
2018,2,9,7,0,7,0,1,0,0,0,0,0,0,0,0,1
2018,6,16,6,2,2,0,0,1,0,1,0,0,0,0,0,0
2019,9,15,6,2,6,0,0,1,0,0,0,0,0,0,0,0
2019,11,17,6,0,5,2,0,1,0,0,0,0,0,0,0,0
2020,12,17,3,5,2,2,1,0,0,0,1,0,0,1,2,1
2018,10,9,4,2,6,0,0,1,0,0,0,0,0,0,0,0
2018,10,18,3,5,2,2,1,1,0,0,0,0,1,0,0,0
2019,10,16,5,5,3,0,1,1,0,0,0,0,0,0,0,1
2018,12,15,5,6,4,1,0,1,1,0,0,0,0,0,0,0
2021,10,18,7,5,2,1,1,1,0,0,0,0,0,0,1,0
2020,8,17,2,5,3,0,1,1,0,0,0,0,0,0,1,0
2021,5,6,3,5,3,0,0,1,0,0,0,1,1,1,2,0
2018,2,8,5,2,6,0,0,1,0,0,0,0,0,0,0,0
2020,5,18,5,2,6,0,0,1,0,1,0,0,0,1,1,0
2021,9,15,2,5,2,0,1,1,0,0,0,0,0,0,1,1
2021,10,9,3,0,2,0,1,1,0,0,0,0,1,0,1,0
2021,9,19,2,2,6,0,0,1,0,0,0,1,0,0,1,0
2021,4,9,7,2,6,0,0,1,0,0,0,0,0,1,2,0
2021,1,12,7,2,6,0,0,1,0,0,0,0,2,1,2,0
2020,6,12,6,5,2,0,1,0,0,0,0,1,0,0,1,0
2021,12,0,6,5,3,2,0,1,0,0,0,0,0,1,2,1
2019,2,15,4,5,3,0,0,1,0,0,0,0,0,0,0,0
2021,7,19,5,0,2,0,1,1,0,0,0,0,1,0,1,0
2019,6,19,2,2,7,0,0,0,0,1,0,1,0,0,0,0
2018,11,10,5,6,4,0,0,1,1,0,0,0,0,0,0,1
2020,7,15,3,5,7,0,1,1,0,0,0,0,0,0,1,0
2019,8,9,6,1,5,0,1,1,0,0,0,0,0,0,0,0
2018,11,17,3,1,5,1,1,1,0,0,0,0,0,0,0,0
2019,6,12,3,0,7,0,0,1,0,0,0,0,0,0,0,0
2019,8,15,4,6,4,0,1,0,1,0,0,0,0,0,0,0
2020,4,14,3,5,2,0,1,0,0,0,0,1,0,1,2,0
2019,4,14,7,1,5,0,1,1,0,0,0,0,0,0,0,0
2020,7,16,5,0,6,0,0,0,0,1,0,1,0,0,1,0
2018,10,8,4,3,6,0,1,1,0,0,0,0,0,0,0,0
2018,12,12,6,3,6,0,0,1,0,0,0,0,1,0,0,0
2019,1,13,4,2,6,0,0,1,0,0,0,0,1,0,0,0
2021,11,16,2,5,2,1,1,1,0,0,0,0,0,0,2,0
2018,7,21,5,0,2,1,1,1,0,0,0,0,0,0,0,0
2018,5,14,5,5,3,0,0,1,0,1,0,0,0,0,0,0
2018,5,13,5,2,6,0,1,1,0,0,0,0,0,0,0,1
2019,12,8,4,5,3,0,0,1,0,0,0,0,1,0,0,0
2021,1,1,6,9,1,2,0,1,0,0,0,0,0,1,2,0
2020,2,15,1,6,7,0,0,1,1,0,0,0,1,0,0,0
2018,12,7,3,6,2,2,0,1,1,0,0,0,1,0,0,0
2020,8,8,4,1,5,0,0,1,0,1,0,0,0,0,1,0
2021,7,11,2,2,6,0,0,1,0,0,0,0,0,0,1,0
2021,2,19,1,5,3,2,0,1,0,0,0,0,0,1,2,0
2021,5,13,2,0,1,0,1,0,0,0,0,0,0,1,2,1
2018,11,16,4,2,6,2,0,1,0,0,0,0,0,0,0,0
2021,9,5,5,2,6,1,0,1,0,1,0,0,1,0,1,0
2019,6,8,3,3,6,0,0,1,0,1,0,0,0,0,0,0
2018,12,21,5,5,2,2,0,1,0,0,0,0,1,0,0,0
2019,12,11,2,9,7,0,0,1,0,0,0,0,1,0,0,1
2021,7,22,4,1,5,2,1,1,0,0,0,0,0,0,1,0
2021,6,20,7,6,4,0,1,0,1,0,0,0,0,0,1,0
2019,8,9,5,0,7,0,1,0,0,0,0,0,0,0,0,0
2018,4,5,4,2,6,1,0,1,0,0,0,0,0,0,0,0
2019,6,8,3,3,6,0,1,0,0,0,1,0,0,0,0,1
2018,4,15,2,4,7,0,0,1,0,0,0,0,0,0,0,1
2018,5,18,3,5,2,0,1,1,0,0,0,0,1,0,0,0
2019,1,18,1,2,6,2,0,1,0,0,0,0,0,0,0,0
2020,9,17,6,5,3,0,0,1,0,0,0,0,0,0,1,0
2019,2,21,6,5,2,2,0,1,0,0,0,0,0,0,0,0
2018,6,9,5,6,4,0,0,1,1,0,0,0,0,0,0,1
2019,8,17,4,5,3,0,1,1,0,0,0,0,0,0,0,0
2018,11,15,4,6,4,1,0,1,1,0,0,0,1,0,0,0
2019,5,12,5,2,6,0,0,1,0,0,1,0,1,0,0,0
2018,7,14,1,6,2,0,0,1,1,0,0,0,0,0,0,0
2021,12,16,4,2,6,2,0,1,0,0,0,0,0,1,2,0
2019,11,17,3,0,1,2,0,0,0,1,0,0,1,0,0,0
2021,10,13,5,5,3,0,1,1,0,0,0,0,1,0,1,1
2020,10,19,3,5,2,2,1,1,0,0,0,0,1,1,1,0
2020,2,18,5,2,7,2,1,1,0,0,0,0,0,0,0,0
2021,3,15,7,5,2,0,0,1,0,0,0,0,1,0,2,0
2018,1,16,3,6,4,1,0,1,1,0,0,0,1,0,0,0
2021,4,10,4,5,3,0,0,1,0,0,0,0,0,1,2,0
2019,12,18,2,6,7,2,1,1,1,0,0,0,0,0,0,0
2018,6,20,2,1,5,0,1,1,0,0,0,0,0,0,0,0
2018,7,16,3,2,6,0,0,1,0,0,1,0,0,0,0,0
2021,12,9,4,5,2,0,1,1,0,0,0,0,1,1,2,0
2019,9,11,3,2,6,0,0,1,0,0,0,1,0,0,0,0
2018,2,11,2,6,4,0,0,0,1,0,1,0,0,0,0,0
2018,3,20,2,5,2,2,1,1,0,0,0,0,1,0,0,0
2021,5,15,1,2,6,0,0,1,0,0,0,0,1,1,2,0
2018,11,10,4,5,2,0,1,0,0,0,0,0,0,0,0,0
2020,9,10,2,5,2,0,0,1,0,0,0,0,0,0,1,0
2018,6,18,6,5,3,0,0,1,0,0,0,0,0,0,0,0
2018,1,9,5,2,6,0,0,1,0,0,0,0,1,0,0,0
2018,1,15,5,2,6,1,0,1,0,0,0,0,1,0,0,0
2019,2,14,6,5,2,0,1,1,0,0,0,0,0,0,0,0
2018,5,17,2,4,6,0,1,0,0,0,0,0,0,0,0,0
2019,12,19,6,6,4,2,0,1,1,0,0,0,1,0,0,1
2019,5,14,7,5,3,0,0,1,0,0,0,0,0,0,0,0
2018,5,16,5,6,4,0,1,1,1,0,0,0,0,0,0,0
2018,5,17,4,1,5,0,1,1,0,0,0,1,0,0,0,0
2020,2,17,4,5,7,0,0,1,0,0,0,0,1,0,0,0
2018,9,8,2,1,5,0,1,1,0,0,0,0,0,0,0,0
2021,5,7,6,5,2,0,1,1,0,0,0,0,1,1,2,1
2020,1,8,5,1,6,0,1,1,0,0,0,0,0,0,0,0
2019,6,12,6,5,3,0,1,1,0,0,0,0,0,0,0,0
2020,6,16,6,6,4,0,0,1,1,0,0,0,0,0,1,1
2019,5,16,7,5,7,0,0,1,0,1,0,0,0,0,0,0
2019,4,5,7,5,3,2,0,1,0,0,0,1,0,0,0,1
2019,7,13,4,2,7,0,1,0,0,0,0,1,0,0,0,0
2021,12,17,6,5,5,2,0,1,0,0,0,0,0,1,2,1
2019,9,13,6,0,2,0,0,1,0,0,0,1,1,0,0,0
2021,8,15,6,2,6,0,0,1,0,0,0,0,1,0,1,0
2020,9,21,4,6,2,2,0,1,1,0,0,0,0,0,1,0
2018,12,17,4,5,2,2,1,0,0,0,0,1,0,0,0,0
2018,8,1,4,0,4,2,0,0,1,1,0,0,0,0,0,0
2018,3,7,6,0,1,0,1,0,0,0,0,0,2,0,0,0
2018,1,7,2,6,4,0,1,0,1,0,0,0,0,0,0,0
2019,11,8,4,0,1,0,0,0,0,1,0,0,1,0,0,0
2020,12,21,5,5,3,2,0,1,0,0,0,0,0,1,2,1
2021,10,10,5,2,6,0,0,1,0,0,0,0,0,0,1,0
2021,7,14,6,5,3,0,0,1,0,0,0,0,0,0,1,0
2019,7,6,5,0,7,0,0,1,0,1,0,0,1,0,0,0
2019,9,9,5,0,1,0,1,0,0,0,0,0,0,0,0,0
2018,8,13,3,2,6,0,0,1,0,0,0,0,0,0,0,0
2021,10,16,6,6,7,0,1,0,1,0,0,0,0,0,1,1
2018,6,20,6,6,4,0,0,1,1,0,0,0,0,0,0,0
2018,7,7,7,6,4,0,1,0,1,0,0,0,0,0,0,0
2021,5,9,4,5,2,0,1,1,0,0,0,0,0,1,2,0
2019,11,17,7,2,7,2,0,1,0,0,0,0,1,0,0,0
2021,11,21,7,1,5,2,0,1,0,0,0,1,1,0,2,0
2021,7,13,6,2,6,0,1,1,0,0,0,0,0,0,1,1
2018,5,23,7,6,4,2,0,1,1,0,0,0,0,0,0,0
2018,7,10,3,3,6,0,0,1,0,1,0,0,0,0,0,0
2018,10,12,4,2,6,0,0,1,0,0,0,0,0,0,0,0
2020,3,11,4,5,3,0,0,1,0,0,0,0,0,1,1,0
2018,3,10,3,6,4,0,1,0,1,0,0,0,0,0,0,0
2020,6,15,6,5,2,0,1,1,0,0,0,0,1,0,1,0
2018,9,17,4,2,3,0,0,1,0,0,0,0,0,0,0,0
2018,1,10,5,6,4,0,0,1,1,0,0,0,1,0,0,0
2020,8,22,3,0,1,2,0,0,0,1,0,0,1,0,1,0
2018,9,14,1,1,7,0,0,1,0,0,0,0,0,0,0,0
2021,5,17,2,0,6,0,0,1,0,0,0,1,0,1,2,0
2019,10,22,7,5,2,2,0,1,0,0,0,1,0,0,0,0
2020,4,15,3,5,2,0,1,1,0,0,0,0,0,1,2,0
2018,1,9,2,5,3,0,1,0,0,0,1,0,0,0,0,0
2018,5,16,5,0,3,0,1,1,0,0,0,0,0,0,0,0
2021,8,11,4,0,6,0,1,1,0,0,0,0,0,0,1,0
2019,8,8,5,0,3,0,0,1,0,1,0,0,0,0,0,0
2020,2,6,6,5,3,2,0,1,0,0,0,0,1,0,0,0
2020,5,20,2,1,5,1,1,1,0,0,0,0,0,1,1,0
2019,12,18,3,2,6,2,0,1,0,0,0,0,1,0,0,0
2020,3,16,5,1,5,0,1,1,0,0,0,0,0,1,1,0
2019,8,15,3,0,3,0,0,1,0,1,0,0,1,0,0,0
2021,11,17,4,2,6,1,0,1,0,0,0,0,0,0,2,0
2021,9,16,5,5,2,0,1,1,0,0,0,0,0,0,1,0
2020,2,20,7,2,6,2,0,1,0,0,0,0,0,0,0,0
2019,3,14,5,5,7,0,0,1,0,0,0,1,1,0,0,0
2019,6,18,5,6,7,0,0,1,1,0,0,0,0,0,0,0
2019,1,18,3,2,6,2,0,1,0,0,0,0,1,0,0,0
2018,4,16,2,6,4,0,0,1,1,0,0,0,0,0,0,0
2018,5,12,6,2,6,0,0,1,0,0,0,0,0,0,0,0
2018,7,23,2,5,3,2,0,1,0,1,0,0,0,0,0,0
2020,8,9,4,5,2,0,1,0,0,0,1,0,0,0,1,0
2018,4,20,4,5,2,1,0,1,0,1,0,0,0,0,0,1
2021,12,15,4,1,7,1,0,1,0,0,0,0,0,1,2,0
2018,6,18,5,2,7,0,0,1,0,0,0,0,0,0,0,0
2020,8,8,6,5,2,0,1,1,0,0,0,0,0,0,1,0
2020,8,7,6,5,2,0,0,1,0,0,0,0,1,0,1,0
2018,6,14,7,5,2,0,0,1,0,0,0,0,0,0,0,1
2021,9,13,2,2,6,0,0,1,0,0,0,1,0,0,1,1
2019,3,11,6,5,3,0,1,1,0,0,0,0,0,0,0,0
2020,12,18,2,2,6,2,0,1,0,0,0,0,0,1,2,0
2018,4,10,5,0,3,0,1,0,0,0,0,1,1,0,0,0
2018,6,13,6,3,6,0,1,0,0,1,0,0,0,0,0,0
2019,6,12,4,3,6,0,1,0,0,0,0,1,0,0,0,0
2018,5,13,7,2,6,0,0,1,0,1,0,0,0,0,0,0
2020,1,15,4,5,3,0,1,1,0,0,0,0,0,0,0,0
2021,6,14,5,0,1,0,0,0,0,1,0,0,0,0,1,0
2018,9,15,7,5,3,0,0,1,0,1,0,0,0,0,0,0
2018,12,18,5,6,2,2,0,1,1,0,0,0,1,0,0,1
2019,11,8,2,9,1,0,0,0,0,0,0,1,0,0,0,0
2019,1,13,6,5,5,0,0,1,0,0,1,0,1,0,0,0
2021,1,16,3,0,2,1,1,1,0,0,0,0,1,1,2,0
2018,7,15,2,2,6,0,0,1,0,0,0,0,0,0,0,0
2020,6,11,5,5,3,0,0,1,0,0,0,0,0,0,1,0
2018,4,19,2,6,7,0,0,1,1,0,0,0,0,0,0,0
2018,10,23,6,6,4,2,0,1,1,0,0,0,0,0,0,0
2021,8,10,2,0,5,0,1,1,0,0,0,0,0,0,1,0
2020,2,8,5,5,3,0,1,1,0,0,0,0,0,0,0,0
2021,10,7,5,2,6,0,0,1,0,0,0,0,0,0,1,0
2018,2,14,3,6,4,0,0,1,1,0,0,0,1,0,0,0
2020,10,19,7,1,5,2,1,1,0,0,0,0,0,1,1,0
2019,2,13,4,0,3,0,0,1,0,0,0,1,0,0,0,0
2018,5,12,6,2,2,0,0,0,0,1,0,1,0,0,0,0
2018,9,11,4,5,2,0,1,1,0,0,0,0,0,0,0,0
2018,6,11,5,0,1,0,1,0,0,0,0,0,0,0,0,0
2020,6,14,2,2,6,0,0,1,0,0,1,0,0,0,1,0
2019,2,17,4,6,4,1,0,1,1,0,0,0,1,0,0,1
2020,6,7,6,0,1,0,0,0,0,1,0,0,1,0,1,0
2018,1,20,5,0,7,2,1,0,0,0,0,1,1,0,0,0
2019,11,15,6,1,5,1,0,1,0,0,0,0,0,0,0,0
2019,6,13,2,2,6,0,0,1,0,0,1,0,0,0,0,0
2020,6,15,4,5,2,0,0,1,0,1,0,0,0,0,1,1
2020,1,10,3,2,6,0,0,1,0,0,0,0,0,0,0,0
2018,11,10,7,5,3,0,1,1,0,0,0,0,0,0,0,0
2020,7,6,5,0,6,0,0,1,0,1,0,0,1,0,1,0
2018,7,13,1,2,6,0,0,1,0,0,0,0,0,0,0,0
2021,10,22,6,6,4,2,0,0,1,0,0,1,0,0,1,0
2021,8,17,7,5,2,0,0,1,0,0,0,0,0,0,1,0
2019,10,7,4,2,7,0,0,1,0,0,0,0,0,0,0,0
2018,6,11,3,5,2,0,0,1,0,0,0,0,0,0,0,0
2020,8,15,3,5,3,0,1,0,0,0,0,0,0,0,1,0
2018,1,18,4,0,7,2,1,1,0,0,0,0,1,0,0,0
2018,9,19,3,5,2,0,1,1,0,0,0,0,0,0,0,0
2020,11,13,3,5,2,0,1,1,0,0,0,0,0,1,2,0
2018,5,15,4,2,6,0,0,1,0,0,0,0,1,0,0,0
2020,2,10,3,5,7,0,1,1,0,0,0,0,1,0,0,0
2020,5,15,2,1,5,0,0,1,0,0,0,0,0,1,1,0
2021,8,14,6,2,6,0,0,1,0,0,0,0,0,0,1,0
2021,8,17,3,5,3,0,1,1,0,0,0,0,0,0,1,0
2018,10,7,3,0,7,0,0,1,0,1,0,0,0,0,0,0
2019,4,8,3,5,7,0,0,1,0,1,0,0,0,0,0,0
2019,5,20,4,5,2,1,1,1,0,0,0,0,0,0,0,1
2019,6,14,4,2,6,0,0,1,0,1,0,0,0,0,0,0
2020,10,7,3,2,6,0,0,1,0,0,0,1,0,1,1,0
2018,1,13,3,2,6,0,0,1,0,0,0,0,1,0,0,0
2018,5,9,3,2,6,0,1,1,0,0,0,0,0,0,0,0
2020,9,17,6,2,6,0,0,1,0,0,0,0,0,0,1,0
2020,7,9,4,0,6,0,0,1,0,1,0,0,0,0,1,0
2021,1,22,7,0,3,2,0,1,0,0,0,0,0,1,2,1
2020,11,14,5,3,6,0,0,1,0,0,0,0,1,1,2,0
2020,11,17,6,5,3,2,1,1,0,0,0,0,0,1,2,0
2021,9,17,4,5,3,0,0,1,0,1,1,0,0,0,1,0
2020,1,4,2,6,2,2,0,1,1,0,0,0,1,0,0,0
2020,12,7,5,2,6,1,0,1,0,1,0,0,1,1,2,1
2019,5,17,2,1,5,0,0,1,0,0,0,1,0,0,0,0
2021,3,18,3,6,4,2,1,0,1,0,0,0,0,0,2,0
2018,5,13,5,1,5,0,1,1,0,0,0,0,0,0,0,0
2018,7,13,2,5,2,0,1,1,0,0,0,0,0,0,0,0
2018,10,8,3,3,6,0,1,1,0,0,0,0,1,0,0,0
2020,4,16,5,1,5,0,1,1,0,0,0,0,0,1,2,0
2020,9,13,4,5,3,0,1,1,0,0,0,0,0,0,1,0
2018,11,16,5,0,1,0,1,0,0,0,0,0,0,0,0,0
2019,12,7,4,5,3,0,0,1,0,0,0,0,1,0,0,0
2021,10,19,5,1,5,2,1,1,0,0,0,0,0,0,1,0
2019,10,9,3,4,6,0,1,1,0,0,0,0,0,0,0,0
2019,11,18,6,6,2,2,0,1,1,0,0,0,1,0,0,0
2020,9,20,4,5,3,2,1,1,0,0,0,0,0,0,1,0
2020,2,18,2,6,4,2,0,1,1,0,0,0,0,0,0,1
2020,7,8,6,5,3,0,1,1,0,0,0,0,0,0,1,0
2018,10,11,1,2,6,0,0,1,0,0,0,0,0,0,0,0
2021,5,12,2,2,6,0,0,1,0,0,0,0,0,1,2,0
2019,6,13,6,5,2,0,1,1,0,0,0,0,0,0,0,0
2021,6,11,3,3,6,0,1,1,0,0,0,0,0,0,1,0
2019,12,22,4,2,6,2,0,1,0,0,0,0,0,0,0,0
2020,12,10,3,2,6,0,0,1,0,0,0,0,0,1,2,0
2020,12,11,7,5,2,0,1,1,0,0,0,0,0,1,2,0
2019,8,13,5,5,3,0,1,1,0,0,0,0,0,0,0,0
2018,6,1,6,9,1,2,1,0,0,0,0,0,0,0,0,0
2020,4,16,5,5,2,0,1,1,0,0,0,0,0,1,2,0
2019,12,20,3,5,3,2,1,1,0,0,0,0,1,0,0,0
2020,6,12,3,2,6,0,0,1,0,0,0,0,0,0,1,0
2019,5,17,6,5,2,0,1,0,0,0,0,1,0,0,0,1
2020,7,15,3,5,2,0,1,1,0,0,0,0,0,0,1,0
2018,1,17,3,5,2,2,0,1,0,0,0,0,1,0,0,0
2018,9,14,2,5,2,0,1,1,0,0,0,0,0,0,0,0
2019,11,14,5,0,1,0,1,0,0,0,0,0,1,0,0,0
2019,11,14,5,2,6,0,0,1,0,0,0,0,0,0,0,0
2018,1,16,5,2,6,2,0,1,0,0,0,0,1,0,0,0
2019,10,13,3,2,6,0,0,1,0,0,0,0,0,0,0,0
2021,8,12,7,2,2,0,0,1,0,1,0,0,0,0,1,0
2018,6,18,3,2,6,0,0,1,0,0,0,0,0,0,0,0
2019,8,20,2,5,2,0,1,0,0,0,1,0,0,0,0,0
2018,9,13,1,5,3,0,1,0,0,1,0,0,0,0,0,0
2020,8,17,1,5,3,0,1,0,0,0,0,1,1,0,1,1
2018,5,12,4,5,2,0,1,1,0,0,0,0,0,0,0,0
2021,7,0,6,5,2,2,1,1,0,0,0,0,0,0,1,0
2019,8,18,5,5,2,0,1,1,0,0,0,0,0,0,0,1
2020,3,12,5,6,4,0,0,1,1,0,0,0,0,1,1,0
2019,9,15,7,5,2,0,0,1,0,0,0,1,0,0,0,1
2020,11,19,5,2,6,2,1,0,0,0,0,1,1,1,2,0
2018,5,7,3,5,3,0,1,0,0,0,0,1,0,0,0,0
2020,8,13,5,5,2,0,0,1,0,0,0,0,0,0,1,0
2019,12,16,4,5,3,2,0,1,0,0,0,0,0,0,0,0
2019,12,18,2,6,2,2,0,1,1,0,0,0,1,0,0,1
2021,7,12,7,0,2,0,0,1,0,1,0,0,0,0,1,0
2019,10,12,3,2,2,0,0,1,0,0,0,1,1,0,0,0
2021,5,11,7,5,3,0,1,1,0,0,0,0,0,1,2,0
2018,7,17,5,0,3,0,0,1,0,1,0,0,0,0,0,0
2018,9,9,6,5,2,0,1,0,0,1,0,0,0,0,0,1
2019,9,12,4,5,3,0,1,1,0,0,0,0,1,0,0,0
2019,5,17,7,2,6,0,0,1,0,1,0,0,0,0,0,0
2021,11,15,2,0,1,1,1,0,0,0,0,0,1,0,2,0
2018,11,15,7,5,3,1,1,0,0,0,0,1,0,0,0,0
2021,8,17,2,3,6,0,1,0,0,0,0,0,0,0,1,1
2018,8,11,6,5,3,0,1,1,0,0,0,0,0,0,0,0
2019,7,11,3,6,4,0,0,1,1,0,0,0,0,0,0,0
2018,8,12,6,5,2,0,1,1,0,0,0,0,0,0,0,0
2018,8,19,6,2,6,0,0,1,0,0,0,0,0,0,0,0
2018,10,19,1,5,7,1,0,1,0,1,0,0,1,0,0,0
2020,1,17,3,5,3,2,0,1,0,0,0,0,1,0,0,0
2018,6,20,2,0,2,0,0,1,0,1,0,0,0,0,0,1
2019,9,15,1,4,6,0,0,1,0,0,0,0,0,0,0,0
2019,8,8,4,5,3,0,0,1,0,0,0,0,0,0,0,0
2019,4,5,2,5,3,2,0,1,0,0,0,0,0,0,0,0
2018,9,18,7,5,2,0,0,1,0,0,0,0,0,0,0,0
2018,5,12,1,2,6,0,0,1,0,0,0,0,0,0,0,0
2019,3,9,1,2,6,0,0,1,0,0,0,0,0,0,0,0
2019,11,8,2,0,1,0,1,0,0,0,0,0,1,0,0,0
2021,5,16,3,2,6,0,0,1,0,0,0,0,0,1,2,0
2019,8,14,6,5,3,0,1,1,0,0,0,0,0,0,0,0
2021,8,14,5,6,7,0,0,0,1,0,0,1,0,0,1,0
2021,4,20,1,5,2,1,1,1,0,0,0,0,1,1,2,0
2020,8,20,2,5,3,2,1,1,0,0,0,0,0,0,1,0
2019,1,17,5,3,6,2,0,1,0,0,0,0,0,0,0,0