UJAHR,UMONAT,USTUNDE,UWOCHENTAG,UART,UTYP1,ULICHTVERH,IstRad,IstPKW,IstFuss,IstKrad,IstGkfz,IstSonstige,USTRZUSTAND,LOCKDOWN,COVID,UKATEGORIE
2018,7,3,7,9,1,2,0,1,0,0,0,0,0,0,0,0
2020,10,13,6,5,3,0,1,1,0,0,0,0,0,1,1,0
2020,7,12,6,1,5,0,1,1,0,0,0,0,0,0,1,1
2020,8,12,4,5,3,0,0,1,0,0,0,1,1,0,1,0
2019,10,21,6,8,1,2,0,0,0,0,0,1,0,0,0,0
2019,9,15,6,5,3,0,0,1,0,0,0,1,1,0,0,0
2019,11,9,2,6,4,0,0,1,1,0,0,0,0,0,0,0
2018,3,11,2,5,3,0,0,1,0,0,0,0,1,0,0,1
2021,9,17,5,0,7,0,1,0,0,0,0,0,0,0,1,1
2019,5,14,5,2,6,0,0,1,0,0,0,0,1,0,0,0
2021,2,15,4,5,3,0,1,0,0,0,0,1,0,1,2,0
2018,11,9,5,2,6,0,0,1,0,1,0,0,0,0,0,0
2020,9,12,3,5,3,0,0,1,0,0,1,0,0,0,1,1
2020,3,9,4,5,7,0,0,1,0,1,0,0,0,1,1,0
2019,3,8,5,5,2,0,0,1,0,0,0,0,0,0,0,0
2021,8,13,3,5,3,0,0,1,0,0,0,1,0,0,1,0
2020,2,15,4,6,2,0,0,1,1,0,0,0,0,0,0,0
2019,1,16,4,5,3,2,1,1,0,0,0,0,1,0,0,0
2019,11,9,4,5,2,0,1,1,0,0,0,0,1,0,0,0
2019,3,18,7,6,2,1,0,1,1,0,0,0,1,0,0,0
2019,11,18,5,5,2,2,1,1,0,0,0,0,1,0,0,0
2019,8,20,7,5,3,0,0,1,0,0,0,0,0,0,0,0
2020,5,22,7,2,6,2,0,1,0,0,0,0,0,1,1,0
2020,6,12,6,5,7,0,0,1,0,1,0,0,0,0,1,0
2018,10,14,2,2,6,0,0,1,0,0,0,0,1,0,0,0
2021,8,13,4,3,6,0,0,1,0,1,0,0,0,0,1,0
2020,6,13,3,5,3,0,1,1,0,0,0,0,0,0,1,0
2019,2,15,6,5,3,0,0,1,0,0,0,0,1,0,0,0
2020,11,6,4,2,6,2,0,1,0,0,0,0,0,1,2,0
2018,3,11,2,2,2,0,0,1,0,0,0,0,0,0,0,0
2018,6,14,4,2,6,0,0,1,0,0,1,0,0,0,0,1
2018,2,18,5,0,3,2,0,1,0,0,0,1,0,0,0,0
2021,9,14,1,2,6,0,0,1,0,1,0,0,0,0,1,0
2018,11,15,2,1,5,1,0,1,0,0,0,0,0,0,0,0
2018,4,12,7,3,6,0,1,0,0,0,0,0,0,0,0,0
2019,8,12,4,5,3,0,0,1,0,0,0,0,0,0,0,0
2021,6,11,3,5,2,0,0,1,0,0,0,0,0,0,1,0
2018,2,8,4,5,3,0,0,1,0,1,0,0,0,0,0,1
2019,9,8,3,2,6,0,0,1,0,0,0,1,0,0,0,0
2019,4,21,3,5,2,2,1,1,0,0,0,0,0,0,0,0
2019,10,16,3,2,6,0,0,1,0,0,0,0,1,0,0,0
2018,3,17,4,5,3,0,0,1,0,0,0,0,0,0,0,0
2018,7,19,1,2,6,0,0,1,0,0,0,0,0,0,0,0
2018,1,16,2,1,5,1,0,1,0,0,0,0,0,0,0,0
2019,7,14,6,4,6,0,0,1,0,0,1,0,0,0,0,0
2019,4,17,4,2,6,0,0,1,0,0,0,0,0,0,0,0
2019,5,9,4,3,6,0,0,1,0,1,0,0,0,0,0,1
2019,9,19,1,5,3,2,1,1,0,0,0,0,0,0,0,0
2018,5,21,1,5,2,2,1,1,0,0,0,0,0,0,0,0
2021,8,15,4,5,3,0,0,1,0,0,0,0,0,0,1,0
2018,3,1,1,5,2,2,0,1,0,0,0,0,0,0,0,0
2018,1,18,4,2,6,2,0,1,0,0,0,0,1,0,0,0
2020,12,17,3,0,6,2,0,1,0,1,0,0,0,1,2,0
2018,12,13,1,5,2,0,1,1,0,0,0,0,0,0,0,0
2018,6,10,5,1,1,0,1,1,0,0,0,0,0,0,0,0
2021,10,13,1,1,5,0,1,1,0,0,0,0,0,0,1,0
2020,11,11,2,6,4,0,1,0,1,0,0,0,0,1,2,0
2020,6,11,7,5,2,0,1,1,0,0,0,0,0,0,1,0
2018,4,13,3,0,1,0,1,0,0,0,0,0,0,0,0,1
2019,7,22,5,5,2,2,1,1,0,0,0,0,1,0,0,0
2018,5,9,2,2,6,0,0,1,0,0,0,1,0,0,0,0
2019,6,19,3,4,2,0,0,1,0,0,0,0,0,0,0,0
2018,5,16,5,2,6,0,0,1,0,0,0,0,0,0,0,0
2018,9,15,4,0,3,0,1,1,0,0,0,0,0,0,0,0
2018,6,19,5,5,3,0,1,1,0,0,0,0,0,0,0,0
2021,8,17,3,1,5,0,1,1,0,0,0,0,0,0,1,0
2019,2,9,3,2,4,0,0,1,1,1,0,0,0,0,0,0
2019,4,10,5,3,6,0,1,1,0,0,0,0,0,0,0,0
2019,1,17,2,2,2,1,0,1,0,1,0,0,0,0,0,0
2019,11,12,7,2,6,0,0,1,0,0,0,0,1,0,0,0
2019,11,11,1,5,3,0,0,1,0,0,0,0,0,0,0,0
2020,5,14,2,0,7,0,1,0,0,0,0,0,1,1,1,1
2021,10,9,4,5,2,0,1,1,0,0,0,0,0,0,1,0
2019,10,21,6,2,6,2,0,1,0,0,0,0,1,0,0,0
2019,8,17,6,5,3,0,1,1,0,0,0,0,0,0,0,1
2021,6,22,1,6,4,2,0,0,1,1,0,0,0,0,1,0
2018,6,12,3,3,6,0,0,1,0,1,0,0,0,0,0,0
2019,4,19,7,5,3,1,0,1,0,0,0,0,0,0,0,0
2021,2,9,5,5,2,0,1,1,0,0,0,0,0,1,2,0
2018,5,21,5,0,1,1,1,0,0,0,0,0,0,0,0,0
2018,4,21,1,8,1,2,0,1,0,0,0,0,0,0,0,0
2020,2,15,4,2,7,0,0,1,0,0,0,1,1,0,0,0
2019,7,18,7,3,6,0,1,1,0,0,0,0,1,0,0,0
2021,10,7,4,0,3,1,0,1,0,1,0,0,1,0,1,0
2020,3,13,2,5,3,0,1,1,0,0,0,0,1,1,1,0
2018,4,13,4,9,1,0,0,1,0,0,0,0,0,0,0,0
2020,1,14,2,6,4,0,0,1,1,0,0,0,0,0,0,0
2019,4,16,2,1,5,0,1,1,0,0,0,0,0,0,0,0
2019,9,18,7,0,1,0,1,1,0,0,0,0,1,0,0,0
2021,6,7,1,5,3,0,1,1,0,0,0,0,0,0,1,0
2021,5,19,1,5,2,0,1,1,0,0,0,0,0,1,2,0
2019,7,22,1,6,4,1,0,1,1,0,0,0,0,0,0,0
2018,6,18,6,3,6,0,1,1,0,0,0,0,0,0,0,0
2020,10,17,2,5,3,1,1,1,0,0,0,0,0,1,1,0
2018,12,15,3,2,6,0,0,1,0,0,0,0,1,0,0,0
2020,12,7,2,3,6,0,1,1,0,0,0,0,0,1,2,0
2019,8,17,5,5,3,0,1,0,0,0,0,1,0,0,0,0
2018,6,18,2,0,7,0,0,1,0,0,0,0,0,0,0,0
2021,6,11,2,0,1,0,1,0,0,0,0,0,0,0,1,0
2021,3,9,5,5,2,0,1,1,0,0,0,0,0,0,2,0
2019,9,11,2,5,3,0,0,1,0,0,0,0,0,0,0,0
2021,3,12,7,6,7,0,0,1,1,0,0,0,1,0,2,1
2020,7,14,3,0,3,0,0,0,0,1,0,1,0,0,1,0
2021,5,10,6,5,7,0,0,1,0,1,0,0,1,1,2,0
2018,9,17,2,2,7,0,1,0,0,0,0,1,0,0,0,0
2018,5,9,4,0,1,0,1,0,0,0,0,0,0,0,0,0
2019,10,10,6,2,6,0,0,1,0,0,1,0,0,0,0,0
2021,6,11,3,5,3,0,1,1,0,0,0,0,0,0,1,1
2020,4,17,7,2,6,0,0,1,0,0,0,0,0,1,2,1
2021,4,6,4,5,3,0,1,1,0,0,0,0,0,1,2,1
2019,11,22,5,5,2,2,0,1,0,1,0,0,0,0,0,0
2018,12,18,7,6,2,2,0,1,1,0,0,0,0,0,0,1
2021,6,17,4,3,6,0,1,0,0,0,0,0,0,0,1,0
2018,6,21,6,1,5,0,1,1,0,0,0,0,0,0,0,0
2019,7,7,6,5,3,0,1,1,0,0,0,0,1,0,0,0
2019,2,15,5,5,3,0,0,1,0,0,0,0,0,0,0,1
2021,6,15,5,2,6,0,0,1,0,1,0,0,0,0,1,1
2019,2,11,5,2,7,0,0,1,0,0,0,1,0,0,0,0
2018,6,7,3,1,5,0,1,1,0,0,0,0,0,0,0,0
2021,3,15,6,6,4,0,0,1,1,0,0,0,0,0,2,1
2021,1,17,3,5,2,2,1,0,0,0,0,1,1,1,2,0
2018,9,13,6,2,6,0,0,1,0,1,0,0,0,0,0,0
2021,7,16,2,2,6,0,0,1,0,1,0,0,0,0,1,0
2018,4,15,4,2,6,0,0,1,0,0,0,1,0,0,0,0
2019,8,9,6,6,4,0,0,1,1,0,0,0,0,0,0,0
2021,8,14,2,5,2,0,1,0,0,0,0,1,0,0,1,0
2018,4,17,1,2,6,0,0,1,0,0,0,0,0,0,0,0
2021,10,16,4,0,1,0,1,1,0,0,0,0,0,0,1,0
2018,10,20,3,5,3,2,0,0,0,1,0,1,1,0,0,0
2020,9,18,3,6,4,0,1,0,1,0,0,0,0,0,1,0
2020,9,20,7,0,3,2,0,1,0,1,0,0,1,0,1,0
2021,4,13,7,1,5,0,1,1,0,0,0,0,0,1,2,0
2021,5,20,1,0,7,0,1,1,0,0,0,0,0,1,2,0
2020,7,15,6,5,5,0,0,1,0,1,0,0,0,0,1,1
2020,10,16,3,5,2,1,1,1,0,0,0,0,0,1,1,0
2020,12,21,4,8,1,2,0,1,0,0,0,0,1,1,2,1
2018,10,8,5,2,6,0,0,1,0,0,0,0,0,0,0,1
2019,4,20,2,3,6,1,0,1,0,0,0,0,0,0,0,0
2019,5,10,4,3,6,0,0,0,0,1,0,1,0,0,0,0
2020,5,22,6,1,5,2,1,1,0,0,0,0,0,1,1,0
2021,1,16,4,5,3,1,1,1,0,0,0,0,0,1,2,0
2019,6,1,1,5,2,2,0,1,0,0,0,0,0,0,0,1
2020,6,17,3,2,6,0,0,1,0,0,0,0,0,0,1,0
2019,1,13,5,6,2,0,0,1,1,0,0,0,0,0,0,0
2018,2,12,5,2,2,0,0,1,0,0,0,0,0,0,0,0
2021,8,7,4,1,5,0,1,1,0,0,0,0,0,0,1,0
2018,8,17,3,2,2,0,1,1,0,0,0,0,0,0,0,0
2018,12,10,3,2,6,0,0,1,0,0,1,0,1,0,0,1
2018,6,17,3,5,3,0,0,1,0,1,0,0,0,0,0,0
2020,10,14,5,0,6,0,0,0,0,1,0,1,0,1,1,1
2019,11,18,2,7,7,1,1,0,0,0,0,0,1,0,0,0
2018,7,17,4,5,2,0,1,1,0,0,0,0,0,0,0,0
2021,5,17,5,5,2,0,1,1,0,0,0,0,1,1,2,0
2020,5,10,5,3,6,0,0,1,0,0,0,0,0,1,1,0
2020,10,16,7,3,6,0,0,1,0,0,1,0,0,1,1,0
2019,4,10,3,2,6,0,1,1,0,0,0,0,0,0,0,0
2018,6,9,7,5,3,0,0,1,0,0,0,0,0,0,0,0
2018,3,9,6,0,5,0,0,1,0,0,0,0,0,0,0,0
2019,9,12,6,2,6,0,0,1,0,0,0,0,0,0,0,0
2021,8,16,5,2,7,0,1,1,0,0,0,0,0,0,1,1
2018,9,21,6,9,1,2,0,1,0,0,0,0,1,0,0,0
2018,1,13,3,5,3,0,0,1,0,1,0,0,1,0,0,0
2020,11,10,2,0,1,0,1,0,0,0,0,0,0,1,2,0
2019,4,7,3,6,4,0,0,0,1,1,0,0,0,0,0,0
2020,6,7,6,1,5,0,1,1,0,0,0,0,1,0,1,1
2018,8,9,2,5,2,0,0,1,0,1,0,0,0,0,0,0
2020,8,12,3,0,7,0,1,0,0,0,0,0,0,0,1,0
2019,4,13,4,6,4,0,0,1,1,0,0,0,0,0,0,1
2018,10,18,2,7,7,2,1,0,0,0,0,0,1,0,0,0
2018,6,10,5,5,3,0,0,1,0,0,0,0,0,0,0,1
2021,12,15,4,0,5,1,0,1,0,1,0,0,1,1,2,0
2018,12,11,2,2,6,0,0,1,0,0,0,0,0,0,0,0
2021,9,18,2,1,5,1,1,1,0,0,0,0,0,0,1,0
2021,8,3,1,9,1,2,0,1,0,0,0,0,1,0,1,0
2020,12,5,4,0,1,2,1,0,0,0,0,0,1,1,2,0
2021,9,7,1,1,5,0,0,1,0,1,0,0,0,0,1,1
2019,10,17,6,0,3,1,0,1,0,0,0,1,0,0,0,0
2020,10,14,5,3,6,0,0,1,0,0,1,0,0,1,1,0
2019,6,19,3,6,4,0,0,1,1,0,0,0,0,0,0,1
2019,11,9,3,0,2,0,0,1,0,0,0,1,0,0,0,1
2021,11,14,6,6,4,0,0,1,1,0,0,0,0,0,2,0
2020,7,14,5,5,3,0,1,1,0,0,0,0,0,0,1,0
2018,2,23,7,5,3,2,0,1,0,0,0,0,0,0,0,0
2019,3,14,7,4,6,0,1,1,0,0,0,0,1,0,0,0
2020,10,10,6,2,6,0,0,1,0,0,0,0,0,1,1,1
2021,1,20,3,5,7,2,0,1,0,0,0,0,1,1,2,0
2018,7,9,5,5,3,0,1,1,0,0,0,0,0,0,0,1
2019,7,11,4,0,7,0,1,0,0,0,0,0,0,0,0,1
2019,6,21,7,5,3,2,0,1,0,0,0,0,0,0,0,0
2021,6,7,5,0,7,0,0,0,0,1,0,0,0,0,1,0
2018,7,15,3,2,6,0,0,1,0,0,0,1,0,0,0,0
2018,7,17,6,5,2,0,1,1,0,0,0,0,0,0,0,0
2019,4,17,6,6,4,0,0,1,1,0,0,0,0,0,0,0
2019,5,16,1,0,1,0,0,1,0,1,0,0,1,0,0,0
2020,10,9,2,2,6,0,0,1,0,0,0,0,0,1,1,0
2020,3,7,4,2,6,0,0,0,0,0,1,1,1,1,1,0
2020,1,16,5,6,4,1,0,1,1,0,0,0,0,0,0,1
2019,8,13,7,2,6,0,0,1,0,0,0,0,0,0,0,0
2021,11,14,3,8,1,0,0,1,0,0,0,0,0,0,2,1
2018,6,15,7,2,6,0,0,1,0,0,0,0,0,0,0,0
2018,10,18,3,6,2,2,0,1,1,0,0,0,1,0,0,0
2019,4,18,4,5,3,0,1,1,0,0,0,0,0,0,0,0
2020,2,11,5,2,6,0,0,1,0,0,1,0,1,0,0,0
2019,9,21,3,3,7,2,1,1,0,0,0,0,0,0,0,1
2020,9,13,5,5,3,0,1,0,0,0,0,0,0,0,1,0
2018,11,8,3,2,2,0,1,1,0,0,0,0,0,0,0,0
2021,6,17,6,5,2,0,0,1,0,1,0,0,0,0,1,0
2020,6,15,3,5,2,0,1,1,0,0,0,0,0,0,1,0
2021,5,16,3,3,6,0,1,0,0,0,0,1,0,1,2,0
2018,8,17,2,5,2,0,1,0,0,0,0,0,0,0,0,0
2019,10,22,4,2,6,2,0,1,0,0,0,0,0,0,0,0
2020,11,18,6,2,3,2,1,1,0,0,0,0,0,1,2,0
2018,1,10,6,5,2,0,1,1,0,0,0,0,0,0,0,0
2018,12,0,5,5,3,2,0,1,0,0,0,0,1,0,0,0
2018,10,15,3,1,5,0,1,1,0,0,0,0,0,0,0,0
2021,8,23,2,5,3,2,0,1,0,0,0,0,1,0,1,0
2020,10,19,6,6,2,2,0,1,1,0,0,0,1,1,1,0
2018,12,7,4,6,4,0,0,1,1,0,0,0,1,0,0,0
2020,6,11,2,0,6,0,0,1,0,0,0,1,0,0,1,0
2020,5,20,2,0,1,1,0,0,0,1,0,0,1,1,1,0
2020,11,13,6,6,7,0,0,1,1,0,0,0,0,1,2,0
2021,10,19,7,5,2,2,1,1,0,0,0,0,0,0,1,0
2020,10,10,6,6,2,0,0,1,1,0,0,0,1,1,1,0
2019,5,20,2,5,3,0,0,1,0,0,0,1,0,0,0,0
2020,8,17,3,1,1,0,1,1,0,0,0,0,0,0,1,0
2018,3,10,6,5,3,0,0,1,0,0,0,0,0,0,0,0
2019,8,13,7,5,2,0,1,1,0,0,0,0,0,0,0,0
2019,11,10,6,5,2,0,0,1,0,1,0,0,0,0,0,0
2019,3,11,4,5,2,0,0,1,0,1,0,0,0,0,0,0
2019,4,9,3,3,6,0,0,1,0,0,0,0,0,0,0,0
2018,3,11,2,1,5,0,0,1,0,0,0,0,1,0,0,0
2018,6,14,2,5,3,0,1,1,0,0,0,0,0,0,0,0
2021,7,13,6,5,2,0,1,1,0,0,0,0,0,0,1,1
2018,12,17,5,2,6,1,0,1,0,0,0,1,1,0,0,0
2020,8,16,5,2,6,0,0,1,0,1,0,0,0,0,1,0
2018,4,21,4,9,1,2,0,0,0,1,0,0,0,0,0,0
2019,10,19,3,6,4,2,0,1,1,0,0,0,1,0,0,0
2018,8,10,7,5,2,0,1,1,0,0,0,0,0,0,0,0
2019,3,12,1,2,6,0,0,1,0,0,0,0,0,0,0,0
2018,1,17,4,5,3,2,0,1,0,0,0,0,0,0,0,0
2018,4,15,2,0,7,0,1,0,0,0,0,0,0,0,0,0
2018,4,16,3,5,2,0,1,1,0,0,0,0,0,0,0,0
2021,11,20,1,2,6,2,0,1,0,0,0,0,1,0,2,0
2021,10,20,5,5,3,2,0,1,0,0,0,0,0,0,1,0
2018,3,18,3,2,6,0,0,1,0,0,0,0,0,0,0,0
2018,5,10,1,0,2,0,0,1,0,1,0,0,0,0,0,0
2019,9,15,4,6,4,0,0,0,1,0,0,1,0,0,0,0
2019,8,20,5,6,7,1,0,1,1,0,0,0,0,0,0,0
2019,3,12,2,3,6,0,1,1,0,0,0,0,1,0,0,0
2019,4,16,6,5,3,0,0,1,0,0,0,0,0,0,0,1
2021,9,0,7,0,1,2,0,0,0,0,0,1,0,0,1,1
2020,2,14,4,2,2,0,0,1,0,0,0,0,0,0,0,0
2020,4,12,6,6,2,0,0,0,1,0,1,0,0,1,2,1
2019,6,15,2,5,3,0,1,1,0,0,0,0,0,0,0,0
2021,4,16,5,0,7,0,0,0,0,0,0,1,0,1,2,0
2018,9,12,3,2,6,0,0,1,0,0,0,0,0,0,0,0
2018,5,14,5,5,3,0,0,1,0,0,0,0,0,0,0,0
2018,3,17,4,5,3,0,0,1,0,0,0,0,0,0,0,0
2018,3,17,7,6,7,0,0,1,1,0,0,0,0,0,0,0
2020,2,22,6,5,3,2,0,1,0,0,0,0,0,0,0,0
2019,2,20,6,5,3,2,1,1,0,0,0,0,0,0,0,0
2020,3,13,4,5,2,0,1,1,0,0,0,0,0,1,1,0
2019,3,14,5,3,6,0,1,1,0,0,0,0,0,0,0,0
2019,2,17,6,5,2,1,0,1,0,0,0,0,0,0,0,0
2018,10,11,2,5,2,0,0,1,0,1,0,0,0,0,0,1
2021,12,20,3,5,2,2,0,1,0,0,0,0,1,1,2,0
2020,10,21,7,3,6,2,0,1,0,0,0,0,0,1,1,0
2020,9,15,3,6,2,0,0,1,1,0,0,0,0,0,1,0
2020,7,16,7,5,2,0,1,1,0,0,0,0,0,0,1,0
2021,3,18,3,5,3,0,1,0,0,1,0,0,0,0,2,1
2018,10,11,3,2,6,0,0,1,0,0,0,1,0,0,0,0
2021,3,15,5,6,7,0,0,0,1,1,0,0,0,0,2,0
2018,5,7,2,0,2,0,1,1,0,0,0,0,0,0,0,0
2018,4,17,2,5,2,0,1,1,0,0,0,0,0,0,0,1
2020,1,14,3,2,6,0,0,1,0,0,0,0,0,0,0,0
2019,4,22,6,1,5,2,0,1,0,0,0,0,0,0,0,0
2020,4,17,6,6,7,0,1,0,1,0,0,0,0,1,2,0
2018,8,21,5,6,2,2,0,1,1,0,0,0,0,0,0,0
2019,12,20,6,5,2,2,0,1,0,0,0,0,1,0,0,0
2021,3,12,4,2,6,0,0,1,0,0,0,0,0,0,2,1
2019,9,11,2,5,3,0,0,0,0,1,0,1,0,0,0,1
2018,11,17,1,1,5,2,0,1,0,1,0,0,1,0,0,1
2019,12,12,3,1,5,0,1,1,0,0,0,0,1,0,0,0
2018,2,18,6,6,4,2,1,0,1,0,0,0,0,0,0,1
2019,5,17,5,4,6,0,1,0,0,0,0,0,0,0,0,0
2019,10,14,7,5,3,0,0,1,0,0,0,0,0,0,0,0
2021,5,14,6,5,2,0,1,1,0,0,0,0,1,1,2,0
2020,8,12,6,3,6,0,0,1,0,1,0,0,0,0,1,0
2021,6,10,5,8,1,0,0,1,0,0,0,0,0,0,1,0
2021,5,10,6,6,3,0,0,1,1,0,0,0,1,1,2,0
2021,11,14,7,0,2,0,0,1,0,0,0,1,0,0,2,0
2019,8,17,3,5,5,0,0,0,0,0,0,1,0,0,0,1
2020,11,13,7,1,5,0,0,1,0,0,1,0,0,1,2,1
2020,4,16,5,5,7,0,0,1,0,0,0,0,0,1,2,0
2021,9,1,6,1,5,2,0,1,0,0,0,0,0,0,1,1
2018,4,23,6,5,2,2,0,1,0,0,0,0,0,0,0,0
2020,3,7,3,2,6,0,0,1,0,0,0,0,0,1,1,0
2018,3,21,7,6,4,2,0,1,1,0,0,0,0,0,0,0
2019,4,17,2,5,7,0,1,1,0,0,0,0,0,0,0,0
2019,7,14,3,5,3,0,0,1,0,0,0,0,0,0,0,0
2018,6,15,3,2,2,0,1,1,0,0,0,0,0,0,0,0
2021,8,15,2,5,3,0,1,1,0,0,0,0,0,0,1,1
2018,11,7,5,5,2,0,1,1,0,0,0,0,0,0,0,0
2019,11,18,6,2,2,2,1,1,0,0,0,0,1,0,0,0
2021,6,3,4,3,5,2,0,1,0,0,0,1,0,0,1,0
2020,1,7,5,0,2,2,0,1,0,1,0,0,0,0,0,0
2018,9,5,3,3,6,1,0,1,0,1,0,0,0,0,0,0
2018,9,10,5,0,6,0,1,0,1,0,0,0,0,0,0,0
2018,8,9,2,2,6,0,0,1,0,0,0,0,0,0,0,0
2018,3,19,6,2,6,2,0,1,0,0,0,0,2,0,0,0
2020,10,15,4,5,3,0,0,1,0,0,0,1,1,1,1,0
2020,10,9,6,5,2,0,1,1,0,0,0,0,1,1,1,0
2021,10,19,3,0,2,1,1,1,0,0,0,0,1,0,1,0
2021,5,10,3,0,6,0,0,0,0,0,0,1,1,1,2,0
2020,3,19,5,5,2,2,0,1,0,0,0,0,0,1,1,1
2019,11,15,6,5,3,1,0,1,0,0,0,0,0,0,0,0
2020,4,12,2,1,5,0,0,1,0,1,0,0,0,1,2,0
2018,6,15,4,0,6,0,1,0,0,0,0,0,0,0,0,0
2020,8,13,2,5,2,0,0,1,0,0,0,0,0,0,1,0
2019,7,17,3,1,5,0,1,1,0,0,0,0,0,0,0,0
2020,5,21,5,0,1,2,0,0,0,1,0,0,0,1,1,0
2020,9,20,4,7,7,0,1,0,0,0,0,0,0,0,1,1
2019,8,21,1,1,5,2,1,1,0,0,0,0,0,0,0,0
2019,3,8,7,1,5,0,0,1,0,1,0,0,1,0,0,1
2020,9,15,3,0,7,0,0,1,0,0,0,0,0,0,1,0
2020,5,16,4,0,1,0,1,0,0,0,0,0,0,1,1,0
2021,12,10,5,9,1,0,0,0,0,1,0,0,0,1,2,0
2018,10,15,5,0,3,0,1,1,0,0,0,0,0,0,0,0
2018,6,12,3,5,3,0,0,1,0,0,0,1,0,0,0,0
2018,6,23,5,2,7,2,1,0,0,0,0,0,0,0,0,0
2018,2,8,4,5,7,0,1,1,0,0,0,0,0,0,0,0
2018,3,18,2,6,2,2,0,1,1,0,0,0,1,0,0,0
2019,8,16,2,5,3,0,1,1,0,0,0,0,0,0,0,0
2018,9,9,3,0,1,0,0,1,0,1,0,0,0,0,0,0
2018,2,19,1,5,3,2,1,1,0,0,0,0,0,0,0,0
2021,9,15,4,6,2,0,0,0,1,0,0,1,0,0,1,1
2019,5,9,2,1,5,0,1,1,0,0,0,0,0,0,0,0
2021,11,14,4,5,3,0,1,1,0,0,0,0,0,0,2,0
2020,12,19,3,2,6,2,0,1,0,0,0,0,1,1,2,1
2021,3,12,4,2,6,0,1,0,0,0,0,1,0,0,2,0
2019,12,14,5,2,6,0,0,1,0,0,0,0,0,0,0,0
2019,2,15,3,2,6,0,0,1,0,0,0,0,0,0,0,0
2021,7,21,5,0,1,1,1,0,0,0,0,0,0,0,1,0
2018,4,17,3,6,4,0,0,0,1,0,0,1,0,0,0,1
2021,12,21,3,3,6,2,1,1,0,0,0,0,1,1,2,0
2020,4,14,5,2,6,0,0,1,0,1,0,0,0,1,2,0
2018,11,5,4,3,6,2,0,1,0,1,0,0,1,0,0,0
2018,8,18,4,6,4,0,0,1,1,0,0,0,0,0,0,0
2021,9,15,4,6,4,0,0,1,1,0,0,0,0,0,1,0
2019,3,15,7,1,5,0,1,1,0,0,0,0,0,0,0,0
2020,3,17,7,3,6,0,1,1,0,0,0,0,0,1,1,0
2021,4,22,6,5,3,2,0,1,0,0,0,0,0,1,2,0
2018,3,13,5,2,2,0,0,1,0,0,0,0,1,0,0,0
2021,11,16,5,5,3,1,1,1,0,0,0,0,1,0,2,0
2021,5,15,4,3,6,0,0,1,0,0,0,0,0,1,2,0
2019,4,17,4,5,7,0,0,1,0,1,0,0,0,0,0,0
2020,2,12,7,5,3,0,1,1,0,0,0,0,1,0,0,0
2020,8,21,4,5,2,2,0,1,0,0,0,0,1,0,1,0
2021,11,19,2,2,6,2,0,1,0,1,0,0,0,0,2,1
2020,2,11,3,5,2,0,0,1,0,0,0,0,0,0,0,0
2020,3,9,1,3,6,0,0,1,0,1,0,0,1,1,1,0
2018,7,0,1,5,3,2,1,1,0,0,0,0,0,0,0,1
2018,4,15,2,0,1,0,0,0,0,1,0,0,0,0,0,0
2018,1,14,1,1,5,0,0,1,0,0,0,1,0,0,0,0
2019,4,8,2,6,4,0,0,1,1,0,0,0,0,0,0,1
2019,6,6,5,1,5,0,0,1,0,0,0,0,0,0,0,0
2019,5,5,3,5,2,0,1,1,0,0,0,0,0,0,0,0
2019,11,13,6,6,4,0,0,1,1,0,0,0,0,0,0,0
2021,9,13,6,0,2,0,0,1,0,1,0,0,0,0,1,0
2021,4,8,3,2,2,0,0,1,0,0,0,0,0,1,2,0
2018,5,13,2,0,3,0,0,1,0,0,0,1,0,0,0,0
2020,12,13,3,5,3,0,1,1,0,0,0,0,0,1,2,0
2020,2,13,1,2,6,0,0,1,0,0,0,0,0,0,0,0
2019,5,14,1,2,2,0,0,1,0,1,0,0,0,0,0,1
2018,5,16,4,5,3,0,1,1,0,0,0,0,0,0,0,1
2019,10,18,6,5,2,2,0,1,0,0,0,0,1,0,0,0
2021,9,12,6,3,6,0,0,1,0,0,0,0,0,0,1,0
2021,5,12,3,5,3,0,1,1,0,0,0,0,0,1,2,0
2021,6,15,5,2,6,0,1,1,0,0,0,0,0,0,1,0
2020,6,20,6,0,2,0,1,1,0,0,0,0,0,0,1,0
2021,3,21,7,3,6,2,0,1,0,0,0,0,1,0,2,0
2019,2,21,1,6,2,2,0,1,1,0,0,0,0,0,0,1
2019,10,16,5,2,6,2,0,1,0,0,0,0,0,0,0,0
2018,2,9,4,0,7,0,0,1,0,1,0,0,1,0,0,0
2019,6,18,3,2,2,0,1,1,0,0,0,0,0,0,0,0
2019,3,19,6,5,3,2,1,1,0,0,0,0,0,0,0,0
2021,6,7,4,2,6,0,0,1,0,0,1,0,0,0,1,0
2019,7,6,3,5,2,0,0,1,0,1,0,0,0,0,0,0
2020,5,18,7,8,1,0,0,0,0,1,0,0,0,1,1,1
2019,2,21,5,6,2,2,0,1,1,0,0,0,1,0,0,0
2021,4,10,5,5,3,0,1,1,0,0,0,0,0,1,2,0
2021,7,16,3,2,6,0,0,1,0,0,0,0,0,0,1,0