UJAHR,UMONAT,USTUNDE,UWOCHENTAG,UART,UTYP1,ULICHTVERH,IstRad,IstPKW,IstFuss,IstKrad,IstGkfz,IstSonstige,USTRZUSTAND,LOCKDOWN,COVID,UKATEGORIE
2019,8,12,4,5,2,0,1,0,0,0,0,1,0,0,0,0
2019,4,22,1,5,3,2,0,1,0,1,0,0,0,0,0,0
2018,7,8,2,5,2,0,0,1,0,0,0,0,0,0,0,0
2020,10,13,6,2,6,0,0,1,0,0,0,0,0,1,1,0
2020,10,8,5,2,6,0,0,1,0,0,0,0,0,1,1,0
2018,1,23,3,6,4,2,0,1,1,0,0,0,0,0,0,1
2021,6,14,3,6,4,0,0,1,1,0,0,0,0,0,1,0
2021,9,17,3,5,2,0,1,1,0,0,0,0,0,0,1,0
2018,9,19,3,2,2,1,0,1,0,0,0,0,0,0,0,0
2018,9,14,5,2,6,0,0,1,0,0,0,0,0,0,0,0
2021,9,13,4,5,2,0,1,1,0,0,0,0,0,0,1,0
2018,3,22,6,5,2,2,0,1,0,0,0,0,0,0,0,0
2019,10,12,4,4,6,0,0,1,0,0,0,0,0,0,0,1
2019,5,14,7,1,5,0,0,1,0,1,0,0,0,0,0,1
2020,2,14,1,5,3,0,0,1,0,0,0,0,0,0,0,0
2018,7,20,4,5,2,0,0,1,0,1,0,0,0,0,0,1
2018,7,11,3,0,1,0,0,0,0,1,0,0,0,0,0,0
2020,3,11,5,5,2,0,1,1,0,0,0,0,0,1,1,0
2019,6,13,5,2,6,0,1,1,0,0,0,0,0,0,0,1
2020,4,9,3,5,3,0,0,1,0,0,0,0,0,1,2,0
2020,4,19,1,6,7,0,0,0,1,1,0,0,0,1,2,1
2020,11,13,6,0,6,0,0,1,0,0,0,1,0,1,2,0
2018,6,18,4,0,1,0,1,0,0,0,0,0,0,0,0,0
2018,10,20,2,1,5,2,0,1,0,0,0,0,1,0,0,0
2021,3,17,5,2,6,0,0,1,0,0,0,0,0,0,2,0
2018,6,14,3,5,3,0,1,1,0,0,0,0,0,0,0,1
2019,2,10,2,3,6,0,0,1,0,0,1,0,0,0,0,0
2018,12,5,1,6,4,2,1,0,1,0,0,0,1,0,0,0
2019,3,12,3,5,2,0,0,1,0,0,1,0,0,0,0,1
2019,6,20,4,5,3,1,1,1,0,0,0,0,1,0,0,0
2020,1,14,6,2,6,0,0,1,0,1,0,0,0,0,0,0
2020,4,17,5,5,2,0,0,1,0,1,0,0,0,1,2,0
2019,8,20,5,0,1,2,1,0,0,0,0,0,0,0,0,0
2021,12,16,3,5,2,2,1,1,0,0,0,0,0,1,2,0
2019,6,21,5,6,4,1,0,1,1,0,0,0,1,0,0,0
2021,9,13,2,5,2,0,1,1,0,0,0,0,0,0,1,0
2021,5,18,6,5,3,0,1,1,0,0,0,0,0,1,2,0
2018,6,13,2,3,6,0,0,1,0,0,0,0,0,0,0,1
2019,5,10,5,6,2,0,0,1,1,0,0,0,0,0,0,0
2019,10,9,3,2,7,0,0,0,0,0,1,1,1,0,0,0
2021,3,12,7,2,6,0,0,1,0,0,0,0,1,0,2,0
2021,9,18,6,5,3,0,0,1,0,0,0,0,0,0,1,0
2020,9,8,4,5,2,0,1,1,0,0,0,0,0,0,1,0
2021,10,14,6,0,6,0,0,1,0,1,0,0,0,0,1,0
2020,6,19,1,5,2,0,1,1,0,0,0,0,0,0,1,0
2020,5,20,1,5,2,1,1,1,0,0,0,0,0,1,1,0
2020,9,15,2,5,3,0,1,1,0,0,0,0,0,0,1,0
2019,12,22,4,6,4,2,0,0,1,1,0,0,0,0,0,1
2021,9,15,7,3,6,0,0,1,0,1,0,0,0,0,1,0
2020,9,18,3,3,7,0,1,0,0,0,0,0,0,0,1,0
2019,5,13,2,2,6,0,0,1,0,0,0,0,0,0,0,0
2019,11,11,6,2,6,0,0,1,0,0,0,0,0,0,0,0
2019,6,19,4,0,5,0,1,1,0,0,0,0,1,0,0,0
2018,9,13,4,5,3,0,0,1,0,0,0,1,0,0,0,0
2019,5,13,5,5,2,0,0,1,0,0,0,1,0,0,0,0
2018,7,11,3,5,3,0,0,1,0,0,0,0,0,0,0,0
2021,6,13,4,6,7,0,0,0,1,0,0,1,0,0,1,0
2020,5,16,1,5,3,0,0,1,0,0,0,0,0,1,1,0
2021,4,13,5,2,2,0,0,1,0,0,0,0,0,1,2,0
2019,9,11,4,2,7,0,0,1,0,1,0,0,0,0,0,0
2020,5,18,4,5,2,0,0,1,0,0,0,0,0,1,1,0
2019,8,8,2,5,3,0,1,1,0,0,0,0,0,0,0,1
2018,12,14,6,2,4,0,0,1,1,0,0,0,1,0,0,0
2019,9,10,3,6,6,0,1,0,1,0,0,0,0,0,0,0
2019,12,14,7,6,4,0,0,1,1,0,0,0,0,0,0,0
2018,5,13,5,6,7,0,0,1,1,0,0,0,0,0,0,0
2019,3,18,3,5,3,2,1,1,0,0,0,0,1,0,0,0
2021,9,16,7,0,2,0,1,1,0,0,0,0,1,0,1,0
2020,8,8,5,0,1,0,0,0,0,1,0,0,0,0,1,0
2021,6,21,6,5,2,1,0,1,0,0,0,1,0,0,1,1
2018,1,17,3,6,2,0,0,1,1,0,0,0,0,0,0,0
2019,11,14,1,2,6,0,0,1,0,1,0,0,0,0,0,0
2021,12,22,5,5,3,2,0,1,0,0,0,0,1,1,2,0
2019,4,7,4,6,2,0,0,0,1,0,0,1,0,0,0,0
2019,12,13,2,3,6,0,0,1,0,0,1,0,0,0,0,0
2020,5,17,7,5,2,0,1,1,0,0,0,0,0,1,1,1
2020,6,16,3,0,4,0,0,0,1,0,0,1,0,0,1,0
2020,9,18,3,3,6,0,1,0,0,0,0,1,0,0,1,0
2020,8,18,2,2,6,0,0,1,0,0,0,0,0,0,1,0
2018,5,17,1,5,3,0,0,1,0,0,0,0,0,0,0,0
2019,4,20,6,5,3,2,1,1,0,0,0,0,0,0,0,1
2018,7,16,6,5,3,0,0,1,0,1,0,0,0,0,0,0
2018,9,13,6,6,4,0,0,0,1,1,0,0,0,0,0,0
2018,4,20,5,1,5,2,1,1,0,0,0,0,0,0,0,1
2018,4,15,6,4,7,0,0,1,0,0,0,0,0,0,0,1
2020,11,8,6,5,2,0,1,0,0,0,0,0,0,1,2,0
2019,9,16,4,1,5,0,1,1,0,0,0,0,0,0,0,0
2019,1,11,5,6,4,0,0,0,1,0,0,1,0,0,0,1
2020,9,13,2,5,2,0,1,1,0,0,0,0,0,0,1,0
2018,10,20,4,2,6,2,0,1,0,0,0,0,0,0,0,1
2018,3,16,2,5,3,0,1,1,0,0,0,0,0,0,0,0
2020,9,23,7,1,5,2,0,1,0,0,0,0,0,0,1,1
2018,8,23,4,5,3,2,1,1,0,0,0,0,0,0,0,1
2019,3,8,5,5,3,0,1,1,0,0,0,0,1,0,0,1
2020,7,12,3,0,6,0,0,1,0,0,0,1,0,0,1,0
2018,10,15,6,5,3,0,1,1,0,0,0,0,0,0,0,0
2021,7,17,5,3,6,0,1,0,0,0,0,0,0,0,1,0
2021,10,17,6,5,2,0,1,0,0,0,0,1,0,0,1,0
2021,4,8,5,1,5,0,1,1,0,0,0,0,1,1,2,0
2018,6,17,5,5,3,0,1,1,0,0,0,0,0,0,0,0
2021,11,14,3,3,6,0,1,0,0,0,1,0,1,0,2,1
2020,10,12,6,2,6,0,0,1,0,0,0,0,1,1,1,0
2018,8,18,5,6,4,0,0,1,1,0,0,0,0,0,0,1
2020,9,11,5,0,6,0,1,1,0,0,0,0,0,0,1,0
2018,8,7,6,5,2,0,1,1,0,0,0,0,0,0,0,0
2018,8,16,4,5,2,0,0,1,0,1,0,0,0,0,0,0
2020,5,12,5,2,6,0,0,1,0,0,0,0,0,1,1,0
2019,8,12,2,5,3,0,1,1,0,0,0,0,0,0,0,0
2019,6,9,2,5,3,0,0,1,0,1,0,0,0,0,0,0
2018,9,5,1,5,3,2,0,1,0,0,0,0,0,0,0,0
2019,10,19,6,5,3,2,0,1,0,0,0,1,1,0,0,1
2018,6,7,4,7,7,0,1,0,0,0,0,0,0,0,0,0
2021,6,20,2,5,2,0,1,1,0,0,0,0,0,0,1,0
2018,6,8,4,5,3,0,1,1,0,0,0,0,0,0,0,0
2018,5,9,6,2,6,0,0,1,0,0,0,0,0,0,0,0
2019,9,20,4,3,6,2,0,1,0,0,0,0,0,0,0,0
2019,3,12,5,9,1,0,0,1,0,0,0,0,1,0,0,1
2021,7,11,4,6,4,0,0,1,1,0,0,0,1,0,1,0
2019,9,6,5,5,3,1,0,1,0,0,0,0,1,0,0,0
2018,5,12,5,5,2,0,1,0,0,0,0,1,0,0,0,0
2020,6,12,5,5,2,0,1,1,0,0,0,0,0,0,1,0
2018,3,8,4,2,2,0,1,1,0,0,0,0,1,0,0,0
2018,7,7,2,6,4,0,0,1,1,0,0,0,0,0,0,0
2020,9,11,7,5,2,0,0,1,0,1,0,0,1,0,1,0
2018,4,16,7,2,2,0,0,1,0,0,0,0,0,0,0,0
2019,12,10,7,3,6,0,0,1,0,0,0,0,1,0,0,0
2021,9,14,5,2,6,0,0,1,0,1,0,0,0,0,1,0
2019,11,23,6,0,7,2,1,0,0,0,0,0,0,0,0,0
2019,3,11,1,2,7,0,1,1,0,0,0,0,0,0,0,0
2021,8,15,5,5,3,0,1,1,0,0,0,0,0,0,1,1
2018,12,7,6,5,2,0,1,1,0,0,0,0,1,0,0,0
2020,11,14,5,5,2,0,0,1,0,1,0,0,0,1,2,0
2021,6,18,6,0,6,0,0,0,0,1,0,1,0,0,1,0
2019,9,19,2,5,3,2,0,1,0,0,0,0,1,0,0,0
2019,4,5,5,2,7,0,0,0,0,1,0,1,0,0,0,0
2018,11,20,7,5,3,2,1,1,0,0,0,0,0,0,0,0
2020,6,17,5,0,2,0,1,1,0,0,0,0,0,0,1,0
2018,8,2,5,5,3,2,0,1,0,0,0,0,0,0,0,1
2019,12,19,1,2,6,2,0,1,0,0,0,0,0,0,0,0
2021,9,19,2,0,1,0,1,0,0,0,0,0,0,0,1,0
2019,7,17,3,5,7,0,0,1,0,1,0,0,0,0,0,1
2021,10,20,7,6,2,2,0,1,1,0,0,0,0,0,1,0
2019,10,6,4,2,6,2,0,1,0,0,0,1,1,0,0,0
2021,5,19,4,0,7,0,0,0,0,1,0,0,1,1,2,0
2018,11,10,6,5,3,0,0,1,0,0,0,0,0,0,0,0
2021,2,15,3,5,2,0,0,1,0,0,0,0,1,1,2,0
2018,5,15,3,5,2,0,1,1,0,0,0,0,0,0,0,1
2020,1,13,6,5,2,0,0,1,0,1,0,0,0,0,0,1
2018,4,6,3,6,2,0,0,1,1,0,0,0,0,0,0,0
2021,4,18,6,5,3,0,0,1,0,0,0,0,0,1,2,0
2020,1,22,5,5,2,2,0,1,0,0,0,0,0,0,0,0
2019,3,18,2,5,3,1,1,0,0,0,0,1,1,0,0,0
2018,9,15,7,5,3,0,1,0,0,1,0,0,0,0,0,0
2019,11,14,7,5,3,0,0,1,0,0,0,0,1,0,0,0
2019,6,12,1,2,6,0,0,1,0,0,0,0,0,0,0,0
2018,5,17,2,5,3,0,0,1,0,1,0,0,0,0,0,0
2019,8,18,1,5,3,0,1,1,0,0,0,0,1,0,0,0
2020,4,13,5,2,6,0,0,1,0,1,0,0,0,1,2,1
2021,5,13,7,5,3,0,0,1,0,0,0,0,1,1,2,0
2019,12,14,5,1,5,0,1,1,0,0,0,0,0,0,0,0
2021,5,14,6,5,2,0,1,1,0,0,0,0,0,1,2,0
2019,10,15,7,2,6,0,0,1,0,0,0,0,0,0,0,0
2019,7,15,4,0,1,0,1,0,0,0,0,0,0,0,0,1
2019,9,10,4,0,5,0,0,1,0,1,0,0,0,0,0,0
2021,12,17,5,5,2,2,0,1,0,1,0,0,1,1,2,0
2020,6,17,7,5,3,0,1,1,0,0,0,0,0,0,1,0
2021,5,11,3,1,5,0,1,0,0,0,1,0,0,1,2,0
2020,2,11,4,8,1,0,0,0,0,1,0,0,1,0,0,1
2019,6,19,7,2,2,0,0,1,0,0,0,1,0,0,0,0
2018,12,13,4,2,6,0,0,1,0,0,0,0,0,0,0,1
2020,7,9,6,0,4,0,0,0,1,0,0,1,0,0,1,0
2019,5,11,5,6,2,0,0,1,1,0,0,0,0,0,0,0
2021,10,13,1,5,3,0,0,1,0,1,0,0,0,0,1,0
2019,1,18,4,5,3,2,0,1,0,0,0,0,1,0,0,0
2019,8,14,4,5,2,0,1,0,0,0,0,0,1,0,0,0
2020,4,16,4,0,6,0,1,0,0,0,0,0,0,1,2,0
2020,6,17,7,3,2,1,1,1,0,0,0,0,1,0,1,0
2018,10,8,3,5,3,0,0,1,0,1,0,0,0,0,0,0
2021,6,9,6,4,6,0,1,0,0,0,0,0,0,0,1,0
2018,11,10,4,6,4,0,0,1,1,0,0,0,0,0,0,1
2021,6,23,7,6,7,2,0,1,1,0,0,0,0,0,1,0
2021,5,21,2,1,5,2,0,1,0,0,0,0,0,1,2,0
2021,4,11,7,5,3,0,0,1,0,0,0,0,0,1,2,0
2021,2,18,2,2,6,2,0,1,0,0,0,0,2,1,2,0
2020,11,7,4,5,3,0,1,1,0,0,0,0,0,1,2,0
2021,3,17,5,5,2,2,0,1,0,0,0,1,1,0,2,0
2021,4,13,4,5,3,0,0,1,0,0,0,0,0,1,2,1
2020,11,14,3,1,5,0,1,0,0,0,0,1,0,1,2,0
2018,8,15,6,2,6,0,0,1,0,0,0,0,0,0,0,0
2021,11,6,4,2,6,1,0,1,0,0,0,0,1,0,2,0
2019,12,9,3,5,3,0,0,1,0,0,0,0,1,0,0,0
2019,1,15,6,5,3,0,1,1,0,0,0,0,1,0,0,0
2018,8,16,7,6,2,0,0,1,1,0,0,0,0,0,0,0
2019,9,6,2,6,4,2,0,1,1,0,0,0,1,0,0,0
2019,1,7,2,0,5,1,0,1,0,0,0,0,0,0,0,0
2019,4,8,2,5,2,0,1,1,0,0,0,0,1,0,0,0
2021,6,9,5,0,1,0,1,0,0,0,0,0,0,0,1,0
2018,7,12,2,1,5,0,1,1,0,0,0,0,0,0,0,0
2021,6,14,6,5,2,0,1,1,0,0,0,0,0,0,1,0
2021,6,14,4,6,7,0,0,1,1,0,0,0,0,0,1,0
2018,9,12,4,0,5,0,1,0,0,0,0,1,0,0,0,0
2020,7,17,3,5,2,0,1,1,0,0,0,0,0,0,1,0
2019,12,15,1,3,6,0,0,1,0,0,0,0,1,0,0,0
2021,5,16,7,5,3,0,0,1,0,0,0,0,0,1,2,0
2021,11,9,5,5,2,0,0,1,0,0,0,0,1,0,2,0
2021,9,17,6,2,6,0,0,1,0,0,0,0,0,0,1,0
2018,2,14,4,2,7,0,0,1,0,0,0,0,0,0,0,0
2020,6,13,6,5,2,0,1,0,0,0,0,1,0,0,1,1
2021,6,18,4,2,6,0,0,1,0,0,0,0,1,0,1,0
2019,7,17,5,5,2,0,1,1,0,0,0,0,0,0,0,0
2020,6,1,7,0,1,2,1,0,0,0,0,0,1,0,1,0
2018,7,14,3,5,2,0,0,1,0,0,0,0,0,0,0,1
2020,9,14,5,5,2,0,1,1,0,0,0,0,0,0,1,0
2020,8,19,2,5,2,0,1,1,0,0,0,0,0,0,1,0
2021,4,22,5,1,5,2,0,1,0,0,1,0,0,1,2,0
2018,4,10,3,5,2,0,0,1,0,1,0,0,0,0,0,1
2019,11,17,5,2,6,2,0,1,0,0,0,0,0,0,0,0
2021,12,23,1,5,3,2,0,1,0,0,0,1,1,1,2,0
2021,10,11,7,6,4,0,1,0,1,0,0,0,0,0,1,0
2018,11,10,7,5,7,0,0,1,0,1,0,0,0,0,0,0
2020,2,18,6,5,2,2,1,1,0,0,0,0,0,0,0,0
2021,9,19,4,5,2,2,1,1,0,0,0,0,0,0,1,0
2019,6,16,4,5,3,0,0,1,0,0,0,1,0,0,0,0
2019,5,8,7,5,2,0,1,1,0,0,0,0,0,0,0,0
2019,4,15,5,2,6,0,0,1,0,0,0,0,0,0,0,0
2018,10,8,5,1,5,0,1,1,0,0,0,0,0,0,0,0
2020,6,18,3,5,2,0,0,1,0,1,0,0,0,0,1,0
2020,11,17,5,5,3,2,0,1,0,0,0,1,1,1,2,0
2021,12,18,3,2,6,2,0,1,0,0,0,0,0,1,2,0
2020,12,16,5,6,2,0,0,1,1,0,0,0,0,1,2,0
2021,9,12,3,0,1,0,1,0,0,0,0,0,1,0,1,1
2021,9,20,3,5,2,2,0,1,0,0,0,0,0,0,1,1
2018,4,11,4,2,6,0,0,0,0,0,1,1,1,0,0,1
2019,4,17,4,5,3,0,0,1,0,1,0,0,0,0,0,0
2019,9,21,1,1,5,2,0,1,0,0,0,0,0,0,0,0
2019,4,15,5,3,6,0,0,1,0,1,0,0,0,0,0,0
2018,2,9,1,5,3,0,1,1,0,0,0,0,0,0,0,1
2018,11,12,1,2,6,0,0,1,0,0,0,0,0,0,0,0
2018,5,17,6,3,6,0,1,1,0,0,0,0,0,0,0,0
2020,6,8,4,5,3,0,1,1,0,0,0,0,0,0,1,0
2018,12,7,3,5,2,2,1,1,0,0,0,0,1,0,0,0
2021,11,23,3,5,3,2,1,1,0,0,0,0,1,0,2,0
2018,2,14,4,5,7,0,0,1,0,0,0,0,0,0,0,0
2021,9,8,4,3,6,0,0,1,0,0,0,0,1,0,1,0
2021,6,8,4,5,2,0,1,1,0,0,0,0,0,0,1,0
2018,11,0,5,9,1,2,0,1,0,0,0,0,0,0,0,0
2018,10,9,4,0,7,0,0,1,0,1,0,0,0,0,0,0
2019,12,10,6,0,1,0,0,0,0,1,0,0,2,0,0,0
2018,5,13,4,2,6,0,0,1,0,0,0,0,0,0,0,0
2018,1,20,3,2,2,2,0,1,0,0,0,0,1,0,0,0
2021,9,15,3,6,4,0,0,1,1,0,0,0,0,0,1,0
2019,10,5,3,2,6,2,0,1,0,0,0,0,0,0,0,0
2020,10,16,5,3,2,0,0,1,0,0,1,0,1,1,1,0
2020,6,9,5,2,6,0,0,1,0,0,0,1,1,0,1,0
2018,8,1,4,0,1,2,1,0,0,0,0,0,0,0,0,1
2018,12,8,3,2,6,1,0,1,0,0,0,0,1,0,0,0
2019,8,18,3,1,5,0,1,1,0,0,0,1,0,0,0,0
2020,6,14,4,5,3,0,0,1,0,0,0,0,0,0,1,0
2020,3,11,4,5,3,0,1,1,0,0,0,0,0,1,1,1
2021,4,5,5,5,3,2,1,1,0,0,0,0,1,1,2,0
2020,12,16,2,5,2,2,1,1,0,0,0,0,1,1,2,0
2019,8,17,1,5,3,0,0,1,0,1,0,0,0,0,0,0
2018,8,16,3,3,6,0,1,1,0,0,0,0,0,0,0,0
2018,12,19,7,1,7,2,0,1,0,0,0,0,1,0,0,1
2018,3,9,1,1,1,0,0,1,0,0,0,0,1,0,0,0
2020,4,18,4,0,5,0,1,1,0,0,0,0,0,1,2,0
2018,8,18,5,5,7,0,0,1,0,1,0,0,0,0,0,1
2020,10,15,1,5,2,0,0,1,0,1,0,0,0,1,1,0
2019,7,15,6,5,2,0,1,1,0,0,0,0,1,0,0,0
2021,12,14,6,2,6,0,0,1,0,0,0,1,0,1,2,0
2018,3,11,3,5,2,0,0,1,0,0,0,0,0,0,0,0
2021,8,9,2,5,3,0,0,1,0,0,0,1,0,0,1,0
2018,5,16,4,5,2,0,0,1,0,0,0,0,0,0,0,0
2020,8,15,4,2,2,0,0,1,0,0,0,0,0,0,1,0
2019,4,12,3,2,6,0,0,1,0,0,0,0,0,0,0,0
2018,7,8,2,5,2,0,1,1,0,0,0,0,0,0,0,0
2021,8,9,2,3,6,0,0,1,0,1,0,0,0,0,1,0
2021,8,18,3,3,6,0,0,1,0,1,0,0,0,0,1,0
2019,11,17,1,0,1,2,0,0,0,0,0,1,0,0,0,0
2018,6,16,6,0,7,0,0,0,0,1,0,0,0,0,0,0
2021,8,10,7,2,6,0,0,1,0,0,0,0,0,0,1,0
2020,11,0,4,5,2,2,0,1,0,0,0,0,0,1,2,0
2018,3,15,4,2,6,0,0,1,0,0,0,0,1,0,0,0
2019,10,17,3,6,7,0,0,1,1,0,0,0,1,0,0,0
2018,9,23,6,2,6,2,0,1,0,0,0,0,1,0,0,0
2019,10,13,7,2,2,0,0,1,0,0,0,0,0,0,0,0
2019,4,23,6,1,5,2,0,1,0,0,0,0,0,0,0,0
2021,7,9,2,2,6,0,0,0,0,1,0,1,1,0,1,0
2019,5,19,7,5,3,0,0,1,0,0,0,0,0,0,0,0
2018,5,10,3,4,2,0,0,1,0,0,1,0,0,0,0,0
2021,7,18,6,1,5,0,1,1,0,0,0,0,0,0,1,0
2019,9,16,3,2,6,0,0,1,0,0,0,0,1,0,0,1
2018,7,16,4,5,3,0,0,1,0,0,0,0,1,0,0,0
2018,8,19,3,5,2,0,1,1,0,0,0,0,0,0,0,0
2018,10,10,4,5,2,0,0,1,0,0,0,1,0,0,0,1
2020,3,8,4,5,3,0,1,1,0,0,0,0,0,1,1,0
2020,10,18,7,5,2,2,1,1,0,0,0,0,0,1,1,0
2018,5,15,6,5,3,0,1,1,0,0,0,0,0,0,0,0
2020,12,17,4,0,7,2,1,0,0,0,0,0,1,1,2,0
2021,8,10,1,2,6,0,0,1,0,0,0,0,0,0,1,0
2020,8,16,5,5,2,0,0,1,0,0,0,0,0,0,1,0
2018,5,9,7,5,3,0,1,1,0,0,0,0,0,0,0,0
2019,4,15,2,2,4,0,1,1,1,0,0,0,0,0,0,0
2019,3,20,1,6,2,2,0,1,1,0,0,0,1,0,0,0
2019,4,16,2,6,4,0,0,1,1,0,0,0,0,0,0,0
2020,7,15,4,5,2,0,0,1,0,0,0,0,0,0,1,0
2018,2,14,6,5,2,0,0,1,0,0,0,0,0,0,0,0
2018,4,11,6,2,6,0,0,1,0,0,0,0,0,0,0,0
2019,6,19,1,2,6,0,0,1,0,0,0,0,0,0,0,1
2019,6,10,1,5,3,0,1,1,0,0,0,0,0,0,0,0
2018,5,12,7,0,2,0,1,1,0,0,0,0,0,0,0,0
2020,8,17,7,2,6,0,0,1,0,1,0,0,0,0,1,0
2020,8,10,3,0,7,0,0,1,0,0,0,0,0,0,1,0
2020,2,11,6,6,4,0,0,1,1,0,0,0,0,0,0,1
2019,2,15,6,6,2,0,0,1,1,0,0,0,0,0,0,0
2021,5,18,2,2,6,0,0,1,0,0,0,0,0,1,2,0
2021,8,14,3,6,4,0,0,1,1,0,0,0,0,0,1,0
2019,6,9,1,5,2,0,1,1,0,0,0,0,0,0,0,0
2018,6,10,6,5,3,0,1,1,0,0,0,0,0,0,0,0
2020,8,16,2,5,2,0,0,1,0,1,0,0,0,0,1,0
2018,4,14,2,5,2,0,1,0,0,1,0,0,0,0,0,0
2020,1,13,5,1,5,0,1,1,0,0,0,0,0,0,0,0
2018,8,10,1,5,3,0,1,0,0,1,0,0,0,0,0,0
2019,6,14,7,5,2,0,0,1,0,1,0,0,0,0,0,0
2018,9,9,3,5,3,0,1,1,0,0,0,0,0,0,0,0
2020,2,13,1,2,6,0,0,1,0,0,0,0,1,0,0,0
2020,10,6,4,5,2,1,1,1,0,0,0,0,0,1,1,1
2019,7,13,2,5,2,0,0,1,0,1,0,0,0,0,0,0
2018,2,22,4,6,4,2,0,1,1,0,0,0,0,0,0,1
2018,4,16,5,5,3,0,1,1,0,0,0,0,0,0,0,1
2021,8,20,3,5,2,1,0,1,0,0,0,0,0,0,1,1
2018,12,17,2,6,4,2,0,1,1,0,0,0,1,0,0,1
2021,8,18,5,2,6,0,0,1,0,1,0,0,0,0,1,0
2020,8,16,1,5,3,0,1,1,0,0,0,0,0,0,1,0
2020,2,0,4,5,3,2,0,1,0,0,0,1,0,0,0,0
2019,6,15,2,2,6,0,0,1,0,0,0,1,0,0,0,0
2021,6,10,3,1,5,0,1,1,0,0,0,0,0,0,1,0
2021,7,18,7,2,6,0,0,1,0,1,0,0,0,0,1,1
2019,8,13,7,5,2,0,1,1,0,0,0,0,0,0,0,0
2018,11,3,1,2,6,2,0,1,0,0,0,0,0,0,0,0
2018,5,20,2,5,3,1,0,1,0,0,0,0,0,0,0,0
2021,6,14,2,2,7,0,0,1,0,1,0,0,0,0,1,0
2018,3,23,3,6,4,2,0,1,1,0,0,0,1,0,0,1
2018,3,18,2,5,3,0,1,1,0,0,0,0,0,0,0,0
2019,9,14,3,5,3,0,1,1,0,0,0,0,0,0,0,0
2018,11,22,1,5,2,2,0,1,0,0,0,1,1,0,0,0
2019,12,15,5,5,3,0,1,1,0,0,0,0,1,0,0,0
2021,7,10,4,1,5,0,0,1,0,0,0,1,0,0,1,0
2020,8,22,1,0,1,2,1,0,0,0,0,0,1,0,1,1
2020,9,8,3,5,2,0,1,1,0,0,0,0,0,0,1,0
2021,8,13,7,2,6,0,0,1,0,0,0,0,0,0,1,0
2018,6,16,3,0,1,0,1,0,0,0,0,0,0,0,0,0
2021,4,20,4,4,6,1,1,0,0,0,0,1,0,1,2,0
2021,6,12,4,0,1,0,1,0,0,0,0,0,0,0,1,0
2020,3,5,5,2,6,1,0,1,0,0,0,0,0,1,1,0
2021,9,16,5,5,3,0,1,1,0,0,0,0,0,0,1,0
2020,8,15,4,5,3,0,1,0,0,0,0,0,1,0,1,0
2020,4,20,4,5,3,2,0,1,0,0,0,1,0,1,2,0
2020,8,16,6,5,2,0,1,1,0,0,0,0,0,0,1,0
2019,1,16,7,5,2,1,0,1,0,0,0,0,0,0,0,1
2018,5,13,3,6,4,0,0,1,1,0,0,0,0,0,0,1
2020,7,9,3,5,2,0,1,0,0,0,0,0,0,0,1,0
2019,12,20,2,0,7,2,1,1,0,0,0,0,1,0,0,0
2018,5,9,6,1,5,0,1,1,0,0,0,0,0,0,0,0
2018,7,13,4,5,2,0,1,1,0,0,0,0,0,0,0,0
2020,11,10,3,5,7,0,0,1,0,0,0,0,0,1,2,0
2018,6,14,6,5,3,0,1,1,0,0,0,0,0,0,0,0
2020,8,12,4,5,3,0,0,1,0,1,0,0,0,0,1,1
2020,6,13,6,1,5,0,1,1,0,0,0,0,0,0,1,0
2018,9,20,5,6,7,2,1,0,1,0,0,0,0,0,0,0
2019,5,16,1,3,6,0,1,1,0,0,0,0,0,0,0,0
2021,8,16,4,6,2,0,0,1,1,0,0,0,0,0,1,0
2021,6,8,3,1,5,0,1,0,0,0,1,0,0,0,1,0
2019,6,15,4,1,5,0,1,0,0,0,0,1,0,0,0,0
2018,10,20,7,5,2,2,1,1,0,0,0,0,0,0,0,0
2021,8,7,6,5,3,0,1,1,0,0,0,0,1,0,1,0
2019,6,15,5,5,2,0,0,1,0,0,0,0,1,0,0,0
2019,7,23,4,2,6,2,0,1,0,0,0,1,0,0,0,1
2018,12,5,6,2,6,2,0,1,0,1,0,0,1,0,0,0
2019,8,8,5,2,6,0,0,1,0,0,0,0,0,0,0,0
2020,10,11,4,6,2,0,0,1,1,0,0,0,1,1,1,0
2018,3,19,4,8,1,2,0,0,0,0,0,1,1,0,0,0
2020,11,15,1,3,6,0,0,1,0,0,0,0,0,1,2,0
2021,6,18,6,6,2,0,0,1,1,0,0,0,0,0,1,1
2020,11,10,2,0,3,0,1,1,0,0,0,0,1,1,2,0
2020,10,19,1,3,6,2,0,1,0,1,0,0,1,1,1,0
2020,1,8,4,5,3,0,1,1,0,0,0,0,0,0,0,0
2018,5,22,5,2,2,2,1,1,0,0,0,0,0,0,0,0
2021,9,10,2,5,2,0,1,1,0,0,0,0,0,0,1,0
2020,7,14,5,5,3,0,0,1,0,0,0,0,1,0,1,0
2018,5,18,3,5,3,0,0,1,0,0,0,0,1,0,0,0
2020,3,12,4,3,6,0,0,1,0,0,1,0,0,1,1,0
2020,7,10,2,1,5,0,0,1,0,0,0,0,0,0,1,0