UJAHR,UMONAT,USTUNDE,UWOCHENTAG,UART,UTYP1,ULICHTVERH,IstRad,IstPKW,IstFuss,IstKrad,IstGkfz,IstSonstige,USTRZUSTAND,LOCKDOWN,COVID,UKATEGORIE
2021,9,7,3,1,5,0,1,1,0,0,0,0,0,0,1,0
2021,2,11,5,3,6,0,0,1,0,0,0,0,2,1,2,0
2021,6,22,2,1,7,2,0,1,0,0,0,0,0,0,1,0
2019,2,16,2,5,7,0,0,1,0,0,0,0,0,0,0,0
2020,11,14,1,2,7,0,0,1,0,0,0,1,0,1,2,0
2020,1,17,6,6,2,2,0,1,1,0,0,0,1,0,0,1
2021,8,16,4,6,2,0,0,1,1,0,0,0,0,0,1,0
2019,5,11,5,5,3,0,0,1,0,0,0,0,1,0,0,0
2018,8,7,5,0,3,0,1,1,0,0,0,0,0,0,0,0
2020,11,22,3,5,3,2,1,1,0,0,0,0,0,1,2,0
2018,5,19,7,2,6,0,0,1,0,0,0,0,0,0,0,0
2020,8,16,7,0,1,0,1,0,0,0,0,0,0,0,1,1
2019,5,9,4,5,3,0,0,1,0,0,0,0,0,0,0,0
2020,1,20,2,6,2,2,0,1,1,0,0,0,0,0,0,0
2021,5,13,7,5,2,0,1,1,0,0,0,0,0,1,2,0
2019,2,17,3,3,6,2,1,1,0,0,0,0,0,0,0,0
2020,4,7,3,5,3,0,1,1,0,0,0,0,0,1,2,0
2018,6,7,7,5,2,0,1,1,0,0,0,0,0,0,0,0
2018,8,13,3,5,2,0,1,0,0,0,0,1,0,0,0,1
2020,2,19,3,6,7,2,1,0,1,0,0,0,0,0,0,1
2020,6,20,3,8,1,0,0,1,0,0,0,0,0,0,1,0
2019,8,15,4,5,2,0,1,0,0,0,0,1,1,0,0,0
2020,1,7,3,6,2,2,0,1,1,0,0,0,1,0,0,0
2021,7,9,3,2,6,0,1,1,0,0,0,0,0,0,1,0
2018,7,14,2,2,6,0,0,1,0,0,0,0,0,0,0,0
2019,2,9,6,1,5,0,0,1,0,1,0,0,0,0,0,0
2021,9,17,7,6,4,0,0,1,1,0,0,0,0,0,1,1
2018,2,14,1,0,7,0,0,1,0,0,0,0,0,0,0,1
2021,10,12,7,2,6,0,0,1,0,0,0,1,0,0,1,0
2019,12,12,6,0,1,0,0,0,0,1,0,0,1,0,0,0
2019,12,19,2,2,2,2,0,1,0,0,0,0,0,0,0,0
2021,7,20,7,5,2,1,0,1,0,0,0,1,0,0,1,0
2018,5,16,2,5,2,0,0,1,0,1,0,0,0,0,0,0
2018,6,9,7,5,3,0,0,1,0,0,0,0,0,0,0,0
2018,5,13,4,2,2,0,0,1,0,0,0,0,0,0,0,0
2021,7,12,2,5,3,0,0,1,0,0,0,1,0,0,1,0
2018,7,11,6,2,6,0,0,1,0,0,1,0,0,0,0,0
2021,8,15,2,5,2,0,1,1,0,0,0,0,0,0,1,0
2019,7,17,4,2,6,0,1,1,0,0,0,0,0,0,0,0
2021,9,13,4,3,6,0,0,1,0,1,0,0,0,0,1,1
2019,12,18,6,6,4,2,1,0,1,0,0,0,1,0,0,1
2020,9,18,6,0,2,0,0,1,0,1,0,0,0,0,1,0
2018,5,7,5,5,3,0,1,1,0,0,0,0,0,0,0,0
2021,11,19,2,5,3,2,1,1,0,0,0,0,0,0,2,0
2018,11,22,2,1,5,2,1,1,0,0,0,0,0,0,0,0
2020,2,21,6,2,6,2,0,1,0,0,0,0,0,0,0,0
2020,4,8,3,0,7,0,0,1,0,0,0,1,0,1,2,0
2019,3,12,2,5,7,0,0,1,0,1,0,0,1,0,0,0
2019,1,19,5,1,5,2,1,1,0,0,0,0,0,0,0,0
2021,8,10,5,5,3,0,1,1,0,0,0,0,0,0,1,0
2019,2,21,5,5,3,2,0,1,0,0,0,0,0,0,0,0
2018,6,6,6,5,3,0,0,1,0,0,0,1,0,0,0,0
2018,12,13,7,2,2,0,1,1,0,0,0,0,0,0,0,0
2021,10,15,5,5,2,0,0,1,0,0,0,0,1,0,1,0
2020,7,12,6,5,3,0,0,1,0,1,0,0,0,0,1,0
2020,1,13,7,1,5,0,1,0,0,0,0,1,0,0,0,0
2021,9,19,1,6,7,2,0,0,1,0,0,1,0,0,1,0
2019,2,14,3,5,3,0,1,1,0,0,0,0,0,0,0,0
2020,10,12,5,5,3,0,0,1,0,0,0,0,0,1,1,0
2019,9,8,5,5,3,0,1,0,0,0,0,1,0,0,0,1
2018,8,17,2,5,2,0,0,1,0,0,0,1,0,0,0,0
2019,12,10,3,0,7,1,1,0,0,0,0,0,0,0,0,1
2019,10,13,5,5,3,0,1,1,0,0,0,0,0,0,0,0
2019,5,9,3,5,2,0,1,1,0,0,0,0,0,0,0,0
2020,1,14,5,2,6,0,0,1,0,0,0,0,0,0,0,0
2021,9,11,6,5,3,0,0,1,0,0,0,0,0,0,1,0
2018,5,20,4,0,1,1,1,0,0,0,0,0,1,0,0,0
2018,7,12,4,2,6,0,0,1,0,0,0,0,0,0,0,0
2020,5,17,6,5,3,0,1,1,0,1,0,0,0,1,1,0
2020,9,20,3,1,5,2,0,1,0,1,0,0,0,0,1,0
2021,7,13,6,6,7,0,0,1,1,0,0,0,1,0,1,0
2020,5,0,5,5,2,2,1,1,0,0,0,0,0,1,1,0
2021,6,7,3,5,3,0,1,1,0,0,0,0,0,0,1,0
2018,11,15,4,2,6,0,0,1,0,0,0,0,0,0,0,0
2018,11,19,6,5,3,2,1,1,0,0,0,0,0,0,0,0
2019,11,7,2,2,6,0,0,1,0,0,0,0,1,0,0,0
2021,6,7,6,5,3,0,1,1,0,0,0,0,0,0,1,0
2018,4,13,2,5,3,0,1,1,0,0,0,0,0,0,0,0
2021,12,13,2,5,3,0,1,0,0,0,0,1,1,1,2,0
2018,12,7,2,6,4,1,0,1,1,0,0,0,1,0,0,0
2019,3,7,2,6,4,0,0,1,1,0,0,0,0,0,0,1
2020,10,8,4,5,2,0,1,1,0,0,0,0,1,1,1,0
2019,8,11,7,5,5,0,0,1,0,1,0,0,0,0,0,0
2020,10,16,3,0,6,0,0,1,0,1,0,0,0,1,1,0
2021,9,7,7,0,1,0,1,0,0,0,0,0,0,0,1,0
2020,6,22,2,0,2,1,0,1,0,1,0,0,0,0,1,0
2018,11,16,5,3,7,2,1,1,0,0,0,0,0,0,0,0
2020,10,14,6,0,1,0,1,0,0,0,0,0,1,1,1,0
2020,7,7,2,5,2,0,0,1,0,0,0,1,0,0,1,0
2018,9,15,1,3,6,0,1,0,0,1,0,0,0,0,0,0
2019,1,17,3,5,3,2,1,1,0,0,0,0,1,0,0,0
2018,9,9,6,0,6,0,0,1,0,0,1,0,0,0,0,0
2019,12,4,3,8,1,2,0,0,0,0,0,1,1,0,0,0
2021,12,20,4,2,6,2,0,1,0,0,0,0,1,1,2,0
2018,6,10,6,2,7,0,1,1,0,0,0,0,0,0,0,0
2018,10,11,7,2,6,0,0,1,0,0,0,0,0,0,0,0
2018,5,15,1,0,2,0,1,1,0,0,0,0,0,0,0,0
2019,9,11,2,2,2,0,0,1,0,0,0,0,0,0,0,0
2019,2,7,3,5,3,1,1,1,0,0,0,0,0,0,0,0
2019,7,9,5,5,3,0,1,1,0,0,0,0,0,0,0,1
2021,8,17,2,5,3,0,1,1,0,0,0,0,0,0,1,0
2018,5,10,2,5,7,0,0,1,0,0,0,1,0,0,0,1
2020,6,8,4,2,6,0,0,1,0,0,0,0,0,0,1,0
2018,5,13,6,5,2,0,0,1,0,0,0,0,0,0,0,0
2020,9,14,6,5,3,0,1,0,0,1,0,0,0,0,1,0
2019,1,7,4,6,4,1,0,1,1,0,0,0,1,0,0,0
2020,7,9,4,5,3,0,1,1,0,0,0,0,0,0,1,0
2018,2,5,4,0,7,2,0,1,0,0,1,0,0,0,0,0
2020,12,7,4,6,2,1,0,1,1,0,0,0,0,1,2,0
2018,9,13,1,3,6,0,0,1,0,1,0,0,0,0,0,0
2020,5,14,6,0,1,0,0,0,0,1,0,0,0,1,1,0
2018,3,19,5,5,3,2,0,1,0,0,0,0,0,0,0,1
2018,5,6,6,5,3,0,1,1,0,0,0,0,0,0,0,0
2021,6,19,3,3,6,0,0,1,0,1,0,0,0,0,1,0
2019,9,17,4,2,6,0,0,1,0,0,0,0,0,0,0,0
2018,12,16,5,2,6,2,0,1,0,0,0,0,1,0,0,1
2018,6,18,5,2,6,0,0,1,0,1,0,0,0,0,0,0
2021,2,19,4,6,2,2,0,1,1,0,0,0,1,1,2,0
2018,12,19,7,2,6,2,0,1,0,0,0,0,1,0,0,0
2018,12,14,6,8,1,0,0,0,0,0,0,1,1,0,0,1
2021,4,13,4,5,3,0,0,1,0,0,0,0,0,1,2,0
2018,12,12,3,0,4,0,0,0,1,1,0,0,1,0,0,0
2021,4,15,3,2,6,0,1,1,0,0,0,0,0,1,2,0
2020,11,17,1,5,7,2,0,1,0,0,0,0,0,1,2,0
2018,3,14,6,2,6,0,0,1,0,0,0,0,1,0,0,0
2018,4,13,5,0,7,0,0,1,0,0,0,0,0,0,0,1
2020,5,20,7,5,2,1,1,1,0,0,0,0,0,1,1,0
2018,11,15,4,2,6,0,0,1,0,1,0,0,0,0,0,0
2020,12,17,3,6,2,2,0,1,1,0,0,0,1,1,2,0
2018,8,23,5,5,2,2,0,1,0,1,0,0,1,0,0,0
2019,1,18,2,6,4,2,0,1,1,0,0,0,1,0,0,1
2021,7,18,5,2,6,0,0,1,0,0,0,0,1,0,1,0
2018,2,13,6,2,6,0,0,1,0,0,0,0,0,0,0,0
2018,11,12,2,0,7,0,0,1,0,0,0,0,1,0,0,0
2021,10,3,1,0,1,2,0,0,0,0,0,1,1,0,1,0
2018,7,18,4,5,2,0,1,1,0,0,0,0,0,0,0,0
2021,8,11,5,2,6,0,0,1,0,1,0,0,0,0,1,0
2018,5,13,1,3,6,0,0,1,0,1,0,0,0,0,0,0
2019,6,13,6,0,7,0,0,0,0,1,0,0,1,0,0,0
2020,2,18,3,6,2,2,0,0,1,0,1,0,1,0,0,0
2018,8,12,2,1,5,0,0,1,0,1,0,0,0,0,0,1
2018,10,13,2,1,5,0,1,1,0,0,0,1,0,0,0,0
2019,9,22,3,5,3,2,1,1,1,0,0,0,0,0,0,1
2018,1,19,6,6,2,2,0,1,1,0,0,0,1,0,0,0
2021,11,16,4,5,3,2,0,1,0,1,0,0,0,0,2,1
2019,11,8,2,5,3,0,1,1,0,0,0,0,1,0,0,0
2019,6,23,5,0,3,1,1,0,0,1,0,0,0,0,0,0
2018,4,16,6,5,3,0,1,1,0,0,0,0,0,0,0,0
2020,7,12,3,2,6,0,0,1,0,0,0,0,0,0,1,0
2019,9,13,5,5,3,0,0,1,0,0,0,0,0,0,0,1
2021,8,13,2,2,6,0,0,0,0,1,1,0,0,0,1,0
2018,5,12,2,0,2,0,0,1,0,1,0,0,0,0,0,0
2019,6,9,5,6,4,0,0,0,1,0,0,1,0,0,0,1
2019,9,16,4,2,3,0,1,1,0,0,0,0,0,0,0,0
2020,12,12,6,3,6,0,1,0,0,0,0,1,1,1,2,1
2020,8,4,3,2,6,2,0,1,0,0,0,0,0,0,1,0
2020,12,3,6,8,1,2,0,1,0,0,0,0,1,1,2,0
2019,8,9,6,2,6,0,0,1,0,0,0,0,0,0,0,0
2021,10,6,2,5,2,2,0,0,0,0,0,1,0,0,1,0
2019,7,22,6,3,6,2,0,1,0,0,0,0,0,0,0,0
2019,4,16,2,1,5,0,1,1,0,0,0,0,0,0,0,0
2021,10,18,2,2,6,1,0,1,0,0,0,0,0,0,1,0
2020,9,16,4,5,3,0,1,0,0,1,0,0,0,0,1,0
2020,8,2,1,1,5,2,1,1,0,0,0,0,0,0,1,0
2021,12,20,2,0,1,2,1,0,0,0,0,0,1,1,2,0
2018,3,9,7,5,3,0,0,1,0,0,0,1,0,0,0,0
2018,5,10,7,5,3,0,0,1,0,1,0,0,0,0,0,0
2019,9,12,2,5,2,0,0,1,0,1,0,0,0,0,0,1
2019,6,8,4,5,2,0,1,1,0,0,0,0,0,0,0,0
2019,8,11,5,1,5,0,1,0,0,0,0,1,0,0,0,0
2021,7,14,5,2,2,0,0,1,0,1,0,0,0,0,1,1
2020,8,12,7,2,6,0,0,1,0,0,0,0,0,0,1,0
2021,11,1,7,9,1,2,0,1,0,0,0,0,0,0,2,0
2019,6,16,3,3,6,0,1,1,0,0,0,0,0,0,0,0
2019,6,13,7,6,7,0,1,0,1,0,0,0,0,0,0,0
2019,4,10,5,4,6,0,1,0,0,0,0,1,0,0,0,0
2020,8,1,1,2,6,2,0,1,0,1,0,0,0,0,1,0
2018,11,19,2,5,2,2,1,1,0,0,0,0,0,0,0,0
2018,3,13,6,6,4,0,1,0,1,0,0,0,1,0,0,0
2021,8,12,2,1,5,0,0,1,0,0,0,0,0,0,1,0
2019,9,14,6,5,3,0,1,1,0,0,0,0,1,0,0,0
2018,6,10,6,4,6,0,1,0,0,0,0,0,0,0,0,0
2018,2,17,4,3,6,2,0,1,0,0,1,0,0,0,0,0
2021,11,16,4,5,2,1,0,1,0,0,0,0,0,0,2,0
2020,6,11,4,2,6,0,0,1,0,0,0,1,0,0,1,0
2020,5,17,3,5,2,0,1,1,0,0,0,0,0,1,1,0
2019,3,16,3,5,2,0,0,1,0,0,0,0,0,0,0,0
2019,7,16,4,3,6,0,1,1,0,0,0,0,0,0,0,0
2018,1,9,6,5,3,0,0,1,0,0,0,0,0,0,0,0
2019,2,20,2,5,3,2,0,1,0,0,0,0,0,0,0,0
2021,6,18,5,2,6,0,0,1,0,0,0,1,0,0,1,0
2018,11,16,1,0,2,2,1,1,0,0,0,0,0,0,0,0
2019,9,16,5,5,2,0,1,1,0,0,0,0,0,0,0,0
2021,1,12,4,3,6,0,0,1,0,0,1,0,0,1,2,0
2020,4,9,6,3,6,0,1,0,0,0,0,0,0,1,2,0
2018,10,0,7,5,3,2,1,1,0,0,0,0,0,0,0,0
2021,1,10,1,0,1,0,0,0,0,1,0,0,2,1,2,0
2019,2,13,3,5,3,0,0,1,0,0,0,0,0,0,0,0
2018,6,17,6,3,6,0,1,1,0,0,0,0,0,0,0,0
2021,10,7,4,2,6,0,1,0,0,0,0,0,0,0,1,0
2020,5,8,5,5,3,0,1,1,0,0,0,0,0,1,1,0
2019,1,2,3,2,6,2,0,1,0,0,0,0,1,0,0,0
2020,9,19,3,5,2,1,1,0,0,0,0,0,0,0,1,0
2021,8,10,5,5,2,0,1,1,0,0,0,0,0,0,1,0
2018,5,17,5,3,6,0,0,1,0,0,0,0,0,0,0,0
2019,5,21,6,2,6,2,0,1,0,0,0,1,1,0,0,0
2021,10,16,5,2,6,0,0,1,0,0,0,0,1,0,1,0
2018,7,16,7,5,3,0,0,1,0,0,0,0,0,0,0,0
2019,6,17,3,2,6,0,0,1,0,0,0,0,0,0,0,0
2019,1,6,6,6,4,2,0,1,1,0,0,0,1,0,0,0
2018,7,7,3,5,3,0,0,1,0,0,0,1,0,0,0,0
2018,5,11,5,5,3,0,1,1,0,0,0,0,0,0,0,0
2020,8,8,4,5,3,0,0,1,0,0,0,0,0,0,1,0
2019,6,14,5,5,7,0,0,1,0,1,0,0,0,0,0,0
2019,6,16,2,5,3,0,1,0,0,0,0,0,0,0,0,1
2019,8,12,4,6,7,0,1,0,1,0,0,0,0,0,0,1
2020,6,8,3,5,2,0,0,0,0,1,0,0,0,0,1,1
2018,5,21,6,0,2,2,0,1,0,1,0,0,0,0,0,0
2018,10,0,5,6,2,2,0,1,1,0,0,0,0,0,0,0
2019,9,18,1,0,7,0,0,0,0,1,0,0,1,0,0,0
2020,10,19,6,0,1,2,0,0,0,1,0,0,1,1,1,0
2019,3,17,4,6,7,1,1,0,1,0,0,0,1,0,0,0
2021,10,22,4,2,6,2,0,1,0,1,0,0,0,0,1,0
2018,8,15,4,5,2,0,0,1,0,0,0,0,0,0,0,0
2018,1,11,5,0,5,0,0,1,0,1,0,0,1,0,0,0
2020,7,19,7,0,1,0,1,0,0,0,0,0,0,0,1,0
2019,6,3,6,3,6,2,0,1,0,1,0,0,1,0,0,0
2018,6,14,1,2,7,0,0,1,0,0,0,0,1,0,0,0
2021,2,16,2,5,2,0,0,1,0,0,0,0,0,1,2,0
2018,8,14,4,5,2,0,1,1,0,0,0,0,0,0,0,0
2021,12,6,3,5,3,2,0,1,0,0,0,1,1,1,2,0
2019,9,19,4,1,5,2,0,1,0,0,0,0,0,0,0,0
2019,6,13,4,5,3,0,1,1,0,0,0,0,0,0,0,0
2021,9,21,7,0,3,2,1,1,0,0,0,0,0,0,1,0
2018,1,12,2,1,5,0,1,1,0,0,0,0,0,0,0,0
2018,12,6,3,5,3,2,1,1,0,0,0,0,1,0,0,0
2021,11,20,5,2,6,2,0,1,0,1,0,1,1,0,2,1
2021,8,14,3,5,3,0,1,1,0,0,0,0,0,0,1,0
2019,4,18,7,2,6,0,0,1,0,0,0,0,0,0,0,0
2018,9,12,5,0,7,0,1,0,0,0,0,0,0,0,0,0
2018,6,16,4,2,6,0,0,1,0,0,0,1,0,0,0,0
2021,7,15,6,5,3,0,0,1,0,1,0,0,0,0,1,0
2021,10,18,6,5,2,2,1,1,0,0,0,0,1,0,1,1
2019,1,18,7,6,7,2,0,1,1,0,0,0,1,0,0,0
2018,6,17,2,5,3,0,1,1,0,0,0,0,0,0,0,0
2018,3,15,2,2,6,0,0,1,0,0,0,0,0,0,0,0
2018,6,11,6,5,2,0,1,1,0,0,0,0,0,0,0,0
2018,4,15,2,8,1,0,0,1,0,0,0,0,0,0,0,0
2021,7,15,2,1,7,0,0,1,0,0,0,0,0,0,1,0
2019,11,22,6,2,6,2,0,1,0,0,0,0,1,0,0,0
2019,7,18,5,5,3,0,1,1,0,0,0,0,0,0,0,0
2021,4,21,7,6,4,2,0,1,1,0,0,0,0,1,2,0
2020,5,19,6,5,7,0,0,1,0,0,0,0,0,1,1,0
2021,3,15,2,6,7,0,0,1,1,0,0,0,0,0,2,0
2019,4,11,6,6,4,0,0,1,1,0,0,0,0,0,0,1
2020,12,17,4,6,4,2,0,0,1,0,0,1,1,1,2,1
2018,4,16,2,2,2,0,1,1,0,0,0,0,0,0,0,0
2019,11,19,6,5,2,2,1,1,0,0,0,0,0,0,0,0
2021,12,16,6,6,4,2,0,1,1,0,0,0,1,1,2,0
2020,9,8,6,2,6,0,0,1,0,0,1,1,1,0,1,0
2018,12,9,7,0,1,0,1,0,0,0,0,0,0,0,0,1
2018,2,13,3,3,6,0,0,1,0,0,0,1,0,0,0,0
2020,10,17,6,5,2,1,0,1,0,0,0,0,1,1,1,0
2018,2,14,3,5,3,0,1,1,0,0,0,0,0,0,0,0
2021,6,8,6,0,7,0,0,1,0,0,1,0,0,0,1,1
2019,6,7,5,5,2,0,1,1,0,0,0,0,0,0,0,1
2018,8,17,4,6,4,0,0,1,1,0,0,0,0,0,0,1
2019,1,15,4,5,2,0,0,1,0,0,0,0,0,0,0,0
2018,7,15,2,2,6,0,0,1,0,0,0,1,0,0,0,0
2019,2,13,6,2,6,0,0,1,0,0,0,0,0,0,0,0
2019,11,12,4,5,3,0,0,1,0,0,0,0,1,0,0,0
2021,12,13,6,5,3,0,1,1,0,0,0,0,0,1,2,0
2019,8,12,1,0,7,0,1,0,0,0,0,0,0,0,0,1
2019,4,18,5,5,2,0,1,1,0,0,0,0,0,0,0,0
2018,9,6,1,1,1,0,0,1,0,0,0,0,0,0,0,1
2020,8,12,5,5,2,0,1,1,0,0,0,0,0,0,1,1
2019,8,14,6,6,4,0,0,1,1,0,0,0,0,0,0,1
2019,10,22,1,5,3,2,0,1,0,0,0,0,1,0,0,0
2019,12,5,3,3,6,2,0,1,0,0,1,0,1,0,0,0
2019,5,13,5,3,6,0,1,0,0,0,0,0,0,0,0,0
2020,11,17,3,2,2,2,0,1,0,0,0,1,1,1,2,0
2018,12,23,5,8,1,2,0,1,0,0,0,0,1,0,0,1
2018,10,13,5,5,2,0,0,1,0,0,0,0,1,0,0,0
2019,6,20,4,5,2,0,1,0,1,0,0,0,0,0,0,0
2019,4,21,3,5,2,2,1,1,0,0,0,0,0,0,0,0
2018,6,16,6,6,4,0,1,0,1,0,0,0,0,0,0,0
2018,4,7,5,2,6,0,0,1,0,0,0,0,0,0,0,0
2018,7,14,3,0,1,0,1,0,0,0,0,0,0,0,0,0
2018,5,0,7,1,5,2,0,1,0,0,0,0,0,0,0,0
2021,7,20,1,5,3,0,0,1,0,0,0,0,1,0,1,1
2018,10,15,6,2,6,0,1,1,0,0,0,0,0,0,0,0
2020,3,16,4,2,6,0,0,1,0,0,0,0,0,1,1,0
2018,2,10,2,5,3,0,1,1,0,0,0,0,1,0,0,0
2019,6,13,6,5,3,0,1,1,0,0,0,0,0,0,0,1
2019,3,18,5,0,6,2,0,1,0,1,0,0,1,0,0,0
2020,10,14,1,1,5,0,1,1,0,0,0,0,0,1,1,0
2018,7,16,6,2,6,0,1,0,0,0,0,1,0,0,0,0
2021,7,6,5,0,1,0,0,0,0,1,0,0,1,0,1,0
2018,9,7,2,2,6,0,0,1,0,1,0,0,0,0,0,0
2019,4,22,6,2,6,2,0,1,0,0,0,0,0,0,0,1
2018,8,17,6,5,3,0,1,1,0,0,0,0,0,0,0,0
2019,10,6,1,5,7,2,0,1,0,0,0,0,0,0,0,0
2018,4,10,1,5,2,0,0,1,0,0,0,0,0,0,0,1
2021,6,13,3,6,4,0,1,0,1,0,0,0,1,0,1,0
2018,9,9,5,5,3,0,1,0,0,0,0,0,1,0,0,0
2018,11,18,4,6,4,2,1,0,1,0,0,0,0,0,0,0
2019,7,13,4,3,6,0,0,1,0,1,0,0,0,0,0,0
2018,1,18,2,5,3,2,0,1,0,0,0,1,0,0,0,0
2020,10,7,5,2,6,0,0,1,0,0,0,0,0,1,1,0
2018,4,18,4,5,2,0,0,1,0,0,0,0,0,0,0,0
2021,6,10,6,2,6,0,0,1,0,0,0,0,0,0,1,0
2018,8,17,4,0,5,0,0,1,0,0,0,0,0,0,0,0
2020,7,9,2,0,3,0,0,1,0,0,0,1,0,0,1,0
2018,5,15,4,3,6,0,0,1,0,1,0,0,0,0,0,0
2021,11,10,5,0,5,0,0,1,0,0,0,1,1,0,2,0
2018,10,14,2,6,4,0,0,1,1,0,0,0,0,0,0,1
2018,12,15,3,5,2,2,1,1,0,0,0,0,1,0,0,0
2019,10,4,5,5,2,2,0,1,0,1,0,0,0,0,0,0
2018,5,6,4,0,6,0,0,1,0,1,0,0,0,0,0,0
2018,1,18,4,5,2,2,1,1,0,0,0,0,0,0,0,0
2021,8,9,2,5,2,0,1,1,0,0,0,0,0,0,1,0
2021,5,16,2,5,5,0,0,1,0,1,0,0,0,1,2,0
2020,6,8,4,5,2,0,1,1,0,0,0,0,0,0,1,0
2019,2,12,5,5,3,0,0,1,0,1,0,0,1,0,0,0
2021,6,18,2,0,2,0,1,1,0,0,0,0,0,0,1,0
2021,7,15,3,0,1,0,1,0,0,0,0,0,0,0,1,0
2018,7,17,4,5,3,0,0,1,0,0,0,1,0,0,0,0
2020,8,7,7,3,6,0,0,1,0,0,0,0,0,0,1,0
2020,6,12,4,0,2,0,1,1,0,0,0,0,0,0,1,0
2019,4,21,3,0,7,2,0,0,0,1,0,0,0,0,0,0
2019,4,11,3,2,6,0,0,1,0,0,1,0,0,0,0,1
2019,1,12,3,3,6,0,1,1,0,0,0,0,0,0,0,0
2020,7,11,3,2,6,0,0,1,0,0,0,0,0,0,1,0
2021,6,12,2,2,6,0,0,1,0,0,0,1,0,0,1,1
2020,9,16,4,5,2,0,0,1,0,0,0,1,0,0,1,1
2018,7,0,6,0,1,2,1,0,0,0,0,0,0,0,0,0
2021,6,7,4,3,6,0,0,1,0,1,0,0,0,0,1,0
2020,11,11,3,6,7,0,0,1,1,0,0,0,0,1,2,0
2021,9,5,1,1,6,2,0,1,0,0,0,0,0,0,1,1
2020,8,16,6,5,2,0,0,1,0,0,0,0,0,0,1,0
2019,11,8,6,5,2,0,0,1,0,0,0,0,0,0,0,0
2018,11,14,3,2,6,0,0,1,0,1,0,0,1,0,0,0
2019,7,17,4,1,5,0,1,1,0,0,0,0,0,0,0,0
2020,2,13,6,2,6,0,0,1,0,0,0,0,0,0,0,1
2021,4,7,3,0,7,0,0,1,0,0,0,0,0,1,2,0
2020,8,16,5,0,2,0,1,1,0,0,0,0,0,0,1,0
2018,9,9,4,3,6,0,1,0,0,0,0,1,0,0,0,0
2019,10,20,3,5,2,2,1,1,0,0,0,0,1,0,0,0
2019,11,22,7,0,2,2,1,1,0,0,0,0,0,0,0,0
2020,9,15,6,0,6,0,1,0,0,0,0,1,0,0,1,1
2019,11,17,6,3,2,2,0,1,0,0,1,0,1,0,0,0
2020,10,8,5,0,2,0,1,1,0,0,0,0,1,1,1,0
2019,11,10,6,2,6,0,0,1,0,1,0,0,0,0,0,1
2019,4,15,4,5,7,0,0,1,0,1,0,0,0,0,0,0
2018,11,15,5,5,2,0,0,1,0,0,0,1,0,0,0,0
2020,8,13,5,0,1,0,1,0,0,0,0,0,0,0,1,0
2018,1,13,2,5,7,0,1,1,0,0,0,0,0,0,0,1
2018,9,8,4,1,5,0,1,1,0,0,0,0,0,0,0,0
2019,2,14,7,2,6,0,0,1,0,0,0,0,0,0,0,0
2019,10,11,7,5,3,0,0,1,0,0,0,0,0,0,0,0
2018,4,15,5,1,5,0,0,1,0,0,0,0,0,0,0,0
2019,6,9,4,3,6,0,0,1,0,0,0,0,0,0,0,0
2019,9,19,4,5,3,2,1,1,0,0,0,0,1,0,0,0
2020,6,10,6,2,6,0,0,1,0,0,1,0,0,0,1,0
2018,11,7,2,6,4,0,0,1,1,0,0,0,0,0,0,1
2019,1,9,2,2,6,0,0,1,0,0,0,0,1,0,0,0
2020,1,17,4,1,5,2,1,1,0,0,0,0,0,0,0,0
2021,11,12,3,5,7,0,0,1,0,0,1,0,0,0,2,0
2018,4,18,4,5,2,0,0,1,0,0,0,0,0,0,0,1
2021,5,16,7,3,6,0,1,1,0,0,0,0,0,1,2,0
2018,9,15,3,2,6,0,0,1,0,0,0,0,0,0,0,0
2019,11,21,1,5,3,2,0,1,0,0,0,0,1,0,0,0
2018,6,17,6,5,3,0,1,1,0,0,0,0,0,0,0,0
2020,11,13,7,5,2,0,1,1,0,0,0,0,0,1,2,0
2020,6,12,6,0,7,0,0,1,1,0,0,0,0,0,1,0
2018,6,11,5,0,6,0,0,1,0,0,0,1,0,0,0,0
2021,6,6,6,5,2,0,0,1,0,0,0,0,0,0,1,0
2019,2,17,6,3,6,1,1,1,0,0,0,0,0,0,0,0
2020,12,14,6,1,5,0,1,1,0,0,0,0,0,1,2,0
2021,6,8,4,5,3,0,1,1,0,0,0,0,0,0,1,0
2021,11,17,4,2,6,2,0,1,0,0,0,0,0,0,2,1
2019,11,15,4,5,3,1,1,1,0,0,0,0,1,0,0,1
2019,4,9,4,3,6,0,1,0,0,1,0,0,0,0,0,0
2018,8,17,5,0,3,0,1,1,0,0,0,0,1,0,0,0
2020,1,17,3,6,4,2,0,1,1,0,0,0,1,0,0,1
2018,8,16,2,6,7,0,1,1,1,1,0,0,0,0,0,0
2021,10,14,3,5,3,0,0,1,0,0,0,0,1,0,1,0
2018,6,16,1,1,5,0,1,1,0,0,0,0,1,0,0,0
2019,9,21,2,5,3,2,0,1,0,0,1,0,1,0,0,0
2019,9,17,1,6,4,0,0,1,1,0,0,0,0,0,0,1
2021,10,11,6,2,4,0,0,1,1,0,0,0,0,0,1,1
2019,8,8,4,6,4,0,0,1,1,0,0,0,0,0,0,0
2020,11,13,2,5,3,0,0,1,0,0,0,0,1,1,2,0