UJAHR,UMONAT,USTUNDE,UWOCHENTAG,UART,UTYP1,ULICHTVERH,IstRad,IstPKW,IstFuss,IstKrad,IstGkfz,IstSonstige,USTRZUSTAND,LOCKDOWN,COVID,UKATEGORIE
2019,11,5,1,6,7,2,0,1,1,1,0,0,1,0,0,0
2020,7,22,4,5,2,2,1,1,0,0,0,0,0,0,1,0
2021,9,15,5,1,5,0,0,1,0,0,0,1,0,0,1,0
2020,8,22,2,0,1,2,1,0,0,0,0,0,0,0,1,1
2018,5,14,2,2,6,0,0,1,0,0,0,0,0,0,0,0
2019,1,12,3,5,2,0,1,1,0,0,0,0,0,0,0,0
2019,1,15,4,6,2,0,0,0,1,0,0,1,0,0,0,0
2018,3,14,6,5,2,0,1,1,0,0,0,0,0,0,0,0
2021,9,21,6,6,2,2,0,1,1,0,0,0,0,0,1,0
2018,2,21,5,5,3,2,0,1,0,0,0,0,0,0,0,0
2018,10,16,3,5,2,0,0,1,0,1,0,1,0,0,0,0
2021,4,7,5,6,4,1,0,1,1,0,0,0,0,1,2,1
2021,11,17,6,6,4,1,0,1,1,0,0,0,0,0,2,1
2019,5,18,3,5,2,0,1,1,0,0,0,0,0,0,0,0
2019,5,11,7,5,2,0,1,1,0,0,0,0,0,0,0,0
2018,8,15,6,5,7,0,0,1,0,0,0,0,0,0,0,1
2019,9,16,4,0,6,0,0,1,0,1,0,0,1,0,0,0
2021,7,18,6,5,2,0,0,1,0,0,0,0,0,0,1,0
2019,6,14,1,4,7,0,0,1,0,0,0,0,0,0,0,1
2018,9,10,3,2,6,0,0,1,0,0,0,0,0,0,0,0
2018,7,20,1,0,3,1,0,1,0,0,0,1,0,0,0,0
2021,1,6,6,2,6,2,0,1,0,0,0,0,0,1,2,0
2020,6,19,6,0,7,0,1,0,0,0,0,0,1,0,1,0
2018,4,8,3,2,6,0,0,1,0,0,0,0,0,0,0,0
2021,8,14,5,1,7,0,0,1,0,0,0,0,0,0,1,1
2018,11,3,1,9,1,2,0,1,0,0,0,0,0,0,0,0
2018,1,17,5,3,6,2,0,1,0,0,0,0,1,0,0,0
2020,9,11,4,5,2,0,1,1,0,0,0,0,1,0,1,0
2019,1,17,2,6,4,2,0,1,1,0,0,0,1,0,0,0
2019,4,10,7,2,2,0,0,1,0,0,0,0,0,0,0,0
2020,4,15,4,0,5,0,0,1,0,1,0,0,0,1,2,0
2020,10,7,6,0,7,0,1,0,0,0,0,0,1,1,1,1
2018,2,15,5,1,5,0,0,1,0,0,0,1,0,0,0,0
2018,3,16,2,2,6,0,0,1,0,1,0,0,0,0,0,0
2019,11,8,4,2,3,0,1,0,0,0,0,0,0,0,0,0
2021,11,23,5,6,6,2,0,1,1,0,0,0,1,0,2,0
2021,11,11,6,1,5,0,0,1,0,0,0,0,0,0,2,0
2019,12,17,2,6,2,2,0,1,1,0,0,0,1,0,0,0
2018,9,17,3,4,1,0,0,1,0,0,0,0,0,0,0,0
2020,2,9,5,5,3,0,1,1,0,0,0,0,1,0,0,0
2020,6,12,2,6,4,0,0,1,1,0,0,0,0,0,1,0
2020,2,20,5,5,2,2,0,1,0,0,0,1,0,0,0,0
2021,3,16,6,0,4,0,0,0,1,0,0,1,0,0,2,0
2021,10,9,5,0,1,0,0,0,0,1,0,0,1,0,1,0
2020,9,12,2,2,6,0,0,1,0,0,0,0,0,0,1,0
2018,7,0,6,5,2,2,1,1,0,0,0,0,0,0,0,0
2018,8,14,7,2,2,0,0,1,0,0,0,0,0,0,0,0
2019,10,11,3,2,6,0,0,1,0,0,0,0,1,0,0,0
2020,9,16,1,5,2,0,0,1,0,0,0,0,0,0,1,0
2018,5,7,5,6,4,0,0,1,1,0,0,0,0,0,0,1
2018,7,13,3,2,6,0,0,1,0,0,0,0,0,0,0,0
2021,3,12,6,5,3,0,0,1,0,0,0,0,0,0,2,0
2018,6,21,5,1,5,1,0,1,0,0,0,0,0,0,0,0
2019,5,17,1,0,7,0,0,1,0,1,0,0,0,0,0,0
2018,9,16,2,2,2,0,1,1,0,0,0,0,1,0,0,0
2020,9,14,3,1,7,0,0,1,0,0,0,1,0,0,1,1
2019,2,19,4,2,6,2,0,1,0,0,0,0,0,0,0,0
2021,2,11,5,2,6,0,0,1,0,0,0,0,0,1,2,0
2021,5,18,6,5,7,0,0,1,0,1,0,0,0,1,2,1
2019,11,10,3,0,7,0,0,1,0,0,0,1,0,0,0,0
2021,3,14,6,5,3,0,0,1,0,0,0,0,0,0,2,0
2018,6,20,2,5,2,0,1,1,0,0,0,0,0,0,0,0
2020,11,13,6,2,6,0,0,1,0,0,0,0,0,1,2,0
2021,9,20,6,6,4,2,0,1,1,0,0,0,1,0,1,1
2021,4,15,5,1,7,0,1,1,0,0,0,0,0,1,2,0
2020,10,16,4,6,4,0,0,1,1,0,0,0,1,1,1,1
2021,8,11,5,1,6,0,1,1,0,0,0,0,0,0,1,0
2019,4,9,2,6,4,0,0,1,1,0,0,0,1,0,0,0
2020,8,19,1,9,1,0,0,1,0,0,0,0,0,0,1,0
2020,6,11,5,2,6,0,0,1,0,1,0,0,0,0,1,0
2020,12,16,3,1,5,2,1,1,0,0,0,0,0,1,2,0
2019,10,17,7,5,3,1,0,1,0,0,0,1,0,0,0,0
2018,4,7,4,1,5,0,1,1,0,0,0,0,0,0,0,0
2018,10,22,7,3,6,2,0,1,0,0,0,0,0,0,0,0
2020,7,16,6,5,7,0,0,1,0,1,0,0,0,0,1,0
2019,6,9,4,2,6,0,0,1,0,0,0,0,0,0,0,0
2018,10,15,2,6,4,0,0,1,1,0,0,0,0,0,0,0
2019,7,14,7,5,3,0,1,1,0,0,0,0,1,0,0,0
2018,1,12,4,5,7,0,0,1,0,0,0,1,0,0,0,0
2019,7,12,4,5,2,0,1,1,0,0,0,0,0,0,0,0
2018,5,16,5,2,6,0,0,1,0,1,0,0,0,0,0,0
2020,10,10,5,2,6,0,0,1,0,0,0,0,1,1,1,0
2018,8,18,5,0,1,0,0,0,0,1,0,0,1,0,0,0
2018,12,21,3,6,7,2,1,0,1,0,0,0,0,0,0,1
2021,8,6,7,5,2,0,0,1,0,0,0,0,0,0,1,0
2020,9,14,4,0,4,0,0,0,1,0,0,1,0,0,1,0
2019,10,17,6,5,2,1,1,1,0,0,0,0,1,0,0,0
2021,7,10,1,0,1,0,0,0,0,1,0,0,0,0,1,0
2019,2,11,4,2,2,0,0,1,0,0,0,0,0,0,0,0
2019,9,20,4,6,4,2,0,1,1,0,0,0,1,0,0,0
2018,4,12,6,2,6,0,0,1,0,0,0,0,0,0,0,0
2018,5,15,1,5,2,0,1,1,0,0,0,0,0,0,0,0
2018,10,9,3,6,7,0,0,1,1,0,0,0,0,0,0,0
2021,7,14,6,2,6,0,0,1,0,1,0,0,0,0,1,0
2021,7,13,7,5,2,0,0,1,0,0,0,0,0,0,1,1
2020,10,14,2,1,5,0,0,1,0,0,0,0,0,1,1,1
2018,7,11,4,0,1,0,1,0,0,0,0,0,0,0,0,0
2021,12,13,2,6,7,0,0,1,1,0,0,0,0,1,2,0
2019,12,11,2,5,2,0,0,1,0,0,0,0,0,0,0,0
2018,3,15,5,5,2,0,1,1,0,0,0,0,0,0,0,0
2020,12,12,4,2,6,0,0,1,0,0,0,1,1,1,2,0
2020,4,17,5,5,2,0,1,1,0,0,0,0,0,1,2,0
2019,3,12,2,5,3,0,0,1,0,0,0,0,1,0,0,0
2020,1,12,5,6,2,0,0,1,1,0,0,0,0,0,0,0
2018,3,20,3,2,7,2,1,1,0,0,0,0,0,0,0,0
2019,12,17,7,6,4,2,0,1,1,0,0,0,0,0,0,0
2020,5,11,2,1,5,0,1,1,0,0,0,0,1,1,1,0
2019,8,12,4,0,6,0,1,1,0,0,0,0,0,0,0,0
2020,4,18,4,3,6,0,0,1,0,1,0,0,0,1,2,1
2019,8,15,3,5,2,0,0,1,0,1,0,0,0,0,0,0
2018,5,11,4,6,6,0,1,0,1,0,0,0,0,0,0,0
2020,12,12,5,5,2,0,1,1,0,0,0,0,0,1,2,0
2020,12,16,5,2,6,2,0,1,0,0,0,0,0,1,2,0
2018,12,17,1,6,4,1,0,0,1,0,0,1,1,0,0,1
2019,12,18,6,5,3,2,0,1,0,0,0,0,0,0,0,0
2021,8,8,2,2,6,0,1,0,0,0,0,1,0,0,1,0
2020,12,14,4,2,2,0,0,1,0,0,1,0,0,1,2,0
2021,10,12,6,5,3,0,0,1,0,0,0,0,0,0,1,0
2020,8,9,2,5,3,0,0,1,0,1,0,0,0,0,1,0
2019,10,11,2,2,6,0,0,1,0,0,1,0,0,0,0,0
2019,8,22,7,6,7,2,0,1,1,0,0,0,0,0,0,1
2021,4,12,6,5,7,0,0,1,0,0,0,0,0,1,2,0
2018,7,13,3,5,2,0,0,1,0,0,0,0,0,0,0,1
2019,10,3,6,0,1,2,1,0,0,0,0,0,1,0,0,1
2019,5,12,4,2,2,0,0,1,0,0,0,0,0,0,0,0
2020,6,18,7,1,5,0,1,1,0,0,0,0,0,0,1,0
2021,2,11,7,0,3,0,1,1,0,0,0,0,0,1,2,0
2019,9,14,1,2,3,0,1,1,0,0,0,0,0,0,0,0
2021,1,12,2,5,2,0,0,1,0,1,0,0,1,1,2,0
2020,11,8,3,2,6,0,0,1,0,1,0,0,0,1,2,0
2020,9,14,2,3,6,0,1,1,0,0,0,0,0,0,1,0
2018,10,18,4,5,3,1,0,1,0,1,0,0,0,0,0,1
2018,5,2,4,0,7,2,0,0,1,0,0,1,0,0,0,1
2020,9,16,4,5,3,0,1,1,0,0,0,0,0,0,1,1
2020,6,23,7,5,3,2,1,1,0,0,0,0,0,0,1,0
2019,5,13,2,0,1,0,1,0,0,0,0,0,0,0,0,0
2021,8,1,2,5,3,2,0,1,0,0,0,1,1,0,1,0
2021,9,21,4,2,5,2,0,1,0,1,0,0,0,0,1,0
2021,12,17,5,4,6,1,0,1,0,0,0,1,0,1,2,0
2018,4,12,2,2,6,0,1,1,0,0,0,0,0,0,0,0
2020,12,7,6,5,3,1,0,1,0,1,0,0,1,1,2,0
2019,12,15,6,0,3,0,1,1,0,0,0,0,1,0,0,0
2020,6,18,5,1,5,0,1,1,0,0,0,0,0,0,1,0
2019,10,5,5,5,7,2,0,1,0,0,0,1,1,0,0,0
2021,5,15,1,5,3,0,0,1,0,0,0,0,0,1,2,0
2021,9,8,3,5,2,0,1,1,0,0,0,0,0,0,1,0
2021,9,16,2,6,4,0,1,0,1,0,0,0,0,0,1,0
2020,9,21,7,2,6,2,0,1,0,0,0,0,0,0,1,0
2018,10,12,7,4,6,0,1,0,0,0,0,0,0,0,0,0
2019,10,15,6,0,5,0,1,1,0,0,0,0,0,0,0,0
2021,1,13,2,3,6,0,1,1,0,0,0,0,0,1,2,1
2018,7,12,5,2,6,0,0,1,0,0,0,0,0,0,0,0
2020,6,17,2,5,7,0,0,1,0,0,0,0,0,0,1,0
2018,7,13,1,1,5,0,0,1,0,0,0,1,0,0,0,0
2021,12,13,6,5,3,0,1,1,0,0,0,0,0,1,2,0
2018,9,9,3,2,6,0,0,1,0,1,0,0,0,0,0,0
2019,2,19,2,1,5,2,1,1,0,0,0,1,0,0,0,0
2021,5,10,7,0,2,0,1,1,0,0,0,0,0,1,2,1
2020,12,16,2,5,3,2,0,1,0,0,0,0,1,1,2,0
2021,10,14,7,6,7,0,1,0,1,0,0,0,0,0,1,0
2018,6,13,5,2,6,0,0,1,0,0,0,0,0,0,0,0
2020,1,11,3,0,4,0,0,0,1,0,0,1,0,0,0,1
2019,1,15,2,2,2,0,0,1,0,0,0,0,1,0,0,0
2019,7,11,7,5,3,0,0,1,0,0,0,0,0,0,0,0
2019,10,17,4,2,6,0,0,1,0,0,0,0,1,0,0,0
2018,11,11,5,5,2,0,0,1,0,0,0,0,0,0,0,1
2019,5,16,4,3,6,0,0,1,0,1,0,0,0,0,0,0
2019,8,16,3,5,3,0,0,1,0,0,0,0,0,0,0,0
2021,6,13,1,3,6,0,0,1,0,1,0,0,0,0,1,0
2018,10,14,2,5,3,0,1,1,0,0,0,0,0,0,0,0
2019,9,16,7,2,6,0,0,1,0,0,0,0,0,0,0,0
2019,1,12,4,6,2,0,0,1,1,0,0,0,0,0,0,0
2021,2,19,2,5,2,2,1,1,0,0,0,0,0,1,2,0
2018,1,14,2,3,2,0,0,1,0,0,1,0,0,0,0,0
2020,7,17,5,5,2,0,1,1,0,0,0,0,0,0,1,0
2018,6,8,2,2,6,0,0,1,0,1,0,0,0,0,0,0
2018,12,15,5,5,3,0,1,1,0,0,0,0,1,0,0,0
2021,4,11,2,0,7,0,1,0,0,0,0,0,0,1,2,0
2018,8,14,3,5,3,0,0,1,0,0,0,0,0,0,0,0
2021,5,9,1,5,3,0,1,1,0,0,0,0,0,1,2,1
2019,9,19,4,1,5,2,1,1,0,0,0,0,0,0,0,0
2021,9,19,3,5,3,1,0,0,1,0,0,1,0,0,1,1
2021,8,17,3,5,3,0,0,1,0,0,0,1,0,0,1,0
2018,11,12,1,5,2,0,1,1,0,0,0,0,0,0,0,1
2019,4,16,2,1,5,0,1,1,0,0,0,0,0,0,0,0
2021,1,14,5,5,7,0,1,1,0,0,0,0,0,1,2,0
2021,9,16,3,2,6,0,0,1,0,0,0,0,0,0,1,0
2021,8,11,6,5,2,0,1,1,0,0,0,0,0,0,1,0
2020,3,16,3,2,6,0,0,1,0,0,1,0,0,1,1,0
2019,11,12,4,0,1,0,0,0,0,0,0,1,0,0,0,0
2019,10,15,5,6,7,0,0,1,1,0,0,0,0,0,0,1
2021,5,14,1,2,6,0,0,1,0,1,0,0,0,1,2,0
2021,5,20,4,0,1,0,0,0,0,0,0,1,0,1,2,0
2020,4,11,2,5,2,0,0,1,0,0,0,0,0,1,2,0
2019,10,16,1,0,3,0,1,1,0,0,0,0,1,0,0,0
2020,7,11,5,5,7,0,0,1,0,0,0,0,0,0,1,0
2018,11,11,1,5,3,0,0,1,0,0,0,0,1,0,0,0
2018,4,16,5,1,5,0,1,0,0,0,0,1,0,0,0,0
2021,12,14,5,6,4,0,0,1,1,0,0,0,0,1,2,0
2021,6,16,1,5,3,0,0,1,0,1,0,0,0,0,1,0
2018,11,8,4,6,2,1,0,0,1,0,0,1,0,0,0,0
2019,5,8,3,0,3,0,0,1,0,1,0,0,0,0,0,0
2020,2,19,4,5,2,2,0,1,0,0,0,0,0,0,0,0
2021,6,18,2,0,2,0,1,1,0,0,0,0,0,0,1,1
2019,12,9,2,5,2,0,1,1,0,0,0,0,0,0,0,0
2018,12,20,5,5,2,2,0,1,0,1,0,0,1,0,0,1
2021,8,22,7,5,2,2,1,1,0,0,0,0,0,0,1,0
2021,2,10,4,1,5,0,0,0,0,0,0,1,1,1,2,0
2021,1,17,3,5,2,2,0,1,0,0,0,0,1,1,2,0
2021,10,17,6,5,2,0,1,0,0,0,0,1,1,0,1,0
2021,6,11,2,0,7,0,1,0,0,0,0,0,0,0,1,0
2021,6,18,4,9,1,0,0,1,0,0,0,0,1,0,1,0
2020,5,11,6,3,6,0,1,0,0,0,0,1,0,1,1,0
2019,9,16,3,5,3,0,0,1,0,0,0,0,1,0,0,0
2020,5,13,7,2,6,0,0,1,0,0,0,0,0,1,1,0
2019,6,17,3,0,2,0,1,1,0,0,0,0,0,0,0,0
2018,5,20,3,5,3,0,0,1,0,0,0,0,0,0,0,0
2021,3,18,7,5,7,1,0,1,0,0,0,0,1,0,2,0
2021,10,8,5,5,3,0,0,1,0,0,0,0,0,0,1,0
2020,4,20,4,5,3,0,1,1,0,0,0,0,0,1,2,0
2019,10,12,1,2,6,0,0,1,0,0,0,0,0,0,0,0
2018,8,12,4,0,6,0,1,1,0,0,0,0,0,0,0,0
2020,7,20,4,0,3,1,0,1,0,1,0,0,0,0,1,1
2018,5,12,7,5,7,0,0,1,0,1,0,0,0,0,0,0
2021,6,15,5,5,2,0,1,1,0,0,0,0,0,0,1,0
2020,3,15,6,5,3,0,0,1,0,0,0,0,0,1,1,0
2018,2,18,3,2,6,2,0,1,0,0,0,0,0,0,0,0
2018,6,21,4,5,3,1,1,1,0,0,0,0,0,0,0,0
2018,10,9,2,4,1,0,0,1,0,0,0,0,0,0,0,1
2020,4,10,7,0,1,0,1,0,0,0,0,0,0,1,2,0
2019,12,16,1,5,3,2,0,1,0,0,0,0,0,0,0,0
2018,8,15,6,0,1,0,1,0,0,0,0,0,0,0,0,1
2021,3,19,4,5,7,2,1,1,0,0,0,0,0,0,2,0
2021,8,13,7,0,7,0,0,1,0,0,0,0,0,0,1,0
2020,5,18,7,0,5,0,0,1,0,0,0,1,0,1,1,0
2021,2,23,7,2,2,2,0,1,0,0,0,0,0,1,2,0
2018,1,18,4,1,5,2,1,1,0,0,0,0,1,0,0,0
2021,10,18,3,5,3,2,0,1,0,0,0,0,1,0,1,0
2021,12,14,6,5,3,0,0,1,0,0,0,0,1,1,2,1
2019,11,20,3,1,6,2,0,1,0,0,0,0,0,0,0,0
2019,6,20,3,1,5,0,1,1,0,0,0,0,0,0,0,0
2019,1,18,5,2,6,2,0,1,0,0,0,1,0,0,0,0
2020,11,18,5,2,6,2,0,1,0,0,0,0,0,1,2,0
2020,10,19,1,2,6,2,0,1,0,0,0,0,0,1,1,0
2019,2,7,2,6,2,0,0,1,1,0,0,0,1,0,0,0
2018,10,9,3,5,2,0,1,1,0,0,0,0,0,0,0,0
2020,7,7,2,5,2,0,1,0,0,0,1,0,0,0,1,0
2018,4,15,3,5,2,0,1,1,0,0,0,0,1,0,0,0
2018,10,9,6,5,2,0,0,1,0,0,0,0,0,0,0,0
2018,8,12,5,5,7,0,0,1,0,0,0,0,0,0,0,0
2018,9,6,5,6,4,1,0,1,1,0,0,0,0,0,0,0
2018,2,19,6,5,3,2,1,1,0,0,0,0,1,0,0,0
2021,6,16,7,1,5,0,1,1,0,0,0,0,0,0,1,0
2018,9,17,3,6,4,0,1,0,1,0,0,0,0,0,0,0
2019,10,23,7,2,6,2,0,1,0,1,0,0,0,0,0,1
2021,2,7,4,5,2,0,1,1,0,0,0,0,0,1,2,0
2018,7,14,3,0,3,0,0,1,0,1,0,0,0,0,0,0
2018,6,19,5,5,2,0,1,1,0,0,0,0,0,0,0,1
2020,4,19,7,0,7,1,1,1,0,0,0,0,0,1,2,0
2021,6,17,4,5,2,1,1,1,0,0,0,0,0,0,1,1
2020,11,7,6,1,5,0,0,1,0,0,0,0,1,1,2,0
2021,6,13,3,5,2,0,0,1,0,0,0,0,0,0,1,0
2020,5,17,1,1,5,0,1,1,0,0,0,0,0,1,1,0
2021,4,15,3,2,6,0,0,1,0,0,0,0,0,1,2,0
2021,9,13,3,2,6,0,0,1,0,0,1,0,1,0,1,0
2019,9,13,6,2,6,0,0,1,0,0,0,0,0,0,0,0
2018,8,1,1,0,1,2,1,0,0,0,0,0,0,0,0,0
2020,6,17,1,1,5,0,0,1,0,0,0,1,0,0,1,0
2018,1,8,3,6,4,0,0,1,1,0,0,0,0,0,0,1
2019,3,16,5,5,2,1,0,1,0,0,0,0,1,0,0,0
2019,1,6,6,6,2,2,0,1,1,0,0,0,1,0,0,0
2020,11,11,6,6,2,0,0,1,1,0,0,0,0,1,2,1
2020,4,18,5,5,2,0,1,1,0,0,0,0,0,1,2,0
2019,6,9,3,5,3,0,1,0,0,0,0,0,0,0,0,0
2018,6,16,6,2,6,0,0,1,0,0,0,0,0,0,0,0
2020,2,17,6,5,2,2,0,1,0,1,0,0,0,0,0,0
2019,2,6,4,5,3,1,0,1,0,0,0,1,0,0,0,1
2018,6,11,7,5,2,0,1,1,0,0,0,0,0,0,0,0
2018,10,21,1,6,4,2,0,1,1,0,0,0,0,0,0,1
2020,4,17,3,2,6,0,0,1,0,0,0,0,0,1,2,0
2018,5,14,4,5,3,0,1,0,0,0,0,1,1,0,0,0
2020,12,17,5,1,5,2,1,1,0,0,0,0,1,1,2,0
2018,8,23,5,0,6,2,1,1,0,0,0,0,1,0,0,0
2020,7,22,1,5,2,2,1,1,0,0,0,0,0,0,1,0
2020,1,8,2,5,2,0,1,1,0,0,0,0,0,0,0,0
2018,8,8,4,5,2,0,0,1,0,0,0,0,0,0,0,0
2021,5,18,5,0,2,0,0,1,0,0,0,1,1,1,2,1
2019,5,9,3,3,6,0,1,1,0,0,0,0,0,0,0,0
2020,9,6,3,0,2,0,0,1,0,0,0,1,0,0,1,0
2021,4,8,5,0,5,0,0,1,0,1,0,0,0,1,2,0
2021,8,17,5,2,6,0,0,1,0,0,0,0,1,0,1,0
2019,10,10,3,2,6,0,0,1,0,0,0,0,0,0,0,0
2019,4,16,4,2,6,0,0,1,0,0,0,0,0,0,0,0
2020,10,15,4,2,6,0,0,1,0,0,0,0,1,1,1,0
2019,6,14,3,1,5,0,1,1,0,0,0,0,0,0,0,0
2018,8,17,4,5,7,0,1,1,0,0,0,0,0,0,0,0
2020,9,14,2,6,4,0,0,1,1,0,0,0,0,0,1,0
2018,9,20,7,5,2,2,1,1,0,0,0,0,0,0,0,0
2019,5,7,3,6,4,0,0,1,1,0,0,0,0,0,0,0
2019,3,18,6,5,2,1,1,1,0,0,0,0,1,0,0,0
2020,6,16,5,5,3,0,0,1,0,1,0,0,1,0,1,0
2019,7,8,4,5,3,0,1,0,0,0,0,1,0,0,0,0
2019,7,19,7,5,7,0,0,1,0,1,0,0,0,0,0,0
2018,4,10,6,2,6,0,0,1,0,0,0,0,0,0,0,0
2019,4,8,5,2,6,0,0,1,0,0,0,1,0,0,0,0
2019,10,19,6,1,5,2,1,1,0,0,0,0,1,0,0,0
2018,7,8,2,3,6,0,1,0,0,0,0,0,0,0,0,0
2019,3,18,3,0,6,0,0,1,0,0,0,1,0,0,0,0
2019,7,9,3,2,6,0,0,1,0,0,0,0,0,0,0,0
2018,10,19,3,2,6,2,0,1,0,0,0,0,1,0,0,0
2018,3,15,4,6,4,0,0,1,1,0,0,0,1,0,0,1
2020,2,18,2,6,2,2,0,1,1,0,0,0,1,0,0,0
2020,6,0,7,6,2,2,0,0,1,0,0,1,0,0,1,0
2018,6,13,3,3,2,0,1,0,0,0,0,1,0,0,0,0
2019,10,8,4,2,6,0,0,1,0,0,0,0,0,0,0,0
2020,8,8,3,3,6,0,1,1,0,0,0,0,0,0,1,0
2018,11,23,5,6,7,2,1,0,1,0,0,0,0,0,0,0
2021,10,9,2,5,2,0,0,1,0,0,0,0,1,0,1,0
2019,9,14,6,6,4,0,0,1,1,0,0,0,1,0,0,0
2019,6,13,4,6,4,0,0,0,1,0,0,1,0,0,0,0
2018,11,15,5,5,3,0,1,0,0,0,0,1,0,0,0,0
2019,10,17,6,5,3,0,0,1,0,0,0,0,0,0,0,0
2019,12,16,1,1,5,2,0,1,0,0,0,0,1,0,0,0
2021,12,11,2,5,2,0,1,1,0,0,0,0,0,1,2,0
2020,4,19,6,5,3,1,1,1,0,0,0,0,0,1,2,0
2021,10,16,7,5,2,0,0,1,0,1,0,0,0,0,1,0
2018,6,17,6,5,2,0,1,1,0,0,0,0,0,0,0,0
2018,8,10,1,5,3,0,0,1,0,0,0,0,0,0,0,0
2021,12,14,6,5,3,0,0,1,0,0,0,0,1,1,2,0
2018,6,14,7,4,6,0,0,1,0,0,0,0,0,0,0,1
2018,1,17,5,5,3,2,1,1,0,0,0,0,1,0,0,0
2019,7,19,1,2,6,0,0,1,0,0,0,0,0,0,0,0
2018,6,18,7,3,6,0,0,0,0,1,0,1,0,0,0,0
2018,8,13,2,0,6,0,0,1,0,1,0,0,0,0,0,1
2021,4,8,3,5,2,0,1,1,0,0,0,0,0,1,2,0
2019,4,10,3,6,7,0,0,0,1,0,0,1,0,0,0,1
2021,6,14,7,5,2,0,1,1,0,0,0,0,1,0,1,0
2018,4,15,6,5,2,0,1,0,0,0,0,0,0,0,0,1
2018,2,10,3,5,3,0,0,1,0,0,0,0,0,0,0,1
2020,11,13,7,6,7,0,0,1,1,0,0,0,0,1,2,0
2020,7,15,2,2,6,0,0,1,0,0,0,0,0,0,1,0
2019,7,9,2,2,6,0,0,1,0,0,0,0,0,0,0,0
2019,8,10,6,0,2,0,0,1,0,1,0,0,0,0,0,0
2020,11,0,6,5,3,2,0,1,0,0,0,0,1,1,2,1
2021,5,12,2,5,2,0,1,0,0,0,0,1,0,1,2,0
2019,6,18,2,5,3,0,0,1,0,0,0,1,0,0,0,0
2018,11,17,7,2,6,2,0,1,0,0,0,0,0,0,0,0
2018,11,21,6,2,6,2,0,1,0,0,0,0,1,0,0,0
2021,11,8,6,6,4,0,0,1,1,0,0,0,1,0,2,0
2020,9,18,4,0,5,0,1,1,0,0,0,0,0,0,1,0
2020,6,10,4,5,3,0,1,1,0,0,0,0,0,0,1,0
2020,9,11,4,0,2,0,0,1,0,0,0,1,0,0,1,0
2021,7,1,5,0,7,2,0,0,0,0,0,1,0,0,1,1
2020,8,14,3,5,2,0,1,1,0,0,0,0,0,0,1,0
2021,8,16,5,5,2,0,1,1,0,0,0,0,0,0,1,0
2018,7,8,2,2,7,0,1,0,0,0,0,0,0,0,0,0
2021,3,19,3,0,2,0,1,0,0,0,0,1,0,0,2,0
2020,7,10,6,2,6,0,0,1,0,0,0,1,0,0,1,0
2019,8,8,5,5,3,0,1,0,0,0,0,0,0,0,0,0
2019,11,14,3,1,5,0,0,1,0,0,0,0,0,0,0,0
2020,5,17,1,2,6,0,0,1,0,0,0,0,0,1,1,0
2020,10,9,6,5,2,0,1,0,0,0,1,0,1,1,1,0
2020,2,13,5,5,3,0,1,1,0,0,0,0,0,0,0,0
2020,6,11,6,5,2,0,1,0,0,0,1,0,0,0,1,0
2021,12,16,1,6,4,2,0,1,1,0,0,0,1,1,2,1
2018,6,7,4,2,6,0,0,1,0,0,0,0,0,0,0,0
2021,10,1,2,1,7,2,0,1,0,0,0,1,1,0,1,1
2018,8,14,4,5,2,0,1,1,0,0,0,0,0,0,0,0
2021,7,12,4,0,1,0,1,0,0,0,0,0,0,0,1,0
2019,9,10,6,6,4,0,0,1,1,0,0,0,1,0,0,0
2019,7,8,3,2,6,0,0,1,0,0,0,0,0,0,0,0
2018,7,15,1,2,6,0,0,1,0,0,0,0,0,0,0,0
2021,2,16,3,2,6,0,0,1,0,0,0,0,0,1,2,0
2019,2,18,4,0,1,2,1,0,0,0,0,0,0,0,0,0
2018,5,23,1,0,7,2,0,0,0,1,0,0,0,0,0,0
2021,6,9,3,5,2,0,0,0,0,1,0,1,0,0,1,0
2018,1,12,4,2,6,0,0,1,0,0,0,1,1,0,0,0
2020,3,19,3,5,3,2,0,1,0,0,0,1,0,1,1,0
2018,1,8,2,6,4,0,1,0,1,0,0,0,0,0,0,0
2018,11,7,3,5,3,1,1,1,0,0,0,0,1,0,0,0
2021,3,17,7,6,2,0,0,1,1,0,0,0,0,0,2,0
2020,2,19,2,2,6,2,0,1,0,0,0,0,0,0,0,0
2018,5,13,3,5,3,0,1,1,0,0,0,0,0,0,0,0
2019,11,16,7,5,2,2,1,1,0,0,0,0,1,0,0,0
2020,7,23,3,1,7,2,0,1,0,0,0,0,1,0,1,0
2018,11,17,2,2,6,1,0,1,0,0,0,0,0,0,0,0
2018,1,5,5,5,3,2,1,1,0,0,0,0,1,0,0,0
2019,6,20,2,5,3,0,0,1,0,0,0,1,1,0,0,0
2018,5,19,4,2,7,0,1,0,0,0,0,1,0,0,0,0
2019,7,17,7,0,3,0,1,1,0,0,0,0,0,0,0,0
2019,7,11,2,0,5,0,1,1,0,0,0,0,0,0,0,0
2019,2,9,6,0,5,0,0,1,0,1,0,0,0,0,0,0
2018,9,15,3,5,2,0,1,1,0,0,0,0,0,0,0,0