UJAHR,UMONAT,USTUNDE,UWOCHENTAG,UART,UTYP1,ULICHTVERH,IstRad,IstPKW,IstFuss,IstKrad,IstGkfz,IstSonstige,USTRZUSTAND,LOCKDOWN,COVID,UKATEGORIE
2020,12,15,2,0,2,1,0,1,0,1,0,0,1,1,2,0
2020,11,16,3,3,1,0,0,1,0,1,0,0,1,1,2,0
2019,8,12,7,2,6,0,0,1,0,0,0,0,0,0,0,0
2018,6,19,6,2,6,1,0,1,0,0,0,0,1,0,0,0
2019,9,16,4,2,2,0,1,0,0,0,0,1,0,0,0,0
2018,4,16,4,5,3,0,1,1,0,0,0,0,0,0,0,1
2020,8,18,1,6,4,0,0,1,1,1,0,0,0,0,1,1
2020,9,23,2,9,1,2,0,1,0,0,0,0,0,0,1,1
2021,8,21,4,1,5,2,1,1,0,0,0,0,0,0,1,1
2020,7,11,3,5,2,0,0,1,0,1,0,0,0,0,1,0
2021,9,0,4,5,2,2,1,0,0,0,0,1,0,0,1,0
2018,6,14,4,2,7,0,0,1,0,1,0,0,0,0,0,0
2021,9,15,5,5,2,0,0,1,0,1,0,0,0,0,1,0
2018,11,6,4,5,3,2,1,1,0,0,0,0,1,0,0,0
2021,10,13,5,0,4,0,1,0,1,0,0,0,1,0,1,0
2019,8,15,4,4,5,0,1,1,0,0,0,0,0,0,0,0
2020,6,17,5,5,3,0,1,1,0,0,0,0,0,0,1,0
2019,9,14,4,3,6,0,0,1,0,0,0,0,1,0,0,0
2018,8,8,5,2,4,0,0,1,1,0,0,0,0,0,0,0
2019,7,16,6,0,1,0,0,0,0,1,0,0,1,0,0,0
2019,8,15,6,5,3,0,1,1,0,0,0,0,0,0,0,0
2020,4,15,2,1,5,0,1,1,0,0,0,0,0,1,2,1
2018,1,7,4,6,2,0,0,0,1,0,0,1,1,0,0,0
2018,1,7,6,6,2,1,0,1,1,0,0,0,0,0,0,1
2021,7,20,6,5,3,0,0,1,0,0,0,0,0,0,1,0
2021,7,15,7,5,3,0,0,1,0,0,0,1,0,0,1,0
2018,1,19,5,6,2,2,0,1,1,0,0,0,1,0,0,1
2018,11,8,5,5,2,0,1,1,0,0,0,0,0,0,0,0
2019,5,15,4,3,6,0,0,1,0,1,0,0,0,0,0,0
2021,12,17,4,5,2,2,0,1,0,0,0,0,0,1,2,1
2019,6,9,5,3,6,0,0,1,0,0,0,1,1,0,0,0
2020,3,18,6,0,1,2,0,0,0,1,0,0,1,1,1,0
2019,3,14,6,0,7,0,0,1,0,0,0,0,0,0,0,0
2021,3,5,4,0,7,2,1,0,0,0,0,0,0,0,2,1
2021,9,23,5,1,7,2,1,1,0,0,0,0,0,0,1,0
2019,9,16,7,0,1,0,0,0,0,1,0,0,0,0,0,0
2019,9,16,6,3,6,0,0,1,0,1,0,0,1,0,0,0
2020,6,18,2,0,2,0,1,1,0,0,0,0,0,0,1,0
2019,12,20,3,6,2,2,0,1,1,0,0,0,1,0,0,0
2019,5,10,6,5,2,0,1,1,0,0,0,0,0,0,0,0
2019,10,15,7,6,2,0,0,1,1,0,0,0,0,0,0,1
2018,8,16,1,6,7,0,0,1,1,0,0,0,0,0,0,0
2018,2,11,5,6,4,0,0,1,1,0,0,0,0,0,0,0
2021,3,5,2,5,2,2,1,1,0,0,0,0,0,0,2,0
2021,12,17,5,5,3,2,1,1,0,0,0,0,0,1,2,1
2021,5,15,5,5,3,0,0,1,0,0,0,1,1,1,2,0
2020,11,8,5,0,1,0,1,0,0,0,0,0,0,1,2,0
2019,8,7,4,2,6,0,0,0,0,1,0,1,0,0,0,1
2021,4,16,6,5,2,0,1,1,0,0,0,0,0,1,2,0
2018,2,13,4,6,2,0,0,1,1,0,0,0,0,0,0,0
2021,7,14,1,2,6,0,0,1,0,0,0,0,0,0,1,0
2020,8,22,2,1,5,2,0,1,0,0,0,1,0,0,1,0
2018,4,13,6,5,3,0,0,1,0,0,0,0,0,0,0,0
2019,10,11,1,6,2,0,0,1,1,0,0,0,0,0,0,0
2021,6,1,6,2,6,2,0,1,0,0,0,0,0,0,1,0
2018,4,9,5,0,1,0,1,0,0,0,0,0,0,0,0,0
2019,2,11,4,5,2,0,1,1,0,0,0,0,0,0,0,0
2021,5,21,2,1,5,2,0,1,0,0,0,0,0,1,2,0
2020,9,14,2,6,4,0,1,0,1,0,0,0,0,0,1,1
2018,7,14,2,2,6,0,0,1,0,0,0,0,0,0,0,0
2019,4,18,4,5,2,1,1,1,0,0,0,0,0,0,0,0
2020,8,8,4,2,6,0,0,1,0,0,0,0,0,0,1,0
2020,11,14,3,5,2,0,0,1,0,0,0,0,0,1,2,0
2019,8,16,5,0,3,0,0,1,0,1,0,0,0,0,0,1
2019,8,13,7,1,5,0,1,1,0,0,0,0,0,0,0,0
2019,6,13,4,5,3,0,1,1,0,0,0,0,0,0,0,0
2020,8,5,2,2,6,1,0,1,0,0,1,0,0,0,1,0
2018,11,7,4,5,3,0,1,1,0,0,0,0,0,0,0,0
2019,9,20,7,0,6,1,0,1,0,1,0,0,0,0,0,0
2019,1,13,2,0,6,0,0,1,0,1,0,0,1,0,0,0
2018,9,15,5,3,6,0,0,1,0,1,0,0,0,0,0,0
2019,4,13,6,0,7,0,1,0,0,0,0,0,0,0,0,0
2018,12,20,4,0,1,2,0,0,0,1,0,0,1,0,0,0
2020,10,14,5,5,2,0,1,1,0,0,0,0,0,1,1,0
2018,4,17,2,5,7,0,0,1,0,1,0,0,0,0,0,0
2021,10,8,4,5,2,0,1,1,0,0,0,0,1,0,1,0
2019,7,8,3,0,2,0,1,0,0,1,0,0,0,0,0,0
2019,3,8,4,3,6,0,0,0,0,1,0,1,0,0,0,0
2021,9,10,3,3,6,0,0,1,0,1,0,0,0,0,1,0
2019,3,11,6,5,3,0,1,1,0,0,0,0,1,0,0,0
2018,12,15,7,5,7,0,0,1,0,0,0,0,1,0,0,0
2020,8,15,7,5,2,0,0,1,0,1,0,0,0,0,1,0
2020,8,11,4,2,6,0,0,1,0,0,0,0,1,0,1,0
2018,6,21,7,6,4,2,0,0,1,1,0,0,0,0,0,0
2020,2,11,6,6,6,0,0,1,1,0,0,0,0,0,0,1
2020,6,18,1,5,7,0,1,1,0,0,0,0,0,0,1,0
2018,10,9,4,5,3,0,1,1,0,0,0,0,0,0,0,0
2020,7,7,6,3,6,0,1,0,0,0,0,1,0,0,1,0
2018,10,7,4,5,3,0,1,1,0,0,0,0,0,0,0,0
2020,12,11,6,2,6,0,0,1,0,0,1,0,0,1,2,0
2020,6,11,3,5,3,0,1,1,0,0,0,0,0,0,1,0
2018,9,13,5,5,3,0,1,1,0,0,0,0,0,0,0,0
2021,5,22,7,6,2,2,0,1,1,0,0,0,0,1,2,0
2021,2,18,2,5,2,2,0,1,0,0,0,0,0,1,2,1
2019,8,15,5,5,2,0,1,1,0,0,0,0,0,0,0,1
2020,8,11,3,2,6,0,0,1,0,1,0,0,0,0,1,0
2020,2,14,6,2,6,0,0,1,0,0,0,0,0,0,0,0
2018,4,16,4,3,6,0,0,1,0,0,0,0,0,0,0,0
2018,5,10,4,6,4,0,0,1,1,0,0,0,0,0,0,0
2020,4,17,6,2,6,0,0,1,0,0,0,0,0,1,2,0
2020,11,7,2,2,6,0,0,1,0,0,0,0,0,1,2,0
2018,12,16,6,6,4,2,0,0,1,0,0,1,1,0,0,1
2020,7,17,2,6,4,0,0,1,1,0,0,0,0,0,1,0
2021,3,13,7,2,6,0,0,1,0,0,0,1,0,0,2,0
2021,9,10,1,2,6,0,0,1,0,0,0,1,0,0,1,0
2019,7,13,2,5,2,0,1,1,0,0,0,0,0,0,0,0
2021,5,12,3,3,6,0,0,1,0,1,0,0,0,1,2,1
2021,5,8,3,5,2,0,0,1,0,0,0,1,0,1,2,0
2020,1,14,3,6,4,0,0,1,1,0,0,0,0,0,0,0
2020,7,15,2,5,2,0,0,1,0,0,0,0,0,0,1,0
2020,11,14,1,0,1,0,1,0,0,0,0,0,0,1,2,0
2019,12,16,3,5,3,2,1,1,0,0,0,0,0,0,0,0
2019,8,16,3,5,7,0,0,1,0,0,0,0,0,0,0,1
2020,5,13,4,0,6,0,0,1,0,1,0,0,0,1,1,0
2018,6,7,6,5,2,0,1,1,0,0,0,0,0,0,0,0
2019,8,8,3,6,4,0,0,0,1,0,1,0,0,0,0,1
2018,6,13,3,0,1,0,1,0,0,0,0,0,0,0,0,0
2018,6,8,2,2,6,0,0,1,0,1,0,0,0,0,0,0
2020,9,12,5,2,6,0,0,1,0,0,0,0,0,0,1,0
2019,4,17,3,2,6,0,0,1,0,0,0,0,0,0,0,0
2018,7,12,2,4,6,0,1,0,0,0,0,0,0,0,0,0
2019,12,12,7,5,3,0,0,0,0,0,0,1,0,0,0,0
2019,8,15,5,9,1,0,0,0,0,1,0,0,0,0,0,1
2018,7,12,7,0,1,0,0,0,0,1,0,0,0,0,0,0
2018,1,12,3,2,7,0,1,1,0,0,0,0,0,0,0,0
2018,5,20,4,5,3,0,1,1,0,0,0,0,0,0,0,0
2018,11,16,4,6,2,1,0,0,1,0,0,1,0,0,0,0
2018,2,8,5,5,3,0,0,1,0,0,0,0,0,0,0,0
2021,5,12,2,5,3,0,1,1,0,0,0,0,0,1,2,0
2020,5,18,5,2,6,0,0,1,0,0,0,0,0,1,1,0
2018,1,21,6,2,6,2,0,1,0,0,0,1,0,0,0,0
2020,5,8,2,3,6,0,1,0,0,0,0,1,1,1,1,0
2018,4,13,1,0,7,0,1,1,0,0,0,0,1,0,0,0
2021,6,15,2,2,6,0,1,1,0,0,0,0,0,0,1,0
2018,10,15,5,6,4,0,0,1,1,0,0,0,0,0,0,0
2020,7,23,4,6,4,2,0,0,1,0,0,1,1,0,1,1
2020,8,13,7,3,6,0,1,0,0,0,0,0,0,0,1,1
2018,6,9,6,5,3,0,1,1,0,0,0,0,0,0,0,0
2018,1,7,2,6,4,0,0,1,1,0,0,0,0,0,0,1
2021,1,16,7,5,2,1,0,1,0,0,0,0,0,1,2,0
2019,6,15,6,1,5,0,0,1,0,0,0,0,0,0,0,0
2019,4,15,1,1,5,0,1,1,0,0,0,0,0,0,0,0
2018,3,10,4,5,3,0,0,1,0,0,0,0,1,0,0,0
2020,10,21,5,5,3,2,1,0,0,0,0,0,0,1,1,0
2020,8,11,4,2,2,0,0,1,0,1,0,0,0,0,1,0
2018,10,10,5,5,2,0,1,0,0,0,0,1,0,0,0,0
2021,9,10,3,4,6,0,1,0,0,0,0,0,0,0,1,0
2018,9,18,1,5,7,0,0,1,0,1,0,0,0,0,0,0
2020,1,15,4,6,4,0,0,1,1,0,0,0,0,0,0,0
2018,10,8,7,5,3,0,1,1,0,0,0,0,0,0,0,0
2018,9,14,5,2,6,0,0,1,0,1,0,0,0,0,0,0
2018,11,15,2,6,2,0,0,1,1,0,0,0,1,0,0,0
2019,12,16,2,1,5,2,1,0,0,0,0,1,0,0,0,0
2019,12,16,2,5,2,2,0,1,0,1,0,0,1,0,0,1
2018,12,10,7,5,3,0,0,1,0,1,0,0,1,0,0,0
2019,10,21,7,1,5,2,0,1,0,0,0,1,0,0,0,0
2020,4,13,1,7,7,0,0,1,0,0,0,0,0,1,2,0
2020,4,23,1,5,2,2,0,1,0,0,0,0,0,1,2,0
2018,10,11,3,1,5,0,0,1,0,0,0,1,0,0,0,0
2019,12,2,7,0,1,2,0,0,0,1,0,0,1,0,0,0
2018,5,8,2,2,6,0,0,1,0,0,0,0,0,0,0,0
2020,9,10,4,5,2,0,0,1,0,0,0,1,0,0,1,0
2021,10,23,1,5,3,2,1,0,0,0,0,0,0,0,1,0
2019,5,10,2,0,1,0,0,0,0,1,0,0,0,0,0,0
2021,4,13,2,5,3,0,1,1,0,0,0,0,0,1,2,0
2020,10,7,5,5,3,0,1,0,0,0,0,0,0,1,1,0
2020,8,12,2,2,2,0,0,1,0,0,0,0,0,0,1,0
2020,10,6,4,5,3,2,0,1,0,0,0,0,1,1,1,0
2021,12,14,7,2,2,0,0,1,0,0,0,0,0,1,2,0
2020,10,15,6,5,3,0,0,1,0,0,0,0,0,1,1,0
2018,6,12,3,0,1,0,0,0,0,1,0,0,0,0,0,0
2021,6,5,4,2,6,0,0,1,0,0,1,0,0,0,1,0
2020,9,12,1,5,2,0,1,0,0,0,0,1,0,0,1,1
2019,2,19,7,6,4,2,0,0,1,0,0,1,0,0,0,1
2019,11,13,6,2,2,0,0,1,0,0,1,0,0,0,0,1
2019,10,21,7,3,6,2,1,1,0,0,0,0,1,0,0,1
2020,10,7,6,5,7,0,0,1,0,0,0,1,1,1,1,0
2020,12,13,4,2,7,0,1,1,0,0,0,0,1,1,2,0
2019,4,8,2,5,2,0,1,1,0,0,0,0,0,0,0,0
2019,5,15,1,5,2,0,0,1,0,0,0,0,0,0,0,0
2020,12,19,4,5,3,2,0,1,0,0,0,0,1,1,2,0
2021,8,19,5,5,3,0,0,1,0,0,0,0,0,0,1,0
2018,6,13,3,2,6,0,1,1,0,0,0,0,0,0,0,0
2020,3,12,2,5,3,0,1,1,0,0,0,0,0,1,1,0
2018,11,8,4,0,7,0,1,1,0,0,0,0,1,0,0,0
2020,3,16,3,6,4,0,0,1,1,0,0,0,0,1,1,1
2019,10,7,3,6,2,1,0,1,1,0,0,0,0,0,0,0
2021,9,8,3,5,3,0,1,1,0,0,0,0,0,0,1,0
2018,12,19,4,0,3,2,0,1,0,1,0,0,0,0,0,0
2019,6,10,3,0,6,0,0,1,0,0,0,1,0,0,0,0
2019,7,11,3,2,2,0,0,1,0,1,0,0,0,0,0,0
2019,12,18,4,9,1,2,0,1,0,0,0,0,0,0,0,0
2019,11,18,5,2,6,2,0,1,0,0,0,0,1,0,0,0
2020,10,13,1,4,6,0,1,1,0,0,0,0,0,1,1,0
2019,11,16,3,4,6,1,1,0,0,0,0,0,0,0,0,1
2020,10,6,4,0,6,2,0,1,0,1,0,0,1,1,1,0
2020,6,13,1,0,2,0,0,1,0,1,0,0,1,0,1,0
2018,6,11,7,6,7,0,0,0,1,0,0,1,0,0,0,0
2018,5,9,4,2,6,0,0,1,0,0,0,0,0,0,0,0
2020,1,13,4,2,6,0,0,1,0,0,0,0,0,0,0,1
2019,5,15,6,2,6,0,0,1,0,0,0,0,0,0,0,1
2020,3,8,4,1,7,0,1,0,0,1,0,0,0,1,1,1
2021,3,16,3,2,6,0,1,0,0,0,0,0,0,0,2,0
2018,6,11,6,5,2,0,0,1,0,0,0,0,0,0,0,1
2020,8,10,3,2,6,0,0,1,0,0,0,0,0,0,1,0
2019,3,15,1,3,6,0,0,1,0,1,0,0,1,0,0,0
2018,7,22,7,5,3,2,1,1,0,0,0,0,0,0,0,0
2021,12,16,4,2,6,2,0,1,0,0,0,0,0,1,2,0
2020,11,13,7,2,6,0,0,1,0,0,0,1,0,1,2,0
2018,5,15,5,5,2,0,1,0,0,0,0,1,0,0,0,0
2018,10,18,2,2,6,1,0,1,0,1,0,0,0,0,0,0
2018,12,20,1,6,4,2,0,1,1,0,0,0,1,0,0,1
2018,1,13,6,5,2,0,0,1,0,0,0,0,1,0,0,1
2019,4,16,4,2,7,0,1,1,0,0,0,0,0,0,0,0
2021,10,12,6,2,7,0,0,1,0,1,0,0,0,0,1,0
2019,6,10,5,5,2,0,1,1,0,0,0,0,0,0,0,1
2021,7,15,7,6,4,0,1,0,1,0,0,0,0,0,1,0
2021,12,6,6,0,1,1,0,0,0,1,0,0,2,1,2,0
2019,10,19,5,3,6,2,1,1,0,0,0,0,1,0,0,1
2018,10,9,1,6,4,0,1,0,1,0,0,0,0,0,0,1
2019,4,15,3,2,6,0,0,1,0,0,0,0,0,0,0,0
2020,6,6,2,5,3,0,1,1,0,0,0,0,0,0,1,0
2020,3,12,4,5,2,0,0,1,0,0,1,0,0,1,1,0
2021,4,19,6,2,6,0,1,1,0,0,0,0,0,1,2,0
2018,4,8,2,1,5,0,0,1,0,0,0,0,1,0,0,0
2021,12,15,3,0,1,0,1,0,0,0,0,0,2,1,2,0
2020,2,12,3,5,3,0,1,1,0,0,0,0,1,0,0,0
2018,7,13,2,6,7,0,0,1,1,0,0,0,0,0,0,0
2021,8,12,2,6,4,0,0,0,1,0,0,1,1,0,1,1
2019,11,15,3,0,1,0,0,0,0,1,0,0,0,0,0,0
2021,8,16,2,2,3,0,1,1,0,0,0,0,0,0,1,0
2018,10,7,2,2,6,0,0,1,0,0,0,0,0,0,0,0
2018,6,13,3,2,2,0,0,1,0,0,0,0,0,0,0,0
2019,7,12,2,2,6,0,0,1,0,0,0,0,0,0,0,0
2019,1,16,5,6,4,0,0,1,1,0,0,0,0,0,0,0
2021,1,19,2,5,2,2,1,1,0,0,0,0,1,1,2,0
2020,10,10,5,5,3,0,1,1,0,0,0,0,0,1,1,0
2018,10,19,6,5,2,2,0,1,0,1,0,0,0,0,0,0
2021,9,16,2,0,2,0,1,1,0,0,0,0,0,0,1,0
2021,4,17,3,5,3,0,1,1,0,1,0,0,0,1,2,0
2019,6,20,7,2,6,0,0,1,0,0,0,0,0,0,0,0
2020,12,1,2,9,1,2,0,1,0,0,0,0,1,1,2,0
2020,9,12,2,5,2,0,0,1,0,0,0,0,0,0,1,0
2020,8,16,7,6,4,0,0,1,1,0,0,0,0,0,1,0
2018,4,17,7,5,2,0,1,1,0,0,0,0,0,0,0,0
2021,9,16,4,2,6,0,0,1,0,0,0,0,0,0,1,0
2019,12,16,1,3,6,2,1,0,0,0,0,0,1,0,0,0
2018,3,12,3,1,3,0,1,1,0,0,0,0,0,0,0,0
2018,6,10,4,5,2,0,1,1,0,0,0,0,0,0,0,0
2019,9,10,1,1,5,0,1,1,0,0,0,0,0,0,0,0
2020,8,16,4,2,6,0,0,1,0,0,0,0,0,0,1,0
2020,7,19,7,5,3,0,0,1,0,0,0,0,0,0,1,1
2019,5,13,3,5,3,0,1,1,0,0,0,0,0,0,0,0
2019,12,11,5,8,1,0,0,1,0,0,0,0,1,0,0,0
2019,7,12,5,5,3,0,0,0,0,0,1,1,0,0,0,0
2019,7,7,4,5,2,0,1,1,0,0,0,0,0,0,0,0
2021,5,15,7,5,2,0,0,1,0,0,0,0,0,1,2,0
2019,6,2,4,0,7,2,0,1,0,0,0,1,0,0,0,1
2020,7,4,5,9,1,1,0,1,0,0,0,0,0,0,1,0
2019,11,11,6,1,5,0,0,1,0,0,0,0,0,0,0,1
2020,10,13,5,5,3,0,0,1,0,0,0,0,1,1,1,0
2019,2,17,7,9,1,2,0,0,0,0,0,1,0,0,0,0
2018,7,11,5,2,6,0,0,1,0,0,0,0,0,0,0,0
2021,8,11,2,5,3,0,0,1,0,0,0,0,1,0,1,0
2020,4,18,3,2,2,0,0,1,0,1,0,0,0,1,2,0
2021,9,7,4,0,6,0,0,1,0,1,0,0,0,0,1,0
2020,9,10,5,5,3,0,0,1,0,0,0,1,0,0,1,0
2021,11,14,6,2,6,0,0,1,0,0,0,0,0,0,2,0
2019,6,0,7,2,7,2,1,1,0,0,0,0,0,0,0,0
2018,2,16,2,2,6,0,0,1,0,0,0,0,0,0,0,0
2018,9,15,5,6,4,0,1,0,1,0,0,0,0,0,0,0
2021,12,17,2,2,6,2,0,1,0,0,0,0,0,1,2,0
2019,9,16,4,4,1,0,0,1,0,0,0,0,1,0,0,0
2021,11,16,2,5,2,2,1,1,0,0,0,0,1,0,2,0
2019,1,1,3,5,3,2,0,1,0,0,0,1,1,0,0,1
2019,12,13,3,0,6,0,0,1,0,0,0,1,1,0,0,0
2018,8,7,3,5,2,0,0,1,0,0,0,1,0,0,0,0
2021,4,14,1,5,2,0,0,1,0,0,0,0,0,1,2,1
2018,7,17,5,5,3,0,1,0,0,0,0,1,0,0,0,0
2019,2,7,6,6,7,0,0,1,1,0,0,0,0,0,0,0
2021,7,12,7,3,6,0,0,1,0,1,0,0,0,0,1,0
2018,5,18,3,3,6,0,0,1,0,1,0,0,0,0,0,1
2021,6,7,4,2,6,0,0,1,0,0,0,0,0,0,1,0
2020,1,5,1,0,7,2,0,1,0,0,0,0,0,0,0,0
2018,11,6,2,5,2,1,0,1,0,0,0,0,1,0,0,0
2021,11,19,6,2,6,1,0,1,0,0,0,0,0,0,2,0
2018,5,5,5,5,3,1,1,1,0,0,0,0,0,0,0,1
2018,1,8,7,3,2,0,0,1,0,0,0,0,0,0,0,0
2020,6,16,5,5,2,0,0,1,0,1,0,0,0,0,1,0
2018,4,17,2,0,2,0,0,1,0,1,0,0,0,0,0,0
2021,11,22,1,4,6,2,0,1,0,0,0,0,1,0,2,0
2020,11,22,4,5,2,2,1,1,0,0,0,0,0,1,2,0
2019,9,12,6,2,2,0,0,1,0,1,0,0,0,0,0,0
2020,5,12,4,5,3,0,0,1,0,1,0,0,0,1,1,0
2021,11,15,2,5,3,0,0,1,0,0,0,1,0,0,2,0
2019,11,15,3,3,6,0,0,1,0,0,1,0,0,0,0,0
2019,6,12,3,5,2,0,1,0,0,0,1,0,0,0,0,0
2020,4,14,4,5,2,0,1,1,0,0,0,0,0,1,2,0
2020,1,14,3,2,6,0,0,1,0,0,0,1,1,0,0,0
2019,11,14,6,2,6,0,0,1,0,0,0,0,0,0,0,0
2020,12,16,3,2,6,2,0,1,0,0,0,0,0,1,2,0
2021,8,18,7,5,2,0,1,1,0,0,0,0,0,0,1,0
2021,3,16,2,6,2,0,0,1,1,0,0,0,0,0,2,0
2020,7,17,1,0,1,0,0,1,0,0,0,0,0,0,1,0
2018,3,19,7,2,6,2,0,1,0,0,0,0,1,0,0,0
2020,7,17,7,5,3,0,1,1,0,0,0,0,0,0,1,0
2019,11,7,2,5,2,2,1,1,0,0,0,0,0,0,0,1
2020,4,18,2,5,3,0,1,1,0,0,0,0,0,1,2,0
2021,7,14,5,2,6,0,0,1,0,0,0,0,0,0,1,0
2018,4,19,4,0,3,1,0,1,0,1,0,0,0,0,0,0
2021,9,10,6,1,5,0,1,1,0,0,0,0,0,0,1,0
2021,12,17,6,2,4,2,1,1,1,0,0,0,0,1,2,0
2018,3,14,2,2,6,0,0,1,0,0,0,0,0,0,0,0
2019,6,15,3,6,4,0,1,0,1,0,0,0,0,0,0,0
2019,8,18,6,5,3,0,1,1,0,0,0,0,0,0,0,0
2020,8,17,3,5,3,0,0,1,0,1,0,0,0,0,1,0
2020,9,22,7,3,6,2,0,1,0,0,0,0,0,0,1,0
2018,12,16,6,5,2,2,1,1,0,0,0,0,1,0,0,0
2021,2,14,2,6,2,0,0,1,1,0,0,0,2,1,2,0
2020,5,15,6,3,6,0,0,1,0,1,0,0,0,1,1,0
2019,7,23,4,5,7,2,0,1,0,1,0,0,1,0,0,0
2020,9,9,4,5,2,0,1,1,0,0,0,0,0,0,1,0
2018,1,16,1,2,2,1,0,1,0,0,0,0,0,0,0,0
2020,7,23,6,0,1,2,1,0,0,0,0,0,0,0,1,0
2018,5,9,6,0,1,0,0,0,0,1,0,0,0,0,0,0
2018,6,14,6,0,1,0,0,0,0,1,0,0,0,0,0,1
2018,2,18,2,5,2,2,1,1,0,0,0,0,0,0,0,0
2021,4,8,1,0,1,0,0,0,0,1,0,0,1,1,2,0
2020,6,19,3,1,7,0,0,1,0,0,0,0,0,0,1,1
2021,1,18,5,2,6,2,0,1,0,0,0,0,1,1,2,0
2018,5,9,3,1,5,0,1,1,0,0,0,0,0,0,0,0
2018,11,8,4,5,3,0,1,1,0,0,0,0,0,0,0,0
2021,9,11,5,5,2,0,1,1,0,0,0,0,0,0,1,0
2019,4,15,4,5,3,0,1,1,0,0,0,0,0,0,0,0
2021,6,8,2,5,3,0,1,0,0,0,0,0,0,0,1,0
2020,5,8,4,1,5,0,1,1,0,0,0,0,0,1,1,0
2020,9,7,2,5,2,0,1,1,0,0,0,0,0,0,1,0
2021,12,8,2,6,2,0,0,1,1,0,0,0,0,1,2,0
2020,7,13,2,5,3,0,0,1,0,0,0,0,0,0,1,0
2019,8,14,3,5,3,0,1,1,0,0,0,0,0,0,0,0
2018,8,15,1,5,2,0,1,0,0,0,0,0,0,0,0,0
2020,6,17,2,5,2,0,1,0,0,0,0,0,0,0,1,0
2019,8,16,3,5,2,0,1,1,0,0,0,0,0,0,0,0
2019,3,17,3,3,2,0,0,1,0,1,0,0,0,0,0,0
2020,10,1,7,1,5,2,1,1,0,0,0,0,1,1,1,0
2019,9,17,5,2,6,0,0,1,0,0,0,0,0,0,0,0
2020,3,16,3,5,3,0,0,1,0,1,0,0,1,1,1,0
2021,11,16,4,2,6,1,0,1,0,0,0,1,1,0,2,0
2020,3,12,4,5,2,0,0,1,0,0,0,0,0,1,1,0
2018,9,19,2,0,4,0,0,0,1,0,0,1,0,0,0,0
2021,6,16,4,0,1,0,1,0,0,0,0,1,0,0,1,0
2021,11,11,4,5,3,0,1,0,0,1,0,0,0,0,2,0
2019,8,14,1,3,6,0,0,1,0,1,0,0,0,0,0,0
2021,7,18,4,5,2,0,1,1,0,0,0,0,0,0,1,0
2018,9,12,7,5,3,0,1,1,0,0,0,0,0,0,0,0
2018,1,6,5,5,3,2,1,1,0,0,0,0,1,0,0,0
2018,9,16,3,0,2,0,1,0,0,0,1,0,0,0,0,0
2021,11,9,5,5,3,0,1,1,0,0,0,0,0,0,2,0
2018,1,21,7,2,6,2,0,1,0,0,0,0,0,0,0,0
2018,6,13,4,5,3,0,1,1,0,0,0,0,0,0,0,0
2019,4,20,2,6,4,2,0,1,1,0,0,0,0,0,0,1
2020,10,17,5,2,6,0,0,1,0,0,0,1,1,1,1,0
2021,8,10,2,3,6,0,1,1,0,0,0,0,0,0,1,0
2018,6,20,2,5,7,1,0,1,0,0,0,0,0,0,0,0
2021,3,9,4,5,2,0,1,0,0,0,1,0,0,0,2,0
2018,8,5,5,6,4,2,0,0,1,1,0,0,0,0,0,1
2018,11,8,5,3,6,0,0,1,0,1,0,1,0,0,0,0
2020,12,7,6,1,5,1,0,1,0,0,0,0,1,1,2,0
2021,9,15,3,5,3,0,1,1,0,0,0,0,0,0,1,0
2021,8,7,5,5,3,0,1,1,0,0,0,0,1,0,1,0
2020,1,18,7,2,2,2,0,1,0,0,0,0,0,0,0,0
2019,5,11,4,0,6,0,0,1,0,1,0,0,0,0,0,0
2018,11,18,2,4,1,1,0,1,0,0,0,0,1,0,0,0
2018,6,11,6,5,2,0,1,1,0,0,0,0,0,0,0,0
2019,3,21,5,5,3,2,0,1,0,0,0,0,1,0,0,0
2018,3,17,5,0,3,2,0,1,0,1,0,0,0,0,0,0
2021,8,17,2,6,4,0,1,0,1,0,0,0,0,0,1,0
2019,8,21,7,0,7,1,0,0,0,1,0,0,1,0,0,0
2018,6,17,3,5,2,0,1,1,0,0,0,0,0,0,0,0
2020,6,15,5,5,3,0,0,1,0,0,0,0,0,0,1,0
2020,10,16,5,3,6,0,0,1,0,0,1,0,1,1,1,0
2021,8,19,7,5,2,0,1,1,0,0,0,0,0,0,1,0
2020,10,21,7,6,4,2,1,0,1,0,0,0,0,1,1,0
2021,5,18,1,4,6,0,1,1,0,0,0,0,1,1,2,0
2018,12,14,2,5,2,0,0,1,0,0,0,0,0,0,0,0
2019,5,20,1,0,7,1,1,1,0,0,0,0,0,0,0,0
2019,11,16,3,2,6,2,0,1,0,0,0,0,0,0,0,0
2020,9,15,3,3,6,0,0,1,0,0,0,0,0,0,1,0
2019,1,7,5,6,2,0,0,1,1,0,0,0,1,0,0,0
2018,9,7,5,5,3,0,1,1,0,0,0,0,0,0,0,0
2019,3,20,5,5,2,2,1,1,0,0,0,0,1,0,0,0
2021,3,14,6,1,7,0,1,1,0,0,0,0,0,0,2,0
2020,5,16,4,5,3,0,0,1,0,0,0,1,0,1,1,0