UJAHR,UMONAT,USTUNDE,UWOCHENTAG,UART,UTYP1,ULICHTVERH,IstRad,IstPKW,IstFuss,IstKrad,IstGkfz,IstSonstige,USTRZUSTAND,LOCKDOWN,COVID,UKATEGORIE
2021,12,16,5,6,4,2,0,1,1,0,0,0,2,1,2,0
2021,6,9,3,1,5,0,0,1,0,1,0,0,0,0,1,0
2019,10,11,7,2,6,0,0,1,0,0,0,1,0,0,0,0
2020,9,14,2,5,2,0,0,1,0,0,0,0,0,0,1,1
2019,5,18,2,6,4,0,0,1,1,1,0,0,0,0,0,0
2020,3,17,6,2,6,0,0,1,0,0,0,0,0,1,1,0
2021,6,16,2,2,6,0,0,1,0,0,0,1,0,0,1,0
2019,8,13,5,2,6,0,0,1,0,0,0,0,0,0,0,0
2021,9,20,4,1,5,0,1,1,0,0,0,0,0,0,1,0
2019,6,0,6,5,3,2,1,1,0,0,0,0,0,0,0,0
2020,11,23,2,0,1,2,1,0,0,0,0,0,1,1,2,1
2019,4,20,6,5,2,0,0,1,0,0,0,0,0,0,0,1
2018,11,9,1,6,7,0,1,0,1,0,0,0,1,0,0,0
2021,6,10,3,5,7,0,0,1,0,0,0,1,0,0,1,0
2018,11,9,5,0,1,0,0,0,0,1,0,0,0,0,0,0
2021,9,13,6,5,2,0,1,1,0,0,0,0,0,0,1,1
2019,4,16,5,5,2,0,0,1,0,1,0,0,0,0,0,0
2020,12,17,3,5,3,2,0,1,0,1,0,0,1,1,2,1
2020,5,20,4,5,3,1,0,1,0,1,0,0,0,1,1,0
2018,9,13,6,6,7,0,0,0,1,0,0,1,0,0,0,0
2018,6,20,5,1,6,0,0,1,0,0,0,1,0,0,0,1
2019,11,15,1,2,6,0,0,1,0,0,0,0,0,0,0,0
2020,10,9,3,3,6,0,0,1,0,0,0,0,0,1,1,0
2019,3,9,3,5,2,0,1,1,0,0,0,0,0,0,0,0
2021,8,10,3,1,5,0,0,1,0,0,1,0,0,0,1,0
2019,3,17,3,5,3,0,1,0,0,0,1,0,0,0,0,0
2019,9,14,5,2,6,0,0,1,0,0,0,0,0,0,0,0
2018,11,16,2,5,2,1,1,1,0,0,0,0,0,0,0,0
2018,8,6,2,0,2,0,0,0,0,0,0,1,0,0,0,0
2019,7,7,3,5,7,0,1,0,0,0,0,1,0,0,0,0
2018,8,18,4,5,3,0,1,1,0,0,0,0,0,0,0,0
2020,7,10,5,1,5,0,1,1,0,0,0,0,0,0,1,0
2018,7,15,2,5,3,0,0,1,0,0,0,0,0,0,0,0
2019,12,19,2,6,2,2,0,1,1,0,0,0,1,0,0,0
2020,2,22,2,0,1,2,0,0,0,1,0,0,1,0,0,0
2020,3,1,6,2,6,2,0,1,0,0,0,0,0,1,1,0
2020,6,15,3,2,6,0,0,1,0,0,0,0,0,0,1,0
2019,12,21,2,6,4,2,0,1,1,0,0,0,1,0,0,0
2020,8,19,6,5,7,1,0,1,0,0,0,0,0,0,1,1
2020,4,20,5,5,3,2,0,1,0,0,0,0,0,1,2,0
2019,8,18,6,1,5,0,1,1,0,0,0,0,0,0,0,0
2019,11,17,7,6,2,2,0,1,1,0,0,0,0,0,0,0
2020,12,18,4,6,2,2,0,1,1,0,0,0,1,1,2,0
2020,3,17,5,6,4,1,0,1,1,0,0,0,0,1,1,0
2019,3,15,4,2,2,0,1,1,0,0,0,0,0,0,0,0
2018,7,20,2,3,6,0,1,1,0,0,0,0,0,0,0,0
2019,10,17,4,2,6,0,0,1,0,0,0,1,1,0,0,0
2020,6,22,6,2,6,2,0,1,0,1,0,0,0,0,1,0
2019,7,17,4,2,6,0,0,1,0,0,0,0,1,0,0,0
2018,2,17,4,6,4,1,0,1,1,0,0,0,0,0,0,0
2020,10,16,5,1,7,0,0,1,0,0,0,0,1,1,1,0
2019,8,1,4,8,1,2,0,1,0,0,0,0,0,0,0,0
2020,11,19,2,4,7,2,1,1,0,0,0,0,0,1,2,0
2020,6,14,6,2,6,0,0,1,0,0,0,0,0,0,1,0
2021,6,9,3,6,7,0,1,0,1,0,0,0,0,0,1,0
2020,4,9,4,5,3,0,0,1,0,0,0,0,1,1,2,0
2020,10,14,1,5,3,0,0,1,0,0,0,0,1,1,1,0
2018,12,16,6,2,2,2,0,1,0,0,0,1,1,0,0,0
2020,5,18,7,5,3,0,1,1,0,0,0,0,0,1,1,0
2019,9,7,5,5,3,0,1,1,0,0,0,0,0,0,0,0
2018,9,14,1,6,7,0,1,0,1,0,0,0,0,0,0,0
2020,8,18,2,6,4,0,0,1,1,0,0,0,0,0,1,1
2018,12,13,5,5,3,0,1,1,0,0,0,0,1,0,0,0
2019,12,14,5,6,4,0,0,1,1,0,0,0,0,0,0,1
2019,5,16,3,5,7,0,0,1,0,0,1,0,0,0,0,1
2018,8,17,6,2,6,0,0,1,0,0,0,0,0,0,0,0
2019,9,14,6,3,6,0,0,1,0,0,0,0,1,0,0,0
2018,2,14,4,1,5,0,1,1,0,0,0,0,0,0,0,0
2020,8,14,5,5,3,0,1,1,0,0,0,0,0,0,1,0
2021,6,13,4,2,6,0,0,1,0,0,0,0,1,0,1,0
2020,7,21,1,5,2,2,1,1,0,0,0,0,1,0,1,0
2021,10,14,6,5,2,0,1,1,0,0,0,0,0,0,1,0
2021,9,14,3,5,3,0,1,0,0,0,0,0,0,0,1,0
2020,5,23,4,5,2,2,1,1,0,0,0,0,0,1,1,0
2020,3,11,1,0,1,0,0,0,0,1,0,0,0,1,1,0
2019,6,20,4,5,3,0,0,1,0,0,0,0,0,0,0,0
2021,5,14,6,5,3,0,1,1,0,0,0,0,1,1,2,0
2021,11,4,7,0,1,2,0,0,0,0,0,1,0,0,2,0
2021,10,10,7,2,6,0,0,1,0,0,0,0,0,0,1,0
2018,10,17,4,5,3,2,1,1,0,0,0,0,0,0,0,0
2019,10,2,3,0,7,2,0,0,0,0,0,1,0,0,0,0
2019,10,17,4,4,7,2,1,0,0,0,0,1,0,0,0,1
2019,4,7,1,0,1,0,1,0,0,0,0,0,0,0,0,0
2019,11,20,3,5,3,2,1,1,0,0,0,0,1,0,0,0
2018,3,15,2,5,2,0,1,0,0,0,0,1,0,0,0,0
2021,2,20,5,5,3,2,1,1,0,0,0,0,0,1,2,0
2019,5,17,6,2,6,0,0,1,0,0,0,0,0,0,0,0
2021,12,14,5,5,2,0,0,1,0,0,0,0,1,1,2,0
2021,5,19,5,5,3,0,1,1,0,0,0,0,1,1,2,0
2021,4,20,5,5,3,2,0,1,0,0,0,1,0,1,2,0
2018,11,8,3,5,3,0,0,1,0,1,0,0,0,0,0,1
2021,1,13,3,0,7,0,0,0,0,0,1,0,0,1,2,0
2018,9,16,7,0,7,0,0,0,0,1,0,0,0,0,0,1
2019,12,23,7,5,2,2,0,1,0,0,0,0,1,0,0,0
2020,1,7,5,5,2,2,1,1,0,0,0,0,0,0,0,0
2019,1,6,4,5,2,1,1,1,0,0,0,0,0,0,0,0
2019,7,16,5,3,6,0,1,1,0,0,0,0,0,0,0,0
2018,1,13,7,1,5,0,0,1,0,0,0,0,1,0,0,0
2019,10,16,5,2,7,0,0,1,0,0,0,0,1,0,0,0
2018,4,15,3,5,3,0,0,1,0,0,0,0,0,0,0,0
2018,5,10,5,0,2,0,1,0,0,0,1,0,0,0,0,0
2018,5,11,3,5,2,0,1,1,0,0,0,0,0,0,0,0
2019,7,20,2,2,7,1,0,1,0,1,0,0,0,0,0,0
2020,12,8,3,0,1,0,1,0,0,0,0,0,1,1,2,0
2018,12,16,4,6,4,1,0,1,1,0,0,0,0,0,0,0
2019,8,15,7,2,6,0,0,1,0,0,0,0,0,0,0,0
2021,9,14,1,1,5,0,1,0,0,0,0,1,0,0,1,0
2019,2,10,4,2,6,0,0,1,0,0,0,0,0,0,0,0
2021,12,18,2,6,4,2,0,1,1,0,0,0,1,1,2,0
2018,5,16,3,1,5,0,1,1,0,0,0,0,1,0,0,0
2018,6,11,2,5,2,0,1,1,0,0,0,0,0,0,0,0
2020,12,10,7,5,2,0,0,1,0,0,0,0,1,1,2,0
2020,10,15,4,6,4,0,0,1,1,0,0,0,1,1,1,0
2020,7,6,2,6,4,0,0,1,1,0,0,0,0,0,1,0
2019,6,21,7,0,6,1,0,1,0,1,0,0,0,0,0,0
2021,11,17,7,6,4,1,0,1,1,0,0,0,0,0,2,1
2019,6,23,7,2,7,2,0,0,0,0,0,1,0,0,0,0
2020,6,18,1,5,3,0,0,1,0,0,0,0,0,0,1,0
2018,10,14,5,5,3,0,1,1,0,0,0,0,0,0,0,0
2021,9,13,6,5,3,0,0,1,0,0,0,1,0,0,1,0
2018,5,18,3,5,2,0,1,0,0,0,0,1,0,0,0,0
2018,5,18,3,0,1,0,0,0,0,1,0,0,0,0,0,0
2018,11,13,7,5,7,0,0,1,0,0,0,0,1,0,0,0
2021,8,10,3,5,3,0,1,1,0,0,0,0,1,0,1,1
2020,2,20,6,6,2,2,0,1,1,0,0,0,0,0,0,0
2018,8,13,1,0,7,0,0,1,0,1,0,0,1,0,0,0
2018,5,15,4,5,3,0,1,1,0,0,0,0,0,0,0,0
2018,5,16,5,5,3,0,1,1,0,0,0,0,0,0,0,0
2019,6,18,5,6,4,0,0,1,1,0,0,0,1,0,0,1
2019,8,15,4,0,1,0,1,0,0,0,0,0,0,0,0,0
2020,4,0,7,5,3,2,1,1,0,0,0,0,0,1,2,0
2020,1,18,4,5,3,2,1,1,0,0,0,0,1,0,0,0
2020,8,20,5,5,2,0,1,1,0,0,0,0,0,0,1,1
2020,3,15,6,3,6,0,1,0,0,0,1,0,1,1,1,0
2021,10,16,6,5,3,0,1,1,0,0,0,0,0,0,1,0
2018,6,19,7,5,2,0,0,1,0,1,0,0,0,0,0,1
2020,2,17,7,5,3,1,1,1,0,0,0,0,0,0,0,0
2019,1,16,3,5,2,2,0,1,0,0,0,0,1,0,0,0
2021,10,14,3,0,5,0,0,1,0,0,0,0,0,0,1,0
2021,8,19,6,5,3,0,1,0,0,0,0,0,0,0,1,0
2019,9,7,6,3,6,0,1,1,0,0,0,0,0,0,0,0
2020,8,6,7,1,7,0,0,1,0,0,0,0,0,0,1,0
2020,6,22,6,1,5,2,1,0,0,0,0,1,0,0,1,1
2020,10,0,1,9,7,2,0,0,0,0,0,1,0,1,1,0
2019,3,19,7,6,4,2,0,1,1,0,0,0,1,0,0,1
2021,8,11,3,2,6,0,0,1,0,1,0,0,0,0,1,1
2020,7,11,2,0,2,0,1,0,0,0,0,1,0,0,1,0
2021,4,17,4,5,2,0,0,1,0,0,0,0,0,1,2,1
2020,7,1,4,9,1,2,0,1,0,0,0,0,0,0,1,0
2020,1,17,4,5,3,2,0,1,0,0,0,0,1,0,0,1
2019,12,18,2,6,2,2,0,0,1,0,0,1,1,0,0,1
2018,11,15,2,5,7,0,0,0,0,0,1,1,0,0,0,0
2019,6,18,2,1,5,0,1,1,0,0,0,0,0,0,0,0
2021,12,16,1,9,1,2,0,1,0,0,0,0,1,1,2,0
2021,9,15,2,5,3,0,1,1,0,0,0,0,0,0,1,0
2018,5,11,4,1,5,0,1,1,0,0,0,0,0,0,0,0
2021,3,10,7,2,6,0,0,1,0,0,0,0,0,0,2,0
2021,8,15,4,5,3,0,1,0,0,0,0,0,0,0,1,1
2019,11,7,5,5,2,0,0,1,0,0,0,1,0,0,0,0
2020,1,15,6,3,6,0,0,1,0,0,0,0,0,0,0,0
2019,5,7,4,2,6,0,1,0,0,0,0,0,0,0,0,0
2020,8,6,6,5,3,0,1,1,0,0,0,0,0,0,1,0
2020,11,9,2,2,6,0,0,1,0,0,0,1,0,1,2,1
2019,2,19,4,6,4,2,0,1,1,0,0,0,0,0,0,1
2019,6,7,6,1,5,0,1,1,0,0,0,0,0,0,0,0
2021,7,15,3,1,5,0,1,1,0,0,0,0,0,0,1,0
2020,2,8,5,5,2,0,1,1,0,0,0,0,0,0,0,0
2019,2,16,4,5,2,0,0,1,0,1,0,0,0,0,0,1
2018,6,9,3,0,4,0,0,0,1,0,0,1,0,0,0,0
2020,4,10,2,5,3,0,0,1,0,0,0,0,0,1,2,0
2020,6,9,3,3,6,0,1,0,0,0,0,0,0,0,1,1
2019,6,18,4,0,7,0,1,0,0,0,0,0,0,0,0,0
2021,6,16,3,3,2,0,1,1,0,0,0,0,0,0,1,0
2018,6,16,3,2,7,0,0,1,0,0,0,0,0,0,0,0
2019,7,15,4,3,6,0,1,1,0,0,0,0,0,0,0,0
2019,7,16,4,0,7,0,1,1,0,0,0,0,0,0,0,0
2020,5,15,7,2,6,0,0,1,0,0,0,0,1,1,1,0
2021,5,23,5,1,7,2,0,1,0,0,0,0,0,1,2,0
2018,4,20,4,1,5,2,1,1,0,0,0,0,0,0,0,0
2019,10,6,5,8,1,1,0,1,0,0,0,0,1,0,0,1
2021,10,9,4,6,7,0,0,0,1,0,0,1,0,0,1,0
2021,11,20,5,2,6,2,0,1,0,0,0,0,1,0,2,0
2018,4,21,5,2,7,2,1,1,0,0,0,0,0,0,0,1
2020,5,13,7,2,6,0,0,1,0,0,0,0,0,1,1,0
2018,3,10,5,1,5,0,1,1,0,0,0,0,1,0,0,0
2021,3,8,3,5,3,0,0,1,0,0,0,1,0,0,2,0
2021,6,15,5,0,2,0,1,1,0,0,0,0,0,0,1,0
2020,7,20,5,1,5,0,1,1,0,0,0,0,0,0,1,0
2019,10,16,1,5,3,0,1,1,0,0,0,0,0,0,0,0
2021,5,21,1,0,2,1,0,1,0,0,0,1,0,1,2,0
2021,4,15,7,2,6,0,0,1,0,0,0,0,0,1,2,0
2021,1,12,4,6,7,0,0,1,1,0,0,0,1,1,2,0
2020,4,8,3,2,6,0,0,1,0,0,0,0,0,1,2,0
2020,6,17,4,5,2,0,1,1,0,0,0,0,0,0,1,0
2019,4,18,4,5,3,0,1,1,0,0,0,0,0,0,0,0
2018,4,16,2,4,6,0,1,0,0,0,1,0,0,0,0,0
2020,7,12,6,5,7,0,0,1,0,1,0,0,0,0,1,1
2020,5,18,7,3,6,0,1,1,0,0,0,0,0,1,1,0
2018,8,19,4,2,3,0,0,1,0,0,0,1,0,0,0,0
2018,10,16,5,5,2,0,0,1,0,1,0,0,0,0,0,0
2018,10,19,5,0,6,2,0,1,0,0,0,0,0,0,0,0
2019,3,15,5,3,6,0,1,0,0,0,0,1,0,0,0,0
2018,11,13,2,2,6,0,0,1,0,0,1,0,1,0,0,0
2019,5,9,6,5,2,0,0,1,0,0,0,0,0,0,0,0
2020,9,15,5,1,5,0,0,1,0,0,0,1,0,0,1,0
2019,3,7,3,5,2,0,1,1,0,0,0,0,0,0,0,0
2020,11,15,3,5,2,1,1,1,0,0,0,0,0,1,2,0
2021,3,17,5,5,2,0,1,1,0,0,0,0,0,0,2,0
2019,2,8,5,2,6,0,0,1,0,0,0,0,0,0,0,0
2020,8,0,5,0,6,2,0,1,0,0,0,1,0,0,1,1
2018,8,18,5,2,6,1,0,1,0,1,0,0,1,0,0,0
2019,9,14,6,2,6,0,0,1,0,0,0,0,0,0,0,0
2021,5,2,4,0,7,2,0,0,0,0,0,1,0,1,2,0
2020,11,12,2,6,4,0,1,0,1,0,0,0,0,1,2,0
2021,8,14,2,2,6,0,0,1,0,0,0,0,1,0,1,0
2021,7,8,3,2,6,0,1,1,0,0,0,0,0,0,1,0
2018,6,20,3,5,3,2,1,0,0,0,0,0,0,0,0,1
2019,9,4,5,6,2,2,0,1,1,0,0,0,0,0,0,0
2018,3,10,7,5,7,0,1,1,0,0,0,0,1,0,0,0
2018,11,14,6,6,4,0,0,1,1,0,0,0,0,0,0,0
2021,4,18,6,3,6,0,1,0,0,0,0,0,0,1,2,1
2021,7,16,5,5,3,0,1,1,0,0,0,0,1,0,1,0
2018,8,15,5,5,3,0,1,1,0,0,0,0,0,0,0,1
2019,5,22,7,5,3,2,1,1,0,0,0,0,0,0,0,0
2018,5,14,3,6,7,0,1,0,1,0,0,0,0,0,0,0
2019,12,15,5,5,2,0,0,1,0,0,0,1,0,0,0,0
2018,10,7,3,5,2,1,1,1,0,0,0,0,0,0,0,0
2019,7,15,2,6,4,0,0,1,1,0,0,1,0,0,0,1
2018,7,12,5,1,5,0,0,1,0,1,0,0,0,0,0,0
2018,10,9,3,6,4,0,0,1,1,0,0,0,0,0,0,0
2019,12,17,3,1,5,2,1,1,0,0,0,0,1,0,0,0
2021,9,12,6,3,6,0,0,1,0,0,1,0,0,0,1,0
2021,3,11,3,5,2,0,0,1,0,0,0,1,0,0,2,0
2019,1,20,3,5,2,2,0,1,0,0,0,0,0,0,0,0
2018,12,17,6,6,2,2,0,1,1,0,0,0,1,0,0,0
2020,5,8,5,5,2,0,1,1,0,0,0,0,0,1,1,0
2020,7,16,3,5,3,0,1,0,0,1,0,0,0,0,1,1
2020,7,17,1,4,6,0,1,0,0,0,0,0,0,0,1,0
2019,5,8,6,5,2,0,1,1,0,0,0,0,0,0,0,0
2020,1,18,5,5,3,2,0,1,0,0,0,1,0,0,0,0
2018,4,8,6,5,3,0,1,1,0,0,0,0,0,0,0,0
2018,5,14,7,2,6,0,0,1,0,1,0,0,0,0,0,0
2018,2,18,7,5,2,2,1,1,0,0,0,0,0,0,0,1
2019,3,12,1,5,2,0,1,1,0,0,0,0,1,0,0,0
2021,8,13,1,0,5,0,0,1,0,0,0,1,1,0,1,0
2020,12,6,2,6,2,2,0,1,1,0,0,0,0,1,2,0
2019,6,16,5,0,1,0,1,0,0,0,0,0,1,0,0,1
2019,5,8,5,5,3,0,1,1,0,0,0,0,0,0,0,0
2018,1,14,5,5,3,0,0,1,0,0,0,0,1,0,0,0
2019,6,1,1,2,6,2,1,1,0,0,0,0,0,0,0,0
2018,7,16,5,5,2,0,1,1,0,0,0,0,0,0,0,0
2020,10,7,6,6,2,2,0,1,1,0,0,0,1,1,1,0
2021,3,11,2,5,2,0,0,1,0,0,0,0,0,0,2,1
2020,8,11,6,0,6,0,0,1,0,1,0,0,0,0,1,0
2020,11,9,2,5,3,0,0,1,0,0,0,0,0,1,2,0
2018,6,15,6,6,4,0,0,1,1,0,0,0,0,0,0,0
2020,1,14,2,0,6,0,0,1,0,0,0,1,0,0,0,0
2019,6,18,4,5,3,0,1,1,0,0,0,0,0,0,0,0
2018,5,12,5,0,1,0,1,0,0,0,0,0,0,0,0,1
2019,11,15,4,6,7,0,0,1,1,0,0,0,0,0,0,1
2018,6,17,1,2,6,0,0,1,0,0,0,0,1,0,0,0
2021,9,12,2,5,3,0,0,1,0,1,0,0,0,0,1,0
2020,7,23,1,1,5,2,0,1,0,0,0,0,1,0,1,1
2020,10,19,6,6,4,2,0,1,1,0,0,0,1,1,1,1
2020,5,17,1,5,2,0,1,1,0,0,0,0,0,1,1,0
2019,9,12,6,0,7,0,1,1,0,0,0,0,0,0,0,0
2021,4,8,2,5,3,0,1,1,0,0,0,0,0,1,2,0
2019,6,22,2,8,1,2,0,1,0,0,0,0,1,0,0,0
2021,3,8,3,5,2,0,0,1,0,0,0,0,0,0,2,0
2018,5,12,5,5,3,0,0,1,0,1,0,0,0,0,0,0
2018,10,20,6,5,3,2,1,1,0,0,0,0,0,0,0,0
2019,8,10,3,0,2,0,1,1,0,0,0,0,0,0,0,0
2018,4,19,3,5,2,0,0,1,0,0,0,0,0,0,0,0
2020,9,18,4,2,6,1,0,1,0,0,0,0,0,0,1,0
2018,3,16,7,0,2,0,0,0,0,0,0,1,0,0,0,0
2018,12,16,2,2,2,0,0,1,0,0,0,0,1,0,0,0
2018,3,15,4,5,7,0,0,1,0,0,0,1,1,0,0,1
2019,4,18,7,5,3,0,0,1,0,0,0,0,0,0,0,0
2019,11,8,5,5,3,0,1,1,0,0,0,0,0,0,0,0
2018,4,12,3,3,6,0,0,1,0,0,0,0,0,0,0,0
2018,2,10,4,5,3,0,0,1,0,0,0,0,0,0,0,0
2019,7,11,7,5,2,0,0,1,0,0,0,0,0,0,0,0
2019,11,6,2,6,4,2,0,0,1,1,0,0,1,0,0,0
2021,8,23,1,0,1,2,0,0,0,0,0,1,0,0,1,0
2018,10,17,3,5,3,1,1,1,0,0,0,0,0,0,0,0
2020,8,14,2,5,3,0,0,1,0,1,0,0,0,0,1,0
2018,9,7,2,5,3,0,1,1,0,0,0,0,0,0,0,0
2019,4,12,2,2,6,0,0,1,0,1,0,0,0,0,0,0
2019,1,17,4,6,4,2,1,0,1,0,0,0,0,0,0,0
2021,9,15,4,6,4,0,0,1,1,0,0,0,0,0,1,0
2020,6,13,5,5,2,0,1,1,0,0,0,0,0,0,1,0
2019,8,20,5,0,7,1,1,0,0,0,0,0,0,0,0,0
2020,10,15,5,5,3,0,0,1,0,1,0,0,0,1,1,0
2019,3,15,3,6,4,0,0,1,1,0,0,0,1,0,0,0
2018,2,5,6,3,3,2,0,1,0,0,0,1,1,0,0,0
2019,8,7,6,3,6,0,0,1,0,1,0,0,0,0,0,0
2019,7,15,6,2,6,0,0,1,0,1,0,0,0,0,0,0
2021,7,19,2,5,3,0,1,1,0,0,0,0,0,0,1,0
2019,1,14,3,2,6,0,0,1,0,0,0,0,0,0,0,0
2020,9,18,4,2,6,0,0,1,0,1,0,0,0,0,1,0
2020,2,19,1,2,6,2,0,1,0,0,0,0,1,0,0,0
2018,8,13,5,2,6,0,0,1,0,0,1,0,1,0,0,0
2021,7,9,5,0,5,0,0,1,0,1,0,0,0,0,1,0
2020,1,11,6,2,6,0,0,1,0,0,0,0,0,0,0,0
2019,8,18,3,1,5,0,1,1,0,0,0,0,0,0,0,0
2019,6,16,2,5,3,0,1,1,0,0,0,0,0,0,0,0
2020,8,12,2,2,6,0,0,1,0,1,0,0,0,0,1,0
2020,8,14,6,2,6,0,0,1,0,0,0,0,0,0,1,0
2020,5,14,4,5,2,0,0,0,0,1,0,1,0,1,1,0
2020,10,6,6,3,6,0,1,1,0,0,0,0,1,1,1,0
2018,10,17,4,2,6,0,0,1,0,0,0,0,0,0,0,0
2019,1,5,3,9,1,2,0,1,0,0,0,0,1,0,0,0
2018,9,21,2,0,1,2,1,0,0,0,0,0,0,0,0,1
2018,1,8,3,5,3,0,0,1,0,0,0,0,2,0,0,0
2020,8,12,3,5,2,0,1,1,0,0,0,0,0,0,1,0
2020,9,13,6,5,2,0,0,1,0,1,0,0,0,0,1,0
2019,8,9,2,5,2,0,0,1,0,1,0,0,0,0,0,0
2018,10,4,5,5,3,2,0,1,0,0,0,0,0,0,0,0
2018,4,16,6,5,2,0,1,1,0,0,0,0,0,0,0,0
2020,2,17,3,5,2,1,1,1,0,0,0,0,1,0,0,0
2021,9,10,7,1,7,0,0,1,0,0,0,0,0,0,1,0
2020,12,10,2,5,3,0,0,1,0,0,1,0,1,1,2,1
2020,1,23,6,6,7,2,1,1,1,0,0,0,1,0,0,0
2019,11,8,3,5,3,0,1,1,0,0,0,0,0,0,0,0
2021,2,18,2,5,2,2,0,1,0,0,0,0,2,1,2,0
2020,6,23,2,1,5,2,1,1,0,0,0,0,0,0,1,0
2020,9,14,6,3,6,0,0,1,0,0,0,0,1,0,1,0
2018,6,15,3,5,5,0,1,0,0,0,0,1,0,0,0,0
2019,2,19,7,3,6,2,0,1,0,0,0,0,0,0,0,0
2020,4,13,5,5,3,0,1,1,0,0,0,0,1,1,2,1
2020,8,16,4,5,2,0,0,1,0,1,0,0,0,0,1,0
2018,5,14,2,1,5,0,1,1,0,0,0,0,0,0,0,0
2018,9,12,6,3,6,0,1,1,0,0,0,0,0,0,0,0
2019,1,20,3,5,3,2,0,1,0,0,0,1,0,0,0,0
2019,4,14,4,5,3,0,0,1,0,0,1,0,0,0,0,0
2018,5,16,5,1,5,0,0,1,0,0,0,0,0,0,0,0
2018,7,15,6,2,6,0,0,1,0,0,0,0,0,0,0,0
2021,9,11,3,0,1,0,0,0,0,0,0,1,0,0,1,0
2020,7,17,5,5,2,0,0,1,0,1,0,0,0,0,1,1
2019,6,17,6,1,5,0,1,1,0,0,0,1,0,0,0,0
2019,11,14,7,2,6,0,0,1,0,0,0,1,1,0,0,0
2018,8,19,5,2,6,1,1,1,0,0,0,0,0,0,0,0
2018,4,16,4,2,6,0,0,1,0,1,0,0,0,0,0,0
2019,9,6,4,5,2,0,1,1,0,0,0,0,0,0,0,0
2018,5,9,4,2,6,0,0,0,0,0,1,1,0,0,0,0
2018,5,14,6,9,1,0,0,0,0,1,0,0,0,0,0,1
2018,4,22,5,9,1,2,0,1,0,0,0,0,1,0,0,0
2021,9,11,6,5,2,0,1,0,0,0,0,1,0,0,1,0
2019,5,19,4,3,6,0,0,1,0,0,0,0,0,0,0,1
2019,4,12,3,0,2,0,0,0,0,0,0,1,0,0,0,0
2020,9,14,6,2,6,0,0,1,0,0,1,0,1,0,1,0
2021,6,23,7,5,2,2,1,1,0,0,0,0,0,0,1,0
2018,5,14,6,5,3,0,0,1,0,0,0,0,0,0,0,0
2018,4,9,4,5,2,0,1,1,0,0,0,0,0,0,0,0
2019,9,10,4,5,2,0,0,1,0,0,0,0,0,0,0,1
2020,4,8,5,6,4,0,0,1,1,0,0,0,0,1,2,0
2021,3,16,3,5,2,0,0,0,0,1,0,1,0,0,2,0
2018,4,15,5,5,2,0,1,1,0,0,0,0,0,0,0,0
2019,12,16,6,2,2,1,0,1,0,0,0,0,0,0,0,0
2018,7,16,2,6,4,0,1,0,1,0,0,0,0,0,0,0
2020,1,21,7,5,3,2,0,1,0,0,0,0,1,0,0,0
2019,9,20,5,1,5,2,1,1,0,0,0,0,1,0,0,0
2021,11,10,3,6,7,0,0,1,1,0,0,0,0,0,2,0
2020,4,11,5,5,3,0,0,1,0,0,0,0,0,1,2,0
2020,8,18,5,5,2,0,1,1,0,0,0,0,0,0,1,0
2018,7,15,6,5,3,0,1,0,0,1,0,0,0,0,0,0
2018,8,13,2,2,6,0,0,1,0,0,0,0,0,0,0,0
2019,12,13,6,5,3,0,1,1,0,0,0,0,1,0,0,0
2021,3,9,3,2,6,0,0,1,0,0,0,0,0,0,2,0
2019,6,8,3,0,1,0,0,0,0,1,0,0,0,0,0,0
2021,4,19,2,5,2,0,0,1,0,0,0,0,0,1,2,0
2020,10,19,1,0,6,2,0,1,0,1,0,0,1,1,1,0
2020,8,16,4,2,6,0,0,1,0,0,0,1,1,0,1,0
2018,11,17,7,6,4,2,0,0,1,1,0,0,0,0,0,0
2019,6,15,5,2,6,0,0,1,0,0,0,0,0,0,0,0
2018,3,14,3,6,4,0,0,1,1,0,0,0,1,0,0,0
2018,10,12,6,2,6,0,0,1,0,0,0,0,0,0,0,0
2018,7,18,7,3,6,0,1,1,0,0,0,0,0,0,0,0
2020,12,15,5,5,2,1,0,1,0,0,0,0,1,1,2,0
2021,2,17,5,5,3,1,0,1,0,0,0,0,1,1,2,0
2019,8,13,4,5,3,0,0,1,0,0,0,0,0,0,0,0
2018,7,7,3,0,6,0,1,1,0,0,0,0,0,0,0,0
2019,6,18,4,6,4,0,0,1,1,0,0,0,1,0,0,0
2019,9,8,1,2,6,0,0,1,0,0,0,0,0,0,0,0
2020,12,12,4,5,2,0,1,1,0,0,0,0,0,1,2,0
2021,2,13,7,4,1,0,0,1,0,0,0,0,2,1,2,0
2020,5,8,2,0,1,0,0,0,0,1,0,0,1,1,1,0
2020,4,13,3,0,1,0,0,0,0,1,0,0,0,1,2,0
2021,10,19,5,2,6,2,0,1,0,0,0,0,1,0,1,0
2018,12,17,7,2,6,2,0,1,0,0,0,0,1,0,0,0
2020,10,8,3,5,3,0,1,1,0,0,0,0,0,1,1,1
2019,4,8,4,2,6,0,0,1,0,0,0,0,0,0,0,0
2018,2,16,7,6,4,1,0,1,1,0,0,0,0,0,0,0