UJAHR,UMONAT,USTUNDE,UWOCHENTAG,UART,UTYP1,ULICHTVERH,IstRad,IstPKW,IstFuss,IstKrad,IstGkfz,IstSonstige,USTRZUSTAND,LOCKDOWN,COVID,UKATEGORIE
2018,6,19,5,5,3,0,0,1,0,0,0,0,0,0,0,0
2019,1,14,2,4,1,0,0,1,0,0,0,0,1,0,0,0
2020,7,11,5,5,2,0,1,1,0,0,0,0,0,0,1,0
2018,4,8,4,2,6,0,1,1,0,0,0,0,0,0,0,0
2020,10,17,2,2,6,0,0,1,0,1,0,0,1,1,1,0
2020,9,15,4,5,3,0,0,1,0,0,0,0,1,0,1,0
2018,9,9,5,2,6,0,0,1,0,0,0,0,0,0,0,0
2018,8,14,4,5,3,0,0,1,0,0,0,0,0,0,0,0
2018,4,8,5,2,6,0,0,1,0,0,0,1,1,0,0,0
2020,7,16,4,0,5,0,1,1,0,0,0,0,0,0,1,0
2019,6,16,6,0,1,0,1,0,0,0,0,0,0,0,0,0
2019,5,8,3,5,3,0,0,1,0,1,0,0,0,0,0,0
2018,12,17,5,1,5,2,1,1,0,0,0,0,1,0,0,0
2018,5,7,4,5,3,0,1,1,0,0,0,0,0,0,0,1
2018,5,11,4,5,2,0,0,1,0,0,0,0,0,0,0,0
2021,11,15,3,2,6,0,0,1,0,0,0,0,1,0,2,0
2018,8,9,5,0,4,0,1,0,1,0,0,0,0,0,0,0
2019,7,4,6,5,3,1,0,1,0,0,0,1,0,0,0,1
2018,4,14,1,0,5,0,0,1,0,0,0,1,1,0,0,0
2019,11,17,4,5,2,2,1,1,0,0,0,0,1,0,0,0
2018,6,16,3,5,3,0,1,1,0,0,0,0,0,0,0,0
2020,9,7,3,5,3,0,1,1,0,0,0,0,0,0,1,0
2019,5,14,2,5,7,0,0,1,0,0,0,1,0,0,0,1
2018,7,14,2,1,5,0,1,1,0,0,0,0,0,0,0,0
2020,8,12,7,1,5,0,1,1,0,0,0,0,0,0,1,1
2020,9,9,1,5,2,0,0,1,0,0,0,0,0,0,1,0
2020,12,17,4,1,5,2,1,1,0,0,0,0,1,1,2,0
2018,12,12,5,5,2,0,1,1,0,0,0,0,1,0,0,0
2018,6,8,3,3,6,0,1,1,0,0,0,0,0,0,0,0
2019,8,15,6,5,2,0,1,1,0,0,0,0,0,0,0,0
2018,3,15,7,1,5,0,0,1,0,0,0,0,0,0,0,0
2018,10,8,3,0,2,0,0,0,0,0,0,1,0,0,0,0
2020,3,17,7,6,4,0,0,1,1,0,0,0,0,1,1,0
2021,6,14,7,3,6,0,0,1,0,1,0,0,0,0,1,0
2020,11,18,4,0,1,2,1,0,0,0,0,0,0,1,2,0
2018,5,15,6,4,6,0,1,1,0,0,0,0,0,0,0,0
2021,6,17,7,2,6,0,0,1,0,0,0,1,0,0,1,0
2018,4,18,1,5,7,0,0,1,0,0,0,0,0,0,0,0
2018,5,12,5,4,6,0,0,1,0,0,0,0,0,0,0,0
2020,7,13,6,0,1,0,1,0,0,0,0,0,0,0,1,1
2020,4,14,2,5,2,0,1,0,0,0,0,0,0,1,2,0
2019,9,8,2,2,2,0,1,1,0,0,0,0,0,0,0,0
2019,9,16,4,6,4,0,0,1,1,0,0,0,1,0,0,0
2020,10,16,7,0,2,1,1,0,0,0,0,1,1,1,1,0
2018,9,10,5,5,3,0,1,1,0,0,0,0,0,0,0,0
2019,7,19,1,1,5,0,0,1,0,1,0,0,0,0,0,0
2018,11,21,6,3,6,2,0,1,0,0,1,0,0,0,0,0
2018,3,14,7,2,6,0,0,1,0,0,0,0,1,0,0,0
2021,8,8,3,2,6,0,0,1,0,0,0,0,0,0,1,0
2018,5,8,3,5,2,0,1,1,0,0,0,0,0,0,0,1
2018,12,7,6,2,6,1,0,1,0,0,0,0,1,0,0,0
2018,6,8,5,6,4,0,1,0,1,0,0,0,0,0,0,0
2018,12,18,7,5,2,2,0,1,0,0,0,0,1,0,0,0
2021,3,12,3,5,3,0,0,1,0,0,0,0,0,0,2,1
2018,5,9,3,0,2,0,1,0,0,0,1,0,0,0,0,0
2021,11,14,5,1,5,0,0,1,0,0,0,1,0,0,2,0
2020,12,12,7,2,6,0,0,1,0,0,0,0,0,1,2,0
2019,1,18,2,3,6,2,0,1,0,0,0,0,1,0,0,0
2018,4,14,6,3,6,0,1,0,0,0,0,1,0,0,0,0
2019,6,8,5,0,2,0,0,1,0,1,0,0,1,0,0,0
2018,5,16,5,6,7,0,1,0,1,0,0,0,0,0,0,0
2019,11,9,6,2,6,0,0,1,0,0,0,0,0,0,0,0
2019,11,5,6,5,2,2,1,0,0,0,1,0,1,0,0,0
2018,4,13,7,0,1,0,1,0,0,0,0,0,0,0,0,0
2020,11,10,1,1,1,0,1,0,0,1,0,0,1,1,2,0
2018,2,14,4,6,2,0,0,1,1,0,0,0,0,0,0,0
2019,12,19,2,1,5,2,1,1,0,0,0,0,0,0,0,0
2020,7,17,7,1,5,0,0,1,0,0,0,1,0,0,1,0
2019,7,8,5,2,6,0,0,1,0,1,0,0,0,0,0,0
2020,9,16,6,5,3,0,1,1,0,0,0,0,0,0,1,1
2019,6,18,5,0,2,0,1,1,0,0,0,0,0,0,0,1
2019,6,14,5,2,6,0,0,1,0,1,0,0,0,0,0,0
2020,3,11,2,0,7,0,1,0,0,0,0,0,0,1,1,1
2018,12,9,6,5,3,0,0,1,0,0,0,0,1,0,0,0
2020,8,19,7,2,6,0,0,1,0,1,0,0,0,0,1,0
2018,4,14,2,0,6,0,0,1,0,1,0,0,0,0,0,1
2018,4,14,5,3,6,0,0,1,0,1,0,0,1,0,0,0
2021,3,18,3,6,7,2,1,0,1,0,0,0,0,0,2,0
2018,2,6,4,5,3,2,0,1,0,0,0,0,2,0,0,0
2021,10,0,1,5,2,2,0,1,0,0,0,1,0,0,1,1
2021,7,19,5,3,6,1,1,0,0,0,0,0,1,0,1,1
2018,1,19,4,5,7,2,1,1,0,0,0,0,1,0,0,0
2021,7,12,2,2,6,0,0,1,0,0,0,0,0,0,1,0
2021,2,13,1,5,7,0,0,1,0,0,0,0,2,1,2,0
2021,10,17,4,5,2,1,1,0,0,0,0,1,0,0,1,0
2018,5,12,1,5,3,0,1,1,0,0,0,0,0,0,0,1
2021,5,12,2,5,3,0,0,1,0,0,0,0,0,1,2,0
2020,8,17,6,5,7,0,1,1,0,0,0,0,0,0,1,0
2019,4,12,2,2,6,0,0,1,0,0,0,0,0,0,0,0
2018,12,23,1,6,2,2,0,1,1,0,0,0,0,0,0,1
2018,12,8,4,0,6,0,0,1,0,1,0,0,1,0,0,1
2018,8,8,4,1,5,0,1,1,0,0,0,0,0,0,0,0
2019,3,9,1,2,6,0,0,1,0,0,0,0,0,0,0,0
2018,5,17,4,5,2,0,1,1,0,0,0,0,0,0,0,0
2020,6,17,6,5,3,0,1,0,0,0,0,0,0,0,1,0
2020,1,13,2,9,1,0,0,1,0,0,0,0,1,0,0,1
2020,10,14,6,2,6,0,0,1,0,0,0,0,1,1,1,0
2019,6,17,2,4,6,0,1,0,0,0,0,0,0,0,0,0
2019,10,7,5,2,7,0,0,1,0,0,1,0,1,0,0,0
2021,5,22,1,0,1,2,0,0,0,0,0,1,0,1,2,0
2019,2,16,7,5,3,0,1,1,0,0,0,0,0,0,0,0
2019,2,17,2,6,4,0,0,1,1,0,0,0,0,0,0,0
2020,5,21,3,0,1,1,1,0,0,0,0,0,0,1,1,0
2019,4,20,5,5,3,2,0,1,0,0,0,0,0,0,0,0
2021,12,23,3,5,3,2,0,1,0,0,0,0,1,1,2,0
2018,9,22,6,2,2,2,0,1,0,0,0,0,0,0,0,0
2019,7,16,5,2,2,0,1,0,0,0,0,1,0,0,0,0
2021,5,20,3,3,6,1,0,1,0,0,0,0,1,1,2,0
2018,8,7,3,5,3,0,1,1,0,0,0,0,0,0,0,0
2021,8,17,3,5,3,2,0,1,0,1,0,0,0,0,1,0
2021,11,17,1,2,6,1,0,1,0,0,0,0,1,0,2,0
2018,9,14,6,3,6,0,0,1,0,0,0,0,0,0,0,0
2020,5,14,6,5,2,0,1,1,0,0,0,0,0,1,1,0
2020,6,15,7,2,7,0,0,1,0,0,0,0,0,0,1,1
2019,7,20,4,0,1,1,0,0,0,1,0,0,1,0,0,0
2018,3,13,5,5,3,0,0,1,0,0,0,0,0,0,0,0
2018,11,7,2,2,7,0,0,1,0,0,0,1,0,0,0,0
2021,6,20,3,5,3,0,1,1,0,0,0,0,1,0,1,0
2018,8,16,2,0,7,0,0,0,1,0,0,1,0,0,0,0
2021,7,15,2,5,3,0,0,1,0,0,0,1,0,0,1,1
2019,1,8,6,2,6,0,0,1,0,0,0,0,2,0,0,0
2019,12,4,4,0,6,2,0,1,0,1,0,0,1,0,0,0
2020,6,10,5,5,3,0,0,1,0,0,0,0,0,0,1,0
2020,1,15,3,5,2,1,1,1,0,0,0,0,1,0,0,0
2018,11,14,5,6,4,0,0,0,1,0,0,1,0,0,0,1
2019,10,17,2,6,4,2,0,1,1,0,0,0,1,0,0,0
2021,5,13,2,2,3,0,0,1,0,0,0,0,0,1,2,0
2019,11,10,4,5,7,0,1,1,0,0,0,0,1,0,0,0
2021,11,7,2,2,6,0,0,1,0,0,0,0,1,0,2,0
2019,5,10,6,5,2,0,1,1,0,0,0,0,0,0,0,0
2020,10,14,5,1,5,0,1,1,0,0,0,0,0,1,1,0
2018,2,7,2,3,6,0,0,1,0,0,0,1,1,0,0,1
2021,2,13,1,5,3,0,0,1,0,0,0,1,0,1,2,0
2018,8,9,6,2,6,0,0,1,0,0,0,0,0,0,0,0
2019,5,16,2,2,6,0,0,1,0,0,0,0,0,0,0,0
2020,3,18,5,5,3,2,1,1,0,0,0,0,0,1,1,0
2018,11,7,6,5,2,0,1,0,0,0,1,0,0,0,0,0
2021,5,19,6,1,5,0,1,1,0,0,0,0,0,1,2,0
2019,8,14,5,6,4,0,0,1,1,0,0,0,0,0,0,1
2020,9,14,2,1,5,0,1,1,0,0,0,0,0,0,1,0
2018,6,14,3,5,3,0,0,1,0,0,0,1,0,0,0,0
2018,10,15,2,5,3,0,1,1,0,0,0,0,0,0,0,0
2021,4,10,6,5,3,0,1,1,0,0,0,0,0,1,2,0
2019,8,15,5,5,3,0,1,1,0,0,0,0,0,0,0,0
2020,9,13,2,5,3,0,1,1,0,0,0,0,0,0,1,0
2021,5,18,5,2,7,0,0,1,0,0,0,1,0,1,2,0
2018,8,14,1,5,3,0,1,1,0,0,0,0,0,0,0,0
2019,2,15,4,5,2,0,0,1,0,0,0,0,0,0,0,0
2019,7,7,6,5,2,0,1,0,0,0,0,1,1,0,0,0
2021,10,17,2,5,3,0,1,1,0,0,0,0,1,0,1,0
2018,9,14,6,5,3,0,1,0,0,0,0,1,0,0,0,0
2020,8,17,4,0,7,0,0,1,0,0,0,0,0,0,1,0
2020,1,19,6,5,3,1,1,1,0,0,0,0,1,0,0,0
2020,4,11,4,6,2,0,0,1,1,0,0,0,0,1,2,1
2019,10,21,2,5,3,2,0,1,0,1,0,0,0,0,0,1
2021,12,14,5,6,4,0,1,0,1,0,0,0,0,1,2,1
2020,9,9,3,5,3,0,0,1,0,0,0,0,0,0,1,0
2018,12,14,2,0,1,0,1,0,0,0,0,0,0,0,0,1
2019,5,12,6,2,6,0,0,1,0,0,0,1,0,0,0,0
2018,5,17,1,2,6,0,0,1,0,0,0,0,0,0,0,0
2019,3,15,2,0,2,0,0,1,0,1,0,0,1,0,0,0
2020,10,13,6,0,7,0,0,1,0,1,0,0,0,1,1,1
2019,11,5,6,5,2,2,0,1,0,0,0,0,0,0,0,0
2019,7,18,4,5,2,0,0,1,0,0,0,0,0,0,0,0
2018,7,8,3,1,5,0,0,1,0,0,0,0,0,0,0,0
2021,1,16,5,2,6,1,0,1,0,0,0,0,1,1,2,0
2020,10,13,7,2,6,0,0,1,0,0,0,0,0,1,1,0
2018,4,9,3,5,3,0,1,1,0,0,0,0,0,0,0,0
2019,4,9,3,2,6,0,0,1,0,0,0,0,0,0,0,0
2021,2,11,3,1,5,0,0,1,0,0,0,0,1,1,2,0
2019,10,19,4,6,4,2,0,1,1,1,0,0,1,0,0,1
2018,8,17,3,0,2,0,0,1,0,1,0,0,0,0,0,1
2020,9,9,3,5,2,0,0,1,0,1,0,0,0,0,1,0
2020,11,15,4,5,2,0,1,1,0,0,0,0,0,1,2,0
2021,3,21,7,5,2,2,0,1,0,0,0,0,1,0,2,0
2019,3,10,1,5,3,0,0,1,0,0,0,0,0,0,0,0
2021,11,17,5,2,6,1,0,1,0,0,1,0,0,0,2,0
2018,6,14,1,0,2,0,0,1,0,1,0,0,0,0,0,0
2019,1,12,6,5,2,0,1,1,0,0,0,0,0,0,0,0
2020,7,19,6,5,2,0,1,1,0,0,0,0,0,0,1,0
2020,2,22,5,3,6,2,0,1,0,0,0,0,1,0,0,0
2018,9,23,3,5,3,2,0,1,0,0,0,0,0,0,0,0
2019,2,23,7,0,3,2,0,1,0,1,0,0,1,0,0,0
2021,2,7,4,5,3,0,1,1,0,0,0,0,0,1,2,0
2021,7,18,3,1,5,0,0,0,0,0,1,1,0,0,1,0
2021,7,11,5,0,6,0,0,1,0,0,0,1,0,0,1,0
2018,4,18,4,3,2,0,1,1,0,0,0,0,0,0,0,0
2020,9,7,6,5,3,0,1,1,0,0,0,0,0,0,1,1
2020,3,20,7,5,3,2,0,1,0,0,0,0,0,1,1,0
2020,5,14,5,3,6,0,1,0,0,0,0,0,0,1,1,1
2018,10,12,5,2,6,0,0,1,0,0,0,0,0,0,0,0
2018,2,13,4,2,6,0,0,1,0,0,0,1,0,0,0,1
2021,1,12,4,5,3,0,0,1,0,0,0,0,1,1,2,0
2018,9,19,7,5,7,2,0,1,0,1,0,0,0,0,0,0
2019,11,10,7,5,2,0,0,1,0,0,0,0,1,0,0,0
2019,5,8,3,5,2,0,1,0,0,0,0,1,0,0,0,0
2020,2,14,4,8,1,0,0,0,0,0,1,0,0,0,0,0
2021,1,1,1,5,2,2,1,1,0,0,0,0,0,1,2,0
2021,10,20,7,2,6,2,0,1,0,0,0,0,0,0,1,0
2021,8,12,3,7,7,0,0,0,0,1,0,0,0,0,1,0
2021,9,22,4,5,3,2,0,1,0,1,0,0,0,0,1,0
2018,4,8,5,6,4,0,1,0,1,0,0,0,0,0,0,0
2020,4,17,4,0,1,0,0,0,0,1,0,0,1,1,2,1
2019,11,6,7,5,3,2,1,1,0,0,0,0,1,0,0,0
2018,6,16,2,0,2,0,1,1,0,0,0,0,0,0,0,0
2020,7,11,6,3,6,0,0,1,0,0,0,0,0,0,1,0
2019,8,15,4,5,2,0,1,1,0,0,0,0,0,0,0,0
2020,12,19,2,6,2,2,0,1,1,0,0,0,1,1,2,0
2020,6,8,6,1,5,0,0,1,0,0,0,0,0,0,1,0
2021,6,10,1,2,6,0,0,1,0,0,0,0,0,0,1,0
2020,5,15,2,2,6,0,0,0,0,1,0,1,0,1,1,0
2020,2,16,7,6,7,0,0,1,1,0,0,0,0,0,0,0
2021,10,19,3,1,1,2,0,1,0,0,0,0,0,0,1,0
2021,8,13,7,1,5,0,1,1,0,0,0,0,0,0,1,0
2019,10,17,4,5,2,2,1,1,0,0,0,0,0,0,0,0
2018,2,14,4,5,2,0,1,1,0,0,0,0,0,0,0,0
2019,12,13,4,2,6,0,0,1,0,0,0,0,0,0,0,0
2021,8,19,5,6,4,0,0,1,1,0,0,0,0,0,1,1
2018,12,9,2,6,7,0,0,0,1,1,0,0,1,0,0,0
2018,6,16,2,2,7,0,0,1,0,1,0,0,0,0,0,0
2019,1,22,3,6,3,2,0,1,1,0,0,0,1,0,0,0
2019,2,7,4,2,2,0,0,1,0,0,0,0,1,0,0,0
2020,9,11,6,5,2,0,1,1,0,0,0,0,0,0,1,0
2018,7,15,3,2,7,0,0,0,0,0,1,1,0,0,0,0
2019,8,15,1,5,2,0,0,1,0,0,0,0,0,0,0,1
2020,11,13,6,5,2,0,1,1,0,0,0,0,0,1,2,0
2020,4,11,2,6,4,0,0,1,1,0,0,0,0,1,2,0
2020,10,15,6,5,3,0,0,1,0,1,0,0,0,1,1,0
2021,12,16,7,6,2,0,0,1,1,0,0,0,0,1,2,0
2019,12,21,5,5,7,2,0,1,0,0,0,0,1,0,0,0
2021,7,6,7,0,1,0,1,0,0,0,0,0,0,0,1,0
2018,9,16,4,2,6,0,0,1,0,0,0,0,0,0,0,0
2018,10,15,4,0,1,0,1,0,0,0,0,0,0,0,0,0
2020,6,17,2,2,2,0,0,1,0,0,0,0,0,0,1,0
2020,3,9,7,2,6,0,0,1,0,0,0,0,1,1,1,0
2018,6,19,6,5,7,0,1,1,0,0,0,0,0,0,0,0
2019,5,14,5,5,7,0,0,1,0,0,0,0,0,0,0,0
2018,9,19,6,4,6,1,1,0,0,0,0,0,0,0,0,0
2018,7,14,5,5,3,0,1,1,0,0,0,0,0,0,0,0
2020,12,17,4,5,2,2,1,0,0,0,0,1,0,1,2,0
2018,4,15,3,2,6,0,0,1,0,0,0,0,0,0,0,1
2021,3,16,6,6,4,0,1,0,1,0,0,0,0,0,2,0
2021,5,7,3,5,2,0,1,0,0,0,1,0,0,1,2,1
2019,9,21,1,5,2,2,1,1,0,0,0,0,0,0,0,1
2020,4,7,4,5,3,0,1,0,0,0,0,1,0,1,2,0
2021,8,14,2,2,6,0,0,1,0,0,0,0,1,0,1,0
2019,8,14,7,2,6,0,0,1,0,0,0,0,0,0,0,0
2018,3,17,3,5,3,1,0,1,0,0,0,1,1,0,0,0
2020,5,17,4,5,3,0,1,1,0,0,0,0,0,1,1,1
2018,1,16,5,6,4,2,0,1,1,0,0,0,1,0,0,1
2019,11,8,6,0,6,0,0,1,0,0,0,1,0,0,0,0
2019,5,10,2,2,6,0,1,1,0,0,0,0,0,0,0,0
2020,7,15,5,6,4,0,0,1,1,0,0,0,1,0,1,0
2019,9,11,4,6,4,0,0,1,1,0,0,0,1,0,0,0
2021,2,17,3,2,6,2,0,1,0,0,0,0,1,1,2,0
2020,9,15,1,1,5,0,1,1,0,0,0,0,0,0,1,0
2018,11,19,3,2,1,2,0,1,0,1,0,0,0,0,0,1
2019,2,17,4,6,4,0,0,1,1,0,0,0,0,0,0,1
2021,3,9,3,5,2,0,0,1,0,0,0,0,0,0,2,0
2018,5,9,2,5,2,0,1,1,0,0,0,0,0,0,0,0
2020,8,19,5,5,3,0,1,1,0,0,0,0,0,0,1,0
2020,3,17,2,2,6,0,0,1,0,0,0,0,0,1,1,0
2021,6,12,5,2,2,0,0,1,0,0,1,0,0,0,1,0
2018,12,20,7,6,2,2,0,0,1,0,0,1,1,0,0,0
2018,7,11,4,6,7,0,0,1,1,0,0,0,0,0,0,0
2021,2,14,4,1,5,0,0,1,0,1,0,0,0,1,2,0
2021,11,16,5,2,6,0,0,1,0,0,0,0,1,0,2,0
2018,1,15,3,1,5,0,0,1,0,0,0,0,1,0,0,0
2019,6,7,4,5,2,0,1,1,0,0,0,0,0,0,0,1
2018,7,1,7,9,1,2,0,0,0,1,0,0,0,0,0,1
2019,7,10,2,3,6,0,1,0,0,0,1,0,0,0,0,0
2018,5,11,3,5,3,0,1,1,0,0,0,0,0,0,0,0
2020,11,14,6,5,2,0,1,0,0,0,0,1,0,1,2,0
2018,6,16,4,5,2,0,0,0,0,1,0,1,0,0,0,1
2019,10,17,5,6,7,0,0,0,1,0,0,1,0,0,0,0
2018,6,16,1,2,6,0,1,0,0,0,0,0,0,0,0,0
2021,11,19,2,2,2,2,0,1,0,0,0,0,0,0,2,0
2019,12,14,5,5,3,0,1,1,0,0,0,0,0,0,0,0
2020,10,21,3,5,3,2,1,1,0,0,0,0,0,1,1,0
2020,1,17,7,6,2,2,0,1,1,0,0,0,0,0,0,1
2018,11,9,2,0,5,0,0,1,0,0,0,0,1,0,0,0
2021,11,23,6,5,3,1,0,1,0,0,0,1,1,0,2,0
2020,9,14,6,1,5,0,1,1,0,0,0,0,1,0,1,0
2019,7,9,3,2,2,0,0,1,0,1,0,0,0,0,0,0
2020,9,7,5,5,3,0,1,1,0,0,0,0,0,0,1,0
2021,10,10,3,2,6,0,0,1,0,0,0,0,1,0,1,0
2019,4,15,5,3,2,0,0,1,0,0,0,0,0,0,0,0
2021,4,15,5,2,6,0,0,1,0,0,0,0,0,1,2,0
2019,7,13,3,1,5,0,0,1,0,1,0,0,0,0,0,0
2019,8,16,5,0,1,0,1,0,0,0,0,0,0,0,0,0
2020,4,13,3,2,7,0,0,1,0,0,0,1,0,1,2,0
2021,8,18,7,5,3,0,0,1,0,0,0,0,0,0,1,0
2018,8,15,3,5,2,0,1,1,0,0,0,0,0,0,0,1
2020,8,14,2,6,7,0,0,0,1,0,0,1,0,0,1,0
2020,8,7,3,5,2,0,0,1,0,1,0,0,0,0,1,0
2021,4,15,4,2,7,0,0,1,0,0,0,0,0,1,2,0
2019,3,8,5,2,6,0,0,1,0,1,0,0,1,0,0,0
2019,10,8,5,5,2,0,1,1,0,0,0,0,1,0,0,0
2019,8,13,7,5,2,0,0,1,0,1,0,0,0,0,0,0
2018,11,5,5,8,1,2,0,1,0,0,0,0,1,0,0,0
2021,3,16,2,2,7,0,0,1,0,0,0,0,0,0,2,0
2019,8,12,1,0,1,0,1,0,0,0,0,0,0,0,0,0
2021,8,14,3,0,7,0,1,0,0,0,0,0,0,0,1,1
2020,7,16,4,2,2,0,0,1,0,0,0,0,0,0,1,0
2020,12,9,3,2,6,0,0,1,0,0,0,0,1,1,2,0
2021,2,17,6,5,3,2,0,1,0,0,0,0,1,1,2,0
2020,9,0,3,8,1,2,1,0,0,0,0,0,0,0,1,1
2018,5,15,3,5,3,0,0,1,0,0,0,1,0,0,0,0
2018,11,13,6,1,5,0,0,1,0,0,1,0,1,0,0,1
2019,9,6,3,6,4,0,0,0,1,1,0,0,0,0,0,0
2018,6,14,2,6,4,0,0,1,1,0,0,0,0,0,0,0
2021,10,19,5,5,3,1,1,1,0,0,0,0,1,0,1,0
2021,3,14,2,3,6,0,1,1,0,0,0,0,0,0,2,0
2020,6,13,1,0,7,0,1,0,0,0,0,0,0,0,1,0
2021,8,17,4,5,3,0,0,1,0,0,0,1,0,0,1,0
2021,9,19,6,1,1,1,1,1,0,0,0,0,0,0,1,0
2019,4,8,6,0,7,0,0,1,0,0,0,1,0,0,0,0
2018,12,17,5,2,6,2,0,1,0,0,0,0,1,0,0,0
2018,11,21,7,5,3,2,0,1,0,0,0,0,0,0,0,0
2019,4,17,3,5,2,0,1,1,0,0,0,0,0,0,0,0
2018,4,19,3,5,2,1,1,1,0,0,0,0,0,0,0,0
2019,6,18,7,2,6,0,0,1,0,1,0,0,0,0,0,1
2019,10,15,3,5,3,0,0,1,0,0,0,0,1,0,0,0
2021,3,12,5,2,6,0,0,1,0,0,1,0,0,0,2,0
2019,5,17,4,5,3,0,0,1,0,0,0,1,0,0,0,0
2019,11,15,4,2,6,0,0,1,0,0,0,0,1,0,0,0
2019,8,7,5,5,3,0,1,1,0,0,0,0,0,0,0,0
2020,8,7,6,2,6,0,0,1,0,0,1,0,1,0,1,0
2020,5,18,5,3,6,0,1,1,0,0,0,0,0,1,1,0
2020,6,23,2,0,1,2,1,0,0,0,0,0,0,0,1,0
2018,10,13,3,5,3,0,0,1,0,1,0,0,0,0,0,0
2021,9,16,6,3,6,0,1,1,0,0,0,0,0,0,1,0
2021,6,13,2,5,3,0,1,1,0,0,0,0,0,0,1,0
2018,8,14,6,6,3,0,0,1,1,0,0,0,0,0,0,0
2021,3,15,6,5,2,0,0,1,0,0,0,1,0,0,2,0
2019,10,17,4,5,2,0,1,1,0,0,0,0,0,0,0,0
2021,6,11,5,5,2,0,1,0,0,0,0,1,0,0,1,0
2020,10,14,4,5,3,0,1,1,0,0,0,0,0,1,1,0
2019,12,13,3,6,4,0,0,1,1,0,0,0,0,0,0,0
2019,5,11,5,5,3,0,0,1,0,0,0,0,0,0,0,1
2019,11,5,1,8,1,2,0,1,0,0,0,1,1,0,0,0
2019,8,4,1,2,6,2,0,1,0,0,0,0,0,0,0,0
2020,7,16,6,1,5,0,1,1,0,0,0,0,0,0,1,0
2018,7,14,2,2,6,0,0,1,0,0,0,0,0,0,0,0
2020,1,18,4,2,7,2,1,1,0,0,0,0,1,0,0,0
2018,6,20,7,2,6,0,0,1,0,1,0,0,0,0,0,1
2020,10,16,5,0,6,0,0,1,0,1,0,0,1,1,1,0
2019,8,14,4,1,5,0,1,1,0,0,0,0,0,0,0,0
2020,10,17,6,2,6,0,0,1,0,0,0,0,0,1,1,0
2018,10,12,2,2,6,0,0,1,0,0,0,0,1,0,0,0
2019,8,19,6,5,3,0,1,0,0,0,0,1,0,0,0,0
2018,4,10,3,5,2,0,1,0,0,0,1,0,0,0,0,0
2019,4,23,6,1,5,2,1,1,0,0,0,1,0,0,0,0
2020,10,11,2,0,1,0,0,0,0,1,0,0,1,1,1,0
2021,7,14,2,5,7,0,0,1,0,0,0,0,0,0,1,0
2020,10,11,7,5,2,0,1,1,0,0,0,0,0,1,1,0
2021,6,12,2,5,7,0,0,1,0,0,0,1,0,0,1,0
2018,11,17,4,5,2,2,1,1,0,0,0,0,0,0,0,0
2018,11,19,5,3,6,1,0,1,0,1,0,0,0,0,0,1
2019,5,23,7,5,2,2,1,1,0,0,0,0,0,0,0,0
2019,4,16,2,5,3,0,0,1,0,0,0,0,0,0,0,0
2020,7,15,4,2,6,0,1,1,0,0,0,0,0,0,1,0
2019,7,19,7,5,3,0,1,1,0,0,0,0,1,0,0,0
2021,5,18,2,5,3,0,1,1,0,0,0,0,0,1,2,0
2019,5,11,7,5,2,0,1,1,0,0,0,0,0,0,0,0
2020,10,16,1,5,3,0,0,1,0,0,0,0,1,1,1,0
2021,9,15,7,2,6,0,0,1,0,1,0,0,0,0,1,0
2021,3,16,2,2,2,0,0,1,0,0,0,0,0,0,2,0
2020,1,0,1,5,3,2,0,1,0,0,0,0,0,0,0,0
2021,8,10,3,2,6,0,0,1,0,0,0,0,0,0,1,0
2019,10,5,3,2,6,2,0,1,0,0,1,0,1,0,0,0
2018,1,18,5,8,1,2,0,1,0,0,0,0,1,0,0,0
2019,10,16,5,4,7,0,1,0,0,0,0,1,0,0,0,0
2018,6,23,7,5,2,2,0,1,0,0,0,0,0,0,0,0
2021,3,9,7,5,2,0,0,1,0,0,0,0,1,0,2,0
2019,7,12,1,2,6,0,0,1,0,0,0,0,0,0,0,0
2018,4,18,3,5,2,0,1,1,0,0,0,0,0,0,0,0
2018,9,15,4,5,3,0,1,1,0,0,0,0,0,0,0,0
2021,6,18,3,5,2,0,1,1,0,0,0,0,0,0,1,0
2020,5,20,7,5,7,1,1,1,0,0,0,0,0,1,1,1
2021,11,18,4,0,7,1,0,1,0,0,0,1,0,0,2,0
2018,11,12,7,5,3,0,0,1,0,0,0,0,0,0,0,0
2019,5,17,3,5,3,0,0,1,0,0,0,0,0,0,0,0
2019,12,21,5,5,2,2,1,1,0,0,0,0,0,0,0,0
2018,6,15,5,2,6,0,0,1,0,0,0,0,0,0,0,0
2019,2,11,7,5,2,0,1,1,0,0,0,0,0,0,0,0
2018,9,10,1,5,3,0,0,1,0,1,0,0,0,0,0,0
2021,7,22,6,5,2,2,0,1,0,0,0,0,1,0,1,0
2020,7,8,2,5,2,0,1,1,0,0,0,0,0,0,1,0
2021,4,23,1,0,7,2,0,1,0,0,0,0,1,1,2,0
2018,5,10,7,5,2,0,0,1,0,1,0,0,0,0,0,0
2019,9,9,6,5,3,0,1,1,0,0,0,0,0,0,0,0