UJAHR,UMONAT,USTUNDE,UWOCHENTAG,UART,UTYP1,ULICHTVERH,IstRad,IstPKW,IstFuss,IstKrad,IstGkfz,IstSonstige,USTRZUSTAND,LOCKDOWN,COVID,UKATEGORIE
2019,8,16,4,5,2,0,0,1,1,0,0,0,0,0,0,0
2018,11,16,5,5,7,2,0,1,0,1,0,0,0,0,0,0
2018,1,13,3,1,7,0,0,1,0,0,0,1,0,0,0,0
2019,10,16,3,5,2,0,1,1,0,0,0,0,0,0,0,1
2020,7,16,2,3,6,0,1,1,0,0,0,0,0,0,1,0
2018,1,15,4,2,6,0,0,1,0,0,1,0,1,0,0,0
2019,6,3,7,5,3,1,0,1,0,1,0,0,0,0,0,0
2018,9,9,4,5,3,0,0,1,0,0,0,0,0,0,0,0
2018,8,9,5,5,2,0,1,1,0,0,0,0,1,0,0,0
2021,9,13,6,5,3,0,1,1,0,0,0,0,0,0,1,0
2021,12,7,4,5,3,1,1,1,0,0,0,0,1,1,2,0
2018,12,6,4,5,3,2,1,1,0,0,0,0,1,0,0,0
2019,6,16,6,4,6,0,1,0,0,0,0,0,0,0,0,0
2019,3,20,7,5,3,2,1,1,0,0,0,0,1,0,0,0
2019,7,10,4,6,4,0,0,1,1,0,0,0,0,0,0,0
2021,10,6,4,5,2,2,0,1,0,1,0,0,0,0,1,0
2018,7,18,5,5,2,0,0,1,0,1,0,0,0,0,0,0
2020,5,16,1,2,6,0,0,1,0,0,0,0,1,1,1,0
2018,5,10,7,2,6,0,0,1,0,1,0,0,0,0,0,0
2020,7,14,3,2,6,0,0,1,0,0,0,0,0,0,1,0
2020,11,15,4,5,2,0,1,1,0,0,0,0,0,1,2,0
2021,5,9,2,2,6,0,1,1,0,0,0,0,0,1,2,0
2020,7,15,2,5,2,0,1,1,0,0,0,0,0,0,1,0
2018,10,15,5,0,1,0,0,0,0,1,0,0,0,0,0,0
2018,2,18,6,6,7,2,0,1,1,0,0,0,1,0,0,1
2021,7,14,3,6,7,0,0,1,1,0,0,0,0,0,1,0
2021,9,8,5,5,2,0,1,1,0,0,0,0,0,0,1,0
2019,11,12,6,5,2,0,1,1,0,0,0,0,0,0,0,0
2021,9,14,2,6,7,0,0,1,1,0,0,0,0,0,1,0
2018,8,13,3,0,1,0,1,0,0,0,0,0,0,0,0,0
2020,6,8,5,5,2,0,1,0,0,0,0,1,0,0,1,0
2018,6,10,4,5,2,0,0,1,0,1,0,0,0,0,0,1
2021,12,16,2,5,2,2,1,1,0,0,0,0,0,1,2,0
2020,12,12,6,5,7,0,0,1,0,0,0,0,0,1,2,0
2019,11,14,4,5,3,0,1,1,0,0,0,0,1,0,0,0
2018,5,17,6,1,1,0,0,1,0,1,0,0,0,0,0,0
2019,4,9,3,0,2,0,0,1,0,0,0,1,0,0,0,0
2020,10,11,1,5,3,0,0,0,0,1,0,0,0,1,1,0
2020,7,10,6,5,2,0,1,0,0,0,1,0,0,0,1,1
2019,1,21,7,2,6,2,0,1,0,0,0,0,1,0,0,0
2021,1,17,5,6,4,2,1,0,1,0,0,0,1,1,2,0
2020,11,14,1,5,2,0,1,1,0,0,0,0,0,1,2,0
2021,6,12,3,1,7,0,0,1,0,0,0,0,0,0,1,0
2018,7,16,6,5,3,0,1,1,0,0,0,0,0,0,0,0
2020,9,8,5,2,7,0,1,1,0,0,0,0,0,0,1,0
2019,7,17,4,5,3,0,0,1,0,1,0,0,0,0,0,0
2021,2,10,1,5,7,0,0,1,0,0,0,0,0,1,2,0
2019,7,16,3,2,7,0,0,1,0,0,0,0,0,0,0,0
2020,12,17,4,5,3,1,1,1,0,0,0,0,0,1,2,1
2019,5,17,3,2,6,0,0,1,0,0,0,1,0,0,0,0
2018,3,7,3,5,2,0,0,1,0,1,0,0,1,0,0,1
2019,12,9,3,5,3,0,1,1,0,0,0,0,1,0,0,0
2018,9,9,4,5,3,0,0,1,0,0,0,0,0,0,0,0
2018,5,7,3,2,2,0,0,1,0,0,0,0,0,0,0,0
2021,2,3,6,5,3,2,1,1,0,0,0,0,1,1,2,0
2021,5,18,6,6,4,0,0,0,1,0,0,1,0,1,2,1
2020,8,23,6,6,4,2,0,1,1,0,0,0,0,0,1,0
2019,1,20,2,5,3,2,0,1,0,0,0,0,1,0,0,0
2021,5,14,7,5,3,0,1,0,0,0,0,1,0,1,2,0
2021,11,19,3,5,2,2,1,1,0,0,0,0,0,0,2,0
2018,6,12,5,5,3,0,0,1,0,0,0,0,0,0,0,0
2019,9,15,3,3,6,0,0,1,0,1,0,0,0,0,0,1
2020,8,6,2,5,3,0,0,1,0,1,0,0,1,0,1,0
2018,8,8,6,6,4,0,1,0,1,0,0,0,0,0,0,0
2021,11,14,3,6,4,0,0,0,1,0,0,1,1,0,2,0
2018,6,18,5,6,2,0,0,1,1,0,0,0,0,0,0,0
2019,5,6,5,1,5,0,0,1,0,0,0,0,0,0,0,1
2018,4,6,3,5,3,0,0,1,0,0,0,0,0,0,0,0
2019,5,17,4,6,4,0,0,1,1,0,0,0,0,0,0,1
2019,9,19,7,5,2,2,0,1,0,1,0,0,1,0,0,1
2021,1,16,5,3,6,1,1,0,0,0,1,0,1,1,2,0
2021,1,6,1,8,1,2,1,0,0,0,0,0,0,1,2,0
2018,1,19,5,5,3,2,1,1,0,0,0,0,1,0,0,1
2019,4,11,2,2,6,0,0,1,0,0,0,0,0,0,0,0
2021,12,18,3,2,6,2,0,1,0,0,0,0,1,1,2,0
2019,1,6,4,2,6,2,0,1,0,0,0,0,1,0,0,0
2019,9,18,1,5,3,0,1,1,0,0,0,0,0,0,0,1
2021,6,10,5,2,6,0,0,1,0,0,0,0,0,0,1,0
2018,11,10,5,2,6,0,0,1,0,0,0,0,0,0,0,0
2021,7,14,7,5,3,0,1,1,0,0,0,0,0,0,1,0
2019,8,15,2,2,6,0,0,1,0,0,0,1,0,0,0,0
2021,9,10,2,0,2,0,0,1,0,1,0,0,0,0,1,1
2019,7,7,6,3,6,0,1,0,0,0,0,1,0,0,0,0
2019,2,16,4,5,3,0,0,1,0,0,0,0,0,0,0,1
2020,6,3,7,5,2,2,0,1,0,0,0,0,1,0,1,1
2018,7,7,2,3,6,0,1,0,0,0,0,1,0,0,0,0
2020,2,6,5,6,7,1,1,0,1,0,0,0,1,0,0,1
2019,12,19,6,6,2,2,0,1,1,0,0,0,0,0,0,0
2020,1,13,1,4,1,0,0,1,0,0,0,0,0,0,0,1
2019,10,14,2,6,2,0,0,1,1,0,0,0,0,0,0,0
2018,5,18,3,5,2,0,1,0,0,0,0,1,0,0,0,0
2019,6,7,5,5,2,0,1,1,0,0,0,0,0,0,0,0
2019,1,17,7,0,3,1,1,1,0,0,0,0,1,0,0,0
2020,6,10,3,5,2,0,1,1,0,0,0,0,0,0,1,0
2021,10,20,1,1,5,2,0,1,0,0,0,0,0,0,1,0
2020,12,11,4,1,5,0,1,1,0,0,0,0,1,1,2,0
2019,9,21,6,2,6,2,0,1,0,0,0,0,0,0,0,0
2021,10,19,5,2,6,1,0,1,0,0,0,0,1,0,1,0
2019,10,9,4,1,5,0,1,0,0,0,1,0,1,0,0,0
2021,3,14,6,6,2,0,0,1,1,0,0,0,0,0,2,0
2019,9,12,2,6,2,0,0,1,1,0,0,0,1,0,0,1
2021,12,21,4,8,1,2,0,1,0,0,0,0,0,1,2,1
2018,5,18,2,6,4,0,0,1,1,0,0,0,0,0,0,0
2019,12,11,5,5,2,0,1,1,0,0,0,0,0,0,0,0
2019,11,23,6,5,2,2,1,1,0,0,0,0,1,0,0,0
2021,10,13,4,2,6,0,0,1,0,1,0,0,0,0,1,0
2020,5,22,4,5,7,2,0,1,0,1,0,0,0,1,1,0
2018,11,16,6,5,2,2,1,1,0,0,0,0,1,0,0,0
2020,9,9,3,0,6,0,0,1,0,1,0,0,0,0,1,0
2020,5,22,5,0,1,2,1,0,0,0,0,0,0,1,1,0
2021,8,12,3,5,2,0,1,1,0,0,0,0,0,0,1,1
2019,6,16,3,5,2,0,1,1,0,0,0,0,0,0,0,0
2020,5,12,6,5,2,0,1,0,0,0,1,0,0,1,1,0
2019,8,13,6,0,3,0,1,0,0,1,0,0,0,0,0,1
2020,8,15,2,5,3,0,1,1,0,0,0,0,0,0,1,0
2020,1,14,1,5,2,0,0,1,0,1,0,0,0,0,0,0
2019,7,11,2,0,1,0,0,0,0,1,0,0,1,0,0,0
2019,7,18,4,6,2,0,1,0,1,0,0,0,0,0,0,0
2021,5,17,2,1,5,0,0,1,0,0,0,0,1,1,2,0
2019,4,12,1,2,6,0,1,1,0,0,0,0,0,0,0,0
2018,11,14,2,6,4,1,1,0,1,0,0,0,0,0,0,1
2018,5,19,1,5,3,0,0,1,0,1,0,0,0,0,0,0
2021,9,10,4,3,6,0,0,1,0,0,0,1,0,0,1,0
2021,6,1,5,1,3,2,1,1,0,0,0,0,0,0,1,0
2018,5,18,3,0,3,1,0,1,0,0,0,0,1,0,0,0
2019,4,13,7,2,6,0,0,1,0,0,0,1,0,0,0,0
2021,4,18,3,6,7,1,0,0,1,1,0,0,1,1,2,1
2019,8,11,6,0,1,0,1,0,0,0,0,0,0,0,0,0
2020,1,13,2,0,4,0,0,0,1,0,0,1,0,0,0,0
2018,7,19,4,2,6,0,0,1,0,0,0,0,0,0,0,1
2019,8,9,7,0,5,0,0,1,0,0,0,0,0,0,0,0
2021,10,9,6,0,1,0,1,0,0,0,0,0,0,0,1,0
2018,12,19,5,0,6,2,0,1,0,1,0,0,1,0,0,0
2021,10,14,7,2,6,0,0,1,0,0,0,0,0,0,1,0
2019,1,6,4,2,6,2,0,1,0,0,0,0,1,0,0,0
2021,2,14,2,1,5,0,0,1,0,0,0,0,2,1,2,0
2018,11,14,4,8,1,0,0,1,0,0,0,0,0,0,0,0
2019,9,9,7,0,1,0,0,0,0,1,0,0,1,0,0,0
2021,7,17,7,2,6,0,0,1,0,0,0,0,0,0,1,0
2018,8,18,4,2,2,0,1,0,0,1,0,0,0,0,0,0
2018,4,16,1,5,3,0,0,1,0,0,0,0,1,0,0,0
2019,6,12,5,2,6,0,1,1,0,0,0,0,0,0,0,0
2018,8,2,1,1,5,2,1,1,0,0,0,0,0,0,0,0
2020,7,14,5,2,6,0,0,1,0,0,0,0,0,0,1,0
2020,12,8,7,1,5,0,0,1,0,0,0,0,0,1,2,1
2018,6,10,3,5,2,0,0,1,0,0,0,0,0,0,0,0
2019,1,19,3,2,6,2,1,0,0,0,0,0,1,0,0,0
2018,4,16,5,0,1,0,0,0,0,1,0,0,0,0,0,0
2021,3,17,6,5,2,0,1,1,0,0,0,0,0,0,2,0
2020,12,21,4,9,1,2,0,1,0,0,0,0,1,1,2,0
2018,5,7,5,0,2,0,0,1,0,1,0,1,0,0,0,0
2020,12,12,3,6,4,0,0,1,1,0,0,0,1,1,2,0
2020,10,19,6,2,2,2,1,1,0,0,0,0,1,1,1,0
2019,8,7,3,5,3,0,1,1,0,0,0,0,0,0,0,0
2018,10,9,5,2,6,0,0,1,0,1,0,0,0,0,0,0
2019,9,5,5,0,3,2,1,1,0,0,0,0,1,0,0,1
2020,3,13,6,2,7,0,0,0,0,1,0,1,0,1,1,0
2018,7,9,7,4,6,0,1,1,0,0,0,0,0,0,0,0
2020,5,22,6,0,7,2,1,0,0,0,0,0,0,1,1,0
2019,3,8,5,5,3,0,0,1,0,0,1,0,0,0,0,1
2019,6,19,5,5,3,0,1,1,0,0,0,0,0,0,0,0
2020,8,14,6,5,2,0,1,1,0,0,0,0,0,0,1,0
2018,11,20,7,5,2,2,0,1,0,0,0,1,0,0,0,0
2020,11,15,6,4,6,0,1,1,0,0,0,0,0,1,2,0
2020,3,15,2,6,4,0,0,1,1,0,0,0,0,1,1,0
2020,10,15,2,5,2,0,1,1,0,0,0,0,0,1,1,1
2021,5,16,5,8,1,0,0,0,0,1,0,0,1,1,2,0
2018,6,14,1,0,7,0,0,1,1,0,0,0,0,0,0,0
2021,3,16,2,0,3,0,0,1,0,1,0,0,0,0,2,0
2020,10,13,6,6,4,0,0,1,1,0,0,0,1,1,1,0
2019,7,21,6,5,2,2,1,1,0,0,0,0,0,0,0,0
2021,11,14,6,5,3,0,1,1,0,0,0,0,0,0,2,0
2018,12,19,3,0,1,2,1,0,0,0,0,0,0,0,0,0
2019,11,9,6,5,2,0,1,1,0,0,0,0,1,0,0,0
2018,8,6,6,5,3,0,1,1,0,0,0,0,0,0,0,0
2018,11,14,3,5,3,0,0,1,0,0,0,0,1,0,0,0
2018,6,16,1,6,4,0,0,0,1,1,0,0,0,0,0,1
2019,10,13,2,5,3,0,0,1,0,0,0,0,0,0,0,1
2018,5,16,4,5,3,0,1,1,0,0,0,0,0,0,0,0
2019,5,15,5,1,5,0,0,1,0,1,0,0,0,0,0,0
2021,10,14,4,5,2,0,1,1,0,0,0,0,0,0,1,0
2020,7,16,3,5,2,0,1,1,0,0,0,0,0,0,1,0
2020,9,13,2,1,5,0,0,1,0,0,0,1,0,0,1,0
2021,4,11,5,6,4,0,0,1,1,0,0,0,0,1,2,0
2020,8,16,6,0,7,0,0,0,0,1,0,1,0,0,1,0
2021,5,11,2,5,2,0,0,1,0,0,0,1,0,1,2,0
2021,8,22,1,3,2,2,0,1,0,1,0,0,0,0,1,0
2019,1,18,7,6,2,2,0,1,1,0,0,0,1,0,0,0
2020,5,20,2,5,3,1,0,1,0,0,0,0,0,1,1,0
2018,6,14,1,1,7,0,0,0,0,0,1,1,0,0,0,1
2019,9,7,5,6,4,0,0,1,1,0,0,0,0,0,0,1
2020,12,13,3,5,2,0,1,1,0,0,0,0,1,1,2,0
2021,4,10,4,5,2,0,0,0,0,0,1,1,0,1,2,1
2020,6,17,7,5,2,0,1,0,0,1,0,0,0,0,1,0
2019,7,3,3,6,7,2,0,0,1,0,0,1,0,0,0,0
2021,11,10,6,4,6,0,1,0,0,0,0,0,1,0,2,1
2019,12,7,6,5,2,1,1,0,0,0,0,1,0,0,0,0
2020,8,15,6,6,4,0,1,0,1,0,0,0,0,0,1,1
2018,9,17,3,1,5,0,0,1,0,0,0,0,0,0,0,0
2020,4,12,3,0,7,0,0,1,0,0,0,1,0,1,2,0
2021,4,8,3,2,2,0,0,1,0,0,0,0,0,1,2,0
2018,7,16,3,5,2,0,0,1,0,0,0,0,0,0,0,1
2018,6,15,6,0,6,0,1,0,0,0,0,1,0,0,0,0
2018,3,9,5,5,2,0,1,1,0,0,0,0,0,0,0,0
2018,10,12,4,5,3,0,0,1,0,1,0,0,0,0,0,0
2020,1,15,4,0,2,0,0,0,0,1,0,1,0,0,0,0
2019,3,14,2,2,6,0,0,1,0,0,0,0,1,0,0,0
2018,7,20,1,2,7,0,0,1,0,1,0,0,0,0,0,0
2018,6,15,5,2,6,0,0,1,0,0,0,0,1,0,0,0
2019,10,14,5,1,1,0,0,1,0,0,0,0,1,0,0,0
2021,3,16,3,5,3,0,1,1,0,0,0,0,0,0,2,0
2018,4,17,4,6,2,0,0,1,1,0,0,0,0,0,0,0
2020,7,21,6,0,3,1,1,1,0,0,0,0,0,0,1,0
2020,7,14,6,5,3,0,1,1,0,0,0,0,0,0,1,0
2018,8,18,2,1,5,0,1,1,0,0,0,0,0,0,0,0
2018,6,9,5,2,2,0,1,1,0,0,0,0,0,0,0,1
2020,7,18,6,0,7,0,1,1,0,0,0,0,0,0,1,0
2019,5,10,7,6,4,0,1,0,1,0,0,0,0,0,0,0
2018,2,16,5,5,2,0,1,1,0,0,0,0,0,0,0,0
2019,5,16,6,2,6,0,0,1,0,0,0,0,0,0,0,0
2021,12,11,1,2,6,0,0,1,0,0,0,0,1,1,2,0
2018,10,17,6,5,7,1,0,0,0,1,0,0,0,0,0,0
2020,7,16,4,2,2,0,0,1,0,0,0,0,0,0,1,0
2019,11,15,3,0,4,1,1,0,1,0,0,0,1,0,0,0
2018,5,11,6,5,7,0,0,1,0,0,0,0,0,0,0,0
2019,10,15,5,1,5,0,1,1,0,0,0,0,0,0,0,0
2021,10,18,1,5,7,1,0,1,0,0,0,1,0,0,1,0
2019,9,20,4,5,2,2,0,1,0,1,0,0,0,0,0,0
2018,1,7,5,5,2,1,1,1,0,0,0,0,1,0,0,0
2019,10,17,7,0,6,1,0,1,0,1,0,0,0,0,0,0
2019,12,14,6,6,4,0,0,1,1,0,0,0,1,0,0,1
2019,8,7,4,2,2,0,0,1,0,1,0,0,0,0,0,0
2021,5,15,7,1,5,0,1,1,0,0,0,0,0,1,2,0
2021,6,19,2,1,5,0,1,1,0,0,0,0,0,0,1,0
2020,6,22,6,5,2,2,0,1,0,0,0,0,1,0,1,0
2021,9,13,1,5,2,0,1,1,0,0,0,0,0,0,1,0
2018,8,10,4,0,1,0,1,0,0,0,0,0,0,0,0,0
2019,11,12,6,5,2,0,0,1,0,0,0,0,0,0,0,0
2019,11,15,7,5,7,0,0,1,0,0,0,0,1,0,0,0
2021,10,8,2,5,2,0,1,1,0,0,0,0,0,0,1,0
2019,5,7,4,2,6,0,0,1,0,0,0,0,0,0,0,0
2020,5,14,5,2,6,0,0,0,0,0,0,1,0,1,1,0
2018,4,17,3,5,2,0,1,1,0,0,0,0,0,0,0,0
2018,1,9,5,2,6,0,0,1,0,0,0,0,1,0,0,0
2021,2,10,2,5,2,0,1,1,0,0,0,0,2,1,2,0
2018,10,18,4,0,6,1,0,1,0,1,0,0,0,0,0,0
2019,8,9,5,5,2,0,1,1,0,0,0,0,0,0,0,0
2018,9,17,7,3,6,0,0,1,0,1,0,0,0,0,0,1
2018,11,13,2,1,5,0,0,1,0,0,1,0,0,0,0,0
2020,2,14,5,5,2,0,0,1,0,0,0,0,0,0,0,0
2018,2,9,4,5,2,0,1,1,0,0,0,0,0,0,0,0
2019,7,10,7,2,6,0,0,1,0,1,0,0,0,0,0,0
2019,2,15,4,1,5,0,1,1,0,0,0,0,0,0,0,0
2019,10,14,4,3,6,0,0,1,0,0,0,0,0,0,0,0
2019,6,19,3,5,2,0,1,1,0,0,0,0,0,0,0,0
2020,8,16,5,2,6,0,0,1,0,0,0,0,0,0,1,0
2021,9,14,2,0,7,0,0,0,0,1,0,0,0,0,1,0
2021,5,17,6,5,3,0,0,1,0,0,0,0,0,1,2,0
2018,2,14,1,0,1,0,0,1,1,0,0,0,0,0,0,1
2018,6,10,1,0,3,0,0,0,0,1,0,1,0,0,0,0
2018,4,22,7,8,1,2,0,0,0,1,0,0,0,0,0,1
2020,10,17,4,6,2,1,0,1,1,0,0,0,0,1,1,0
2020,5,20,3,5,2,1,1,1,0,0,0,0,0,1,1,0
2021,3,18,4,5,3,0,1,1,0,0,0,0,0,0,2,0
2020,10,19,5,5,2,2,1,1,0,0,0,0,0,1,1,1
2020,7,13,5,0,3,0,1,1,0,0,0,0,0,0,1,0
2019,9,8,3,6,7,0,1,0,1,0,0,0,0,0,0,0
2019,7,17,5,5,3,0,1,0,0,0,0,0,0,0,0,0
2019,1,11,3,5,3,0,0,1,0,0,0,0,1,0,0,0
2020,5,14,3,6,6,0,1,0,1,0,0,0,0,1,1,0
2020,4,15,5,6,4,0,0,1,1,0,0,0,0,1,2,0
2018,5,14,2,6,4,0,0,0,1,1,0,0,0,0,0,0
2020,2,20,4,5,2,2,1,1,0,0,0,0,0,0,0,1
2018,8,1,2,6,2,2,0,1,1,0,0,0,0,0,0,0
2021,5,12,6,0,7,0,0,1,0,1,0,0,1,1,2,0
2018,8,15,3,5,3,0,1,1,0,0,0,0,0,0,0,1
2020,9,13,1,0,5,0,1,0,0,0,0,1,0,0,1,0
2019,2,11,7,0,1,0,0,0,0,1,0,0,0,0,0,0
2019,12,8,5,5,7,0,1,1,0,0,0,0,0,0,0,0
2018,4,16,6,2,7,0,0,1,0,0,0,0,0,0,0,0
2020,10,9,2,5,3,0,0,1,0,1,0,0,1,1,1,0
2018,6,16,7,2,6,0,0,1,0,0,0,0,0,0,0,0
2020,7,14,2,0,2,0,0,1,0,1,0,0,0,0,1,0
2019,11,18,5,5,2,2,0,1,0,0,0,0,1,0,0,0
2019,12,21,3,5,2,2,0,1,0,0,0,0,1,0,0,0
2019,10,22,3,5,7,2,0,1,0,0,0,0,0,0,0,0
2018,6,9,7,0,5,0,0,1,0,1,0,0,0,0,0,0
2018,8,9,4,5,3,0,0,1,0,0,0,0,0,0,0,0
2018,12,9,5,3,6,0,0,1,0,1,0,0,0,0,0,0
2021,10,22,1,5,2,2,0,1,0,1,0,0,0,0,1,0
2020,9,18,6,0,2,0,1,1,0,0,0,0,0,0,1,0
2020,2,14,5,3,6,0,0,1,0,0,0,1,1,0,0,0
2021,10,0,7,8,1,2,0,1,0,0,0,0,0,0,1,1
2018,10,11,3,5,7,0,0,1,0,1,0,0,0,0,0,0
2020,7,18,4,5,2,0,1,1,0,0,0,0,0,0,1,0
2020,11,7,5,1,1,0,0,1,0,0,0,0,1,1,2,1
2020,7,16,2,6,7,0,0,1,1,0,0,0,0,0,1,0
2021,6,13,5,5,2,0,1,0,0,0,0,1,0,0,1,1
2020,4,8,4,5,3,0,0,1,0,0,1,0,0,1,2,0
2021,5,7,6,5,3,0,1,1,0,0,0,0,0,1,2,0
2019,8,18,1,5,2,0,1,1,0,0,0,0,1,0,0,0
2019,7,10,6,6,4,0,0,1,1,0,0,0,0,0,0,0
2020,7,14,4,6,4,0,0,0,1,0,0,1,1,0,1,0
2019,7,19,4,1,5,0,1,0,0,0,0,1,0,0,0,0
2019,4,18,4,6,4,0,1,0,1,0,0,0,0,0,0,0
2020,11,12,3,5,3,0,1,1,0,0,0,0,0,1,2,0
2018,10,15,3,5,3,0,0,1,0,1,0,0,1,0,0,0
2019,10,12,4,5,2,0,0,1,0,0,0,1,0,0,0,0
2021,6,15,6,5,3,0,0,1,0,1,0,0,0,0,1,0
2019,8,11,4,5,2,0,1,0,0,1,0,0,0,0,0,0
2018,9,8,6,3,6,0,0,1,0,0,0,0,0,0,0,0
2020,3,7,7,5,3,0,0,1,0,0,0,0,0,1,1,0
2021,10,3,1,8,1,2,0,1,0,0,0,0,0,0,1,1
2021,6,18,3,2,6,0,0,1,0,0,0,1,0,0,1,0
2021,6,5,4,5,3,0,0,1,0,1,0,0,0,0,1,1
2018,3,16,5,0,7,1,0,0,0,1,0,1,0,0,0,0
2018,9,21,1,0,7,2,0,1,0,1,0,0,0,0,0,0
2020,5,12,5,2,2,0,0,1,0,0,0,0,0,1,1,0
2018,5,7,2,5,2,0,1,1,0,0,0,0,0,0,0,0
2018,4,8,6,6,2,0,0,1,1,0,0,0,0,0,0,0
2019,1,13,2,5,3,0,1,1,0,0,0,0,1,0,0,0
2018,4,16,2,5,3,0,1,1,0,0,0,0,0,0,0,0
2018,8,15,2,2,2,0,0,1,0,0,0,0,0,0,0,0
2020,11,13,6,0,7,0,0,0,0,1,0,0,1,1,2,0
2018,6,16,1,0,1,0,1,0,0,0,0,0,0,0,0,1
2021,6,7,5,5,3,0,0,1,0,0,0,0,1,0,1,0
2019,12,14,2,5,3,0,1,1,0,0,0,0,1,0,0,0
2018,11,12,2,1,5,0,1,1,0,0,0,1,0,0,0,0
2018,4,16,2,2,6,0,0,1,0,0,0,0,0,0,0,0
2020,2,18,4,6,2,2,0,1,1,0,0,0,1,0,0,0
2020,6,16,5,2,2,0,0,1,0,0,0,1,1,0,1,1
2020,4,20,3,0,1,2,1,0,0,0,0,0,1,1,2,0
2021,3,16,3,5,3,0,1,0,0,0,0,1,0,0,2,1
2020,11,9,4,2,6,0,0,1,0,0,0,0,0,1,2,1
2021,6,19,6,5,2,1,0,1,0,0,0,0,0,0,1,0
2018,3,11,7,1,5,0,1,1,0,0,0,0,0,0,0,1
2019,4,9,6,1,5,0,1,1,0,0,0,0,0,0,0,0
2020,10,16,7,6,7,0,0,0,1,0,0,1,0,1,1,0
2018,10,11,6,5,2,0,1,0,0,0,1,0,0,0,0,1
2021,1,8,3,6,2,0,0,0,1,0,0,1,1,1,2,0
2019,9,7,2,5,3,0,0,1,0,0,0,1,1,0,0,0
2021,7,19,4,1,5,0,1,1,0,0,0,0,0,0,1,0
2020,4,15,7,1,5,0,1,1,0,0,0,0,0,1,2,0
2018,5,18,5,6,4,0,1,0,1,0,0,0,0,0,0,0
2019,4,12,5,5,2,0,0,1,0,1,0,0,0,0,0,0
2021,8,17,4,5,3,0,1,1,0,0,0,0,0,0,1,0
2019,11,19,6,5,2,2,1,1,0,0,0,0,1,0,0,0
2021,6,9,3,5,2,0,1,1,0,0,0,0,0,0,1,0
2019,6,18,5,6,4,0,0,1,1,0,0,0,0,0,0,1
2019,6,7,4,5,3,0,1,1,0,0,0,0,0,0,0,0
2018,5,13,2,5,2,0,0,1,0,0,0,0,0,0,0,0
2020,1,16,3,5,2,2,0,1,0,1,0,0,1,0,0,1
2019,11,18,7,5,3,2,0,1,0,0,0,0,0,0,0,0
2018,5,8,4,2,6,0,0,0,0,0,1,0,0,0,0,0
2021,9,17,3,5,2,0,1,0,0,1,0,0,0,0,1,0
2021,6,13,5,5,3,0,1,1,0,0,0,0,0,0,1,0
2019,4,16,4,6,4,0,0,1,1,0,0,0,0,0,0,0
2019,7,14,2,6,4,0,1,0,1,0,0,0,0,0,0,0
2021,9,14,5,5,3,0,1,1,0,0,0,0,0,0,1,1
2018,4,13,6,5,2,0,0,1,0,1,0,0,0,0,0,0
2018,5,8,3,6,4,0,1,0,1,0,0,0,0,0,0,1
2018,6,7,5,5,7,0,0,1,0,0,0,0,0,0,0,1
2020,4,9,1,5,3,0,0,1,0,1,0,0,0,1,2,1
2020,10,23,6,0,7,2,0,1,0,0,0,0,1,1,1,0
2019,2,11,4,2,6,0,0,1,0,0,0,0,0,0,0,0
2020,10,13,3,3,6,0,1,0,0,0,0,1,0,1,1,0
2018,7,14,5,2,6,0,0,1,0,1,0,0,0,0,0,0
2020,7,18,5,0,7,0,1,0,0,0,0,0,1,0,1,1
2021,10,8,7,5,2,0,0,1,0,0,0,0,0,0,1,1
2019,11,9,6,5,3,0,0,1,0,0,0,0,0,0,0,0
2020,10,11,4,2,6,0,0,1,0,0,0,0,1,1,1,0
2019,2,8,3,5,7,0,1,1,0,0,0,0,0,0,0,0
2019,8,14,6,3,6,0,1,0,0,0,0,1,0,0,0,0
2019,2,5,3,2,6,2,0,1,0,0,0,0,0,0,0,0
2018,6,12,7,6,4,0,0,1,1,0,0,0,0,0,0,0
2020,4,2,2,5,3,2,1,1,0,0,0,0,0,1,2,1
2019,8,9,6,5,2,0,1,0,0,0,0,1,0,0,0,0
2019,10,19,6,5,3,2,1,1,0,0,0,0,1,0,0,0
2018,4,6,5,5,2,0,1,0,0,0,0,1,0,0,0,0
2019,10,12,6,5,2,0,0,1,0,1,0,0,0,0,0,0
2021,9,12,6,0,5,0,0,1,0,0,0,1,0,0,1,0
2018,8,21,1,3,6,2,0,1,0,1,0,0,0,0,0,0
2018,12,17,4,2,2,1,0,1,0,0,0,0,1,0,0,0
2020,2,8,6,2,6,0,0,1,0,0,0,0,0,0,0,0
2018,1,16,5,5,2,2,0,0,0,1,0,1,1,0,0,0
2018,5,18,6,2,6,0,0,1,0,0,0,0,0,0,0,0
2019,6,14,1,5,3,0,1,1,0,0,0,0,0,0,0,0
2020,5,14,4,6,7,0,1,0,1,0,0,0,0,1,1,0
2018,10,8,6,5,3,0,0,1,0,1,0,0,1,0,0,0
2019,3,17,1,2,6,0,0,1,0,0,0,0,0,0,0,0
2018,9,13,1,5,2,0,0,1,0,0,0,0,0,0,0,1
2019,2,21,2,6,7,2,0,1,1,0,0,0,0,0,0,0
2019,8,11,2,2,6,0,1,1,0,0,0,0,0,0,0,0