UJAHR,UMONAT,USTUNDE,UWOCHENTAG,UART,UTYP1,ULICHTVERH,IstRad,IstPKW,IstFuss,IstKrad,IstGkfz,IstSonstige,USTRZUSTAND,LOCKDOWN,COVID,UKATEGORIE
2018,12,19,2,5,7,2,0,1,0,0,0,1,0,0,0,0
2019,1,11,4,6,2,0,0,1,1,0,0,0,0,0,0,1
2020,8,20,1,9,1,2,0,1,0,0,0,0,1,0,1,0
2018,2,14,5,5,2,0,0,1,0,1,0,0,0,0,0,0
2021,8,20,3,0,4,1,1,0,1,0,0,0,0,0,1,1
2019,12,12,7,6,4,0,0,1,1,0,0,0,0,0,0,0
2020,10,8,2,5,3,0,0,1,0,1,0,0,1,1,1,0
2018,8,14,1,2,6,0,0,1,0,0,0,0,0,0,0,0
2019,4,14,4,5,3,0,1,0,0,0,0,0,0,0,0,1
2018,7,22,6,5,3,2,1,1,0,0,0,0,0,0,0,0
2020,4,9,5,3,6,0,0,1,0,0,0,0,0,1,2,1
2019,11,10,6,2,6,0,0,1,0,0,0,0,0,0,0,0
2021,9,14,4,5,3,0,1,1,0,0,0,0,0,0,1,0
2021,12,13,7,0,7,0,0,1,0,0,0,1,1,1,2,0
2019,9,16,2,5,3,0,1,1,0,0,0,0,0,0,0,0
2018,1,7,2,3,6,0,0,1,0,1,0,0,1,0,0,1
2019,8,8,4,2,7,0,0,1,0,0,0,0,0,0,0,0
2018,5,18,5,5,3,0,0,1,0,0,0,0,0,0,0,0
2018,9,15,6,5,2,0,1,1,0,0,0,0,0,0,0,0
2020,4,20,5,1,5,1,0,0,0,0,0,1,0,1,2,0
2018,11,13,6,2,6,0,1,1,0,0,0,0,0,0,0,0
2020,10,14,4,5,2,0,1,1,0,0,0,0,0,1,1,0
2020,6,19,3,5,3,0,1,1,0,0,0,0,0,0,1,0
2021,9,17,6,2,3,0,1,0,0,0,0,1,0,0,1,0
2018,4,15,1,5,3,0,1,1,0,0,0,0,0,0,0,0
2018,10,11,7,5,3,0,1,1,0,0,0,0,0,0,0,1
2021,10,23,6,0,6,2,0,1,0,0,0,0,0,0,1,1
2020,11,12,1,3,6,0,1,1,0,0,0,0,0,1,2,0
2020,6,16,5,0,5,0,0,1,0,0,0,0,0,0,1,0
2019,7,17,7,9,1,0,0,1,0,0,0,0,0,0,0,0
2018,2,6,7,5,3,1,0,1,0,0,0,0,0,0,0,0
2019,11,6,2,5,2,2,0,1,0,0,0,1,1,0,0,1
2021,8,11,3,0,1,0,0,0,0,1,0,0,0,0,1,0
2020,12,14,4,4,6,0,0,1,0,1,0,0,1,1,2,0
2020,2,23,6,5,2,2,0,1,0,0,0,0,0,0,0,0
2018,8,7,6,5,3,0,1,1,0,0,0,0,0,0,0,1
2018,6,19,7,5,2,0,1,1,0,0,0,0,0,0,0,0
2019,9,12,6,5,3,0,0,1,0,0,0,0,0,0,0,0
2019,1,16,1,6,2,2,0,1,1,0,0,0,1,0,0,1
2018,2,18,7,6,4,2,0,1,1,0,0,0,0,0,0,1
2020,4,16,5,5,3,0,1,1,0,0,0,0,0,1,2,0
2019,1,6,3,2,6,2,0,1,0,0,0,0,1,0,0,0
2021,6,23,5,0,3,2,1,1,0,0,0,0,0,0,1,0
2018,8,20,6,5,3,0,0,1,0,0,0,1,0,0,0,0
2018,4,7,4,5,2,0,0,1,0,1,0,0,1,0,0,1
2019,9,14,5,1,1,0,1,1,0,0,0,0,0,0,0,0
2018,12,8,4,5,2,0,1,1,0,0,0,0,1,0,0,0
2021,6,10,5,3,7,0,1,1,0,0,0,0,0,0,1,0
2020,6,16,6,5,2,0,1,1,0,0,0,0,1,0,1,0
2020,7,12,2,0,1,0,1,0,0,0,0,0,0,0,1,0
2020,5,19,4,5,3,0,1,1,0,0,0,0,0,1,1,0
2021,4,21,1,2,6,2,0,1,0,0,0,0,0,1,2,0
2020,4,11,2,0,6,0,0,1,0,0,0,1,0,1,2,0
2019,3,18,5,5,2,2,1,1,0,0,0,0,1,0,0,0
2020,1,17,5,2,6,1,0,1,0,0,0,0,0,0,0,0
2019,4,14,5,5,3,0,1,1,0,0,0,0,0,0,0,0
2019,8,20,6,0,6,1,1,0,0,0,0,1,0,0,0,0
2021,11,18,2,2,2,2,0,1,0,1,0,0,1,0,2,0
2020,1,17,5,5,2,2,1,1,0,0,0,0,0,0,0,0
2019,2,14,4,5,3,0,0,1,0,0,0,0,0,0,0,0
2019,6,7,3,5,2,0,0,1,0,1,0,0,0,0,0,0
2018,10,23,3,5,7,2,0,1,0,1,0,0,1,0,0,0
2018,2,19,4,2,6,2,0,1,0,0,0,0,0,0,0,0
2021,7,14,6,0,1,0,0,0,0,0,0,1,0,0,1,1
2021,7,22,6,5,2,2,1,0,0,0,0,1,1,0,1,0
2018,11,8,4,5,2,0,1,1,0,0,0,0,0,0,0,0
2019,12,10,6,3,6,0,0,1,0,0,0,0,1,0,0,0
2020,3,19,5,5,2,2,1,1,0,0,0,0,0,1,1,0
2018,7,8,1,5,2,0,0,1,0,1,0,0,0,0,0,0
2018,8,16,3,0,7,0,0,1,0,0,0,0,0,0,0,0
2021,1,21,2,5,3,2,1,1,0,0,0,0,1,1,2,0
2018,6,19,5,0,6,0,1,0,0,0,0,1,0,0,0,0
2021,8,12,6,1,5,0,1,1,0,0,0,0,0,0,1,0
2020,8,7,3,5,3,0,1,1,0,0,0,0,0,0,1,0
2021,6,9,5,5,2,0,0,1,0,0,0,1,0,0,1,1
2021,9,12,1,5,3,0,0,1,1,0,0,0,0,0,1,1
2018,5,18,4,2,6,0,0,1,0,0,0,0,0,0,0,0
2019,6,17,5,5,2,0,1,1,0,0,0,0,0,0,0,0
2019,5,13,4,0,7,0,0,1,0,0,0,0,0,0,0,1
2018,12,7,5,6,4,2,0,1,1,0,0,0,0,0,0,0
2019,3,8,4,0,1,0,1,0,0,0,0,0,0,0,0,0
2020,5,22,6,8,1,2,0,0,0,1,0,0,0,1,1,0
2021,3,7,7,5,7,0,0,1,0,0,0,1,0,0,2,0
2019,5,16,3,2,6,0,0,1,0,0,0,0,0,0,0,0
2019,7,10,2,5,3,0,0,1,0,0,0,0,0,0,0,0
2020,10,13,6,0,4,0,0,0,1,0,0,1,0,1,1,0
2019,5,4,5,5,3,1,1,1,0,0,0,0,0,0,0,0
2019,3,20,2,5,2,2,1,1,0,0,0,0,1,0,0,0
2018,5,6,7,5,7,0,0,1,0,0,0,0,0,0,0,0
2019,1,11,1,5,3,0,1,0,0,0,0,0,1,0,0,0
2019,3,16,5,5,3,1,1,1,0,0,0,0,1,0,0,0
2021,4,15,6,2,6,0,0,1,0,0,0,0,0,1,2,0
2021,12,17,2,3,6,2,0,1,0,0,0,1,0,1,2,0
2018,3,12,5,2,6,0,0,1,0,0,1,0,1,0,0,0
2018,7,22,7,6,4,2,0,0,1,0,0,1,0,0,0,1
2020,9,14,4,5,2,0,0,1,0,1,0,0,0,0,1,1
2020,5,13,5,5,2,0,0,1,0,1,0,0,0,1,1,0
2018,12,19,3,6,2,2,0,1,1,0,0,0,1,0,0,0
2019,12,16,6,6,2,1,0,1,1,0,0,0,0,0,0,0
2021,8,17,7,5,2,0,0,1,0,1,0,0,0,0,1,0
2020,2,18,5,6,4,2,0,1,1,0,0,0,1,0,0,1
2020,6,9,6,3,6,0,1,1,0,0,0,0,0,0,1,0
2018,8,14,5,6,4,0,0,1,1,0,0,0,0,0,0,0
2018,4,18,6,5,2,0,1,1,0,0,0,0,0,0,0,0
2021,5,15,2,0,1,0,0,0,0,1,0,0,0,1,2,0
2020,11,11,2,3,6,0,0,0,0,1,0,1,0,1,2,0
2021,8,6,5,5,3,0,0,1,0,0,0,0,1,0,1,0
2020,8,8,2,6,7,0,0,1,1,0,0,0,0,0,1,0
2020,2,11,5,0,1,0,0,0,0,1,0,0,0,0,0,0
2019,4,15,4,5,3,0,0,1,0,0,0,1,0,0,0,0
2021,11,13,5,5,3,0,0,1,0,0,0,0,0,0,2,0
2021,6,10,2,5,2,0,1,1,0,0,0,0,0,0,1,0
2020,8,14,6,5,1,0,0,1,0,0,0,0,0,0,1,0
2018,10,8,7,5,3,0,0,1,0,0,0,0,0,0,0,0
2019,5,13,4,5,2,0,0,1,0,1,0,0,0,0,0,1
2019,4,15,4,5,2,0,1,1,0,0,0,0,0,0,0,0
2020,9,12,7,0,2,0,1,1,0,0,0,0,1,0,1,0
2018,2,12,7,6,6,0,1,0,1,0,0,0,0,0,0,0
2018,6,17,2,2,6,0,0,1,0,0,0,0,0,0,0,0
2019,8,18,6,0,7,0,0,0,0,0,0,1,0,0,0,0
2020,6,16,5,3,6,0,0,1,0,0,0,0,0,0,1,0
2021,11,13,2,0,1,0,1,0,0,1,0,0,1,0,2,0
2018,6,15,7,5,2,0,0,1,0,1,0,0,0,0,0,1
2021,11,11,3,0,3,0,1,1,0,0,0,0,0,0,2,0
2021,9,6,5,5,2,1,1,1,0,0,0,0,1,0,1,0
2021,1,14,5,2,6,0,0,1,0,0,0,0,0,1,2,0
2018,4,12,3,6,2,0,0,1,1,0,0,0,0,0,0,0
2021,8,10,3,5,2,0,1,0,0,0,0,1,0,0,1,0
2019,9,12,2,5,3,0,1,1,0,0,0,0,1,0,0,1
2020,5,17,7,8,1,0,0,1,0,0,0,0,0,1,1,0
2019,5,7,6,1,1,0,0,1,0,0,1,0,0,0,0,0
2020,11,9,4,5,2,0,1,1,0,0,0,0,0,1,2,0
2018,11,16,3,6,4,1,1,0,1,0,0,0,0,0,0,0
2018,4,5,5,5,7,1,0,1,0,1,0,0,0,0,0,0
2021,9,12,4,1,5,0,1,1,0,0,0,0,0,0,1,0
2021,10,21,3,5,3,2,1,1,0,0,0,0,0,0,1,0
2020,11,8,2,5,2,0,1,1,0,0,0,0,0,1,2,0
2018,9,14,6,5,3,0,1,1,0,0,0,0,0,0,0,0
2019,7,12,4,3,6,0,0,1,0,0,1,0,0,0,0,0
2021,8,21,7,2,2,2,0,1,0,0,0,0,1,0,1,0
2018,5,15,6,0,1,0,1,0,0,0,0,0,0,0,0,1
2018,7,16,3,2,6,0,0,1,0,0,0,0,0,0,0,0
2021,6,15,5,3,6,0,1,1,0,0,0,0,0,0,1,0
2018,3,8,5,5,5,0,0,1,0,0,0,0,1,0,0,0
2019,3,21,2,6,4,2,0,1,1,0,0,0,1,0,0,1
2019,1,10,3,0,7,0,0,1,0,0,0,0,1,0,0,0
2018,11,15,3,6,4,0,0,1,1,0,0,0,0,0,0,0
2020,10,15,4,5,3,0,1,0,0,1,0,0,1,1,1,0
2019,12,15,3,1,7,1,0,1,0,0,0,0,0,0,0,0
2018,9,11,7,2,6,0,0,1,0,0,0,1,0,0,0,0
2020,1,22,4,0,3,2,1,0,0,0,0,1,0,0,0,0
2020,6,16,7,5,2,0,1,1,0,0,0,0,0,0,1,0
2018,10,10,6,2,6,0,0,1,0,0,0,0,0,0,0,1
2021,9,12,5,1,5,0,0,1,0,0,0,0,1,0,1,0
2018,8,16,4,0,1,0,1,0,0,0,0,0,0,0,0,0
2019,6,13,3,3,6,0,0,1,0,1,0,0,0,0,0,0
2018,4,18,4,2,6,1,0,1,0,0,0,0,0,0,0,0
2018,12,17,5,2,6,2,0,1,0,0,0,0,1,0,0,0
2018,12,13,1,2,6,0,0,1,0,0,0,0,1,0,0,0
2020,1,7,5,5,2,1,1,1,0,0,0,0,1,0,0,0
2021,8,15,2,0,6,0,0,1,0,0,0,1,1,0,1,0
2019,10,18,5,5,2,2,1,1,0,0,0,0,1,0,0,1
2021,6,13,5,0,1,0,0,0,0,1,0,0,1,0,1,0
2020,1,15,2,6,4,1,0,1,1,0,0,0,1,0,0,0
2018,9,21,7,2,6,2,0,1,0,0,0,0,1,0,0,0
2018,5,12,4,6,4,0,0,1,1,0,0,0,0,0,0,0
2021,7,14,6,6,4,0,0,0,1,1,0,0,0,0,1,0
2020,5,21,5,0,1,0,1,0,0,0,0,0,0,1,1,0
2021,12,10,5,6,7,0,0,1,1,0,0,0,0,1,2,0
2020,8,18,5,1,5,0,1,1,0,0,0,0,0,0,1,0
2021,9,16,3,5,2,0,1,1,0,0,0,0,0,0,1,0
2019,5,20,4,0,2,1,1,0,0,0,1,0,0,0,0,0
2018,7,14,1,5,2,0,0,1,0,0,0,0,0,0,0,1
2018,12,5,3,4,6,2,0,1,0,0,0,0,1,0,0,0
2021,8,15,6,3,6,0,0,1,0,0,0,0,0,0,1,0
2020,10,18,7,2,6,2,0,1,0,0,0,0,1,1,1,0
2021,7,13,7,2,2,0,0,1,0,0,0,0,0,0,1,1
2020,4,8,3,3,6,0,0,1,0,0,0,0,0,1,2,0
2021,9,7,5,2,6,0,0,1,0,0,0,0,0,0,1,0
2019,8,22,5,2,6,2,0,1,0,1,0,0,0,0,0,0
2020,9,6,2,5,2,2,1,1,0,0,0,0,0,0,1,0
2021,7,14,6,1,5,0,1,1,0,0,0,0,0,0,1,0
2019,8,14,1,1,6,0,0,1,0,1,0,0,0,0,0,0
2021,6,18,1,6,7,0,1,0,1,0,0,0,0,0,1,0
2018,7,4,1,8,1,2,0,1,1,0,0,0,0,0,0,0
2021,8,15,2,6,2,0,0,1,1,0,0,0,0,0,1,0
2018,9,19,3,5,2,1,1,1,0,0,0,0,0,0,0,0
2019,4,14,4,0,4,0,0,0,1,0,0,1,0,0,0,0
2020,9,12,3,1,5,0,1,1,0,0,0,0,0,0,1,0
2021,10,9,7,5,3,0,0,1,0,0,0,1,0,0,1,0
2021,5,16,3,5,7,0,0,1,0,0,0,0,0,1,2,0
2021,10,11,4,5,5,0,1,1,0,0,0,0,0,0,1,0
2018,11,14,4,1,5,0,1,1,0,0,0,0,0,0,0,0
2019,5,6,5,0,6,1,0,1,0,0,0,0,0,0,0,0
2020,12,14,6,6,4,0,0,0,1,0,0,1,0,1,2,0
2018,5,22,4,6,4,2,0,0,1,0,1,0,0,0,0,1
2018,10,16,6,2,6,0,0,1,0,0,0,0,0,0,0,0
2021,10,21,4,6,4,2,0,1,1,0,0,0,0,0,1,0
2020,8,10,4,5,3,0,1,1,0,0,0,0,1,0,1,0
2018,1,20,7,1,5,2,0,1,0,0,0,0,1,0,0,0
2018,5,15,7,5,3,0,1,1,0,0,0,0,0,0,0,0
2019,8,17,4,6,4,0,1,0,1,0,0,0,0,0,0,0
2019,6,16,3,2,6,0,0,1,0,0,0,0,0,0,0,0
2018,12,5,7,0,1,2,0,0,0,0,0,1,1,0,0,0
2019,10,9,5,0,1,0,1,0,0,0,0,0,1,0,0,0
2019,8,9,6,5,2,0,1,1,0,0,0,0,0,0,0,0
2019,9,11,7,5,3,0,0,1,0,0,0,0,0,0,0,0
2018,3,14,6,2,6,0,0,1,0,0,0,0,0,0,0,0
2020,6,14,3,5,2,0,1,1,0,0,0,0,0,0,1,0
2020,4,17,6,2,6,0,0,1,0,1,0,0,0,1,2,0
2019,1,8,2,0,1,0,1,0,0,0,0,0,2,0,0,0
2021,9,21,4,0,7,2,1,0,0,0,0,0,0,0,1,0
2020,8,10,5,5,2,0,0,1,0,0,0,0,0,0,1,0
2019,7,15,4,1,5,0,1,1,0,0,0,0,0,0,0,0
2019,8,13,7,1,6,0,0,1,0,0,0,0,0,0,0,0
2021,9,7,4,5,2,0,1,1,0,0,0,0,0,0,1,0
2019,9,11,6,3,6,0,0,1,0,1,0,0,0,0,0,1
2020,12,11,3,2,6,0,0,1,0,0,0,0,1,1,2,0
2018,6,20,2,2,6,0,0,1,0,0,0,1,0,0,0,0
2019,2,15,6,5,3,0,0,1,0,0,0,1,0,0,0,0
2020,7,16,4,5,2,0,0,1,0,0,0,1,0,0,1,0
2019,7,22,6,5,3,2,1,0,0,0,0,0,0,0,0,1
2019,5,8,5,1,5,0,0,1,0,0,0,1,0,0,0,0
2018,3,8,4,2,6,0,0,1,0,0,0,1,1,0,0,0
2021,11,15,6,0,1,0,0,0,0,1,0,0,1,0,2,0
2019,8,18,3,0,2,0,0,1,0,0,0,1,0,0,0,0
2020,10,10,7,2,6,0,1,1,0,0,0,0,0,1,1,0
2018,4,14,4,2,6,0,0,1,0,0,0,0,0,0,0,0
2021,4,7,5,0,1,0,0,0,0,1,0,0,0,1,2,1
2019,2,15,3,5,3,0,0,1,0,0,0,0,0,0,0,0
2019,1,17,4,5,2,2,1,1,0,0,0,0,1,0,0,0
2018,7,16,6,3,2,0,1,1,0,0,0,0,0,0,0,0
2020,9,15,2,0,4,0,0,0,1,0,0,1,0,0,1,1
2019,5,13,4,2,6,0,0,1,0,0,0,0,0,0,0,0
2018,8,16,7,0,7,0,1,0,0,0,0,0,0,0,0,1
2019,1,16,5,0,1,2,0,0,0,1,0,0,0,0,0,1
2020,6,15,2,5,2,0,0,1,0,1,0,0,0,0,1,1
2019,10,18,7,5,2,2,0,1,0,1,0,0,0,0,0,1
2019,7,16,3,5,7,0,0,1,0,0,0,1,0,0,0,0
2021,11,18,1,6,2,2,0,1,1,0,0,0,1,0,2,0
2020,11,12,7,3,6,0,0,1,0,0,0,0,0,1,2,0
2020,10,7,3,1,5,0,1,0,0,0,0,1,0,1,1,0
2018,7,20,2,5,3,0,1,1,0,0,0,0,0,0,0,1
2018,6,11,5,1,5,0,1,1,0,0,0,0,0,0,0,0
2018,2,14,7,6,7,0,0,1,1,0,0,0,0,0,0,0
2018,6,15,6,3,6,0,0,1,0,1,0,0,0,0,0,0
2018,4,14,2,1,5,0,0,1,0,1,0,0,0,0,0,0
2019,11,3,1,5,3,2,1,1,0,0,0,0,0,0,0,1
2021,6,14,5,1,5,0,1,1,0,0,0,0,0,0,1,0
2020,9,18,2,5,7,0,0,1,0,0,0,1,0,0,1,0
2020,9,17,5,0,4,0,1,0,1,0,0,0,0,0,1,0
2019,12,14,6,6,4,0,0,1,1,0,0,0,0,0,0,1
2020,11,0,6,0,1,2,1,0,0,0,0,0,1,1,2,1
2020,9,17,7,2,6,0,1,1,0,0,0,0,0,0,1,0
2019,2,16,3,1,5,0,1,1,0,0,0,0,0,0,0,0
2021,7,18,5,5,2,0,1,1,0,0,0,0,1,0,1,0
2021,10,15,3,5,3,0,1,1,0,0,0,0,1,0,1,0
2021,6,6,2,5,2,0,1,1,0,0,0,0,0,0,1,0
2019,9,8,2,6,7,0,1,0,1,0,0,0,0,0,0,0
2019,7,12,7,7,7,0,1,0,0,0,0,0,0,0,0,0
2021,9,9,4,0,7,0,1,0,0,0,0,0,0,0,1,0
2019,11,18,2,5,3,1,0,1,0,0,0,0,1,0,0,0
2020,5,11,5,4,6,0,0,1,0,0,0,0,0,1,1,0
2021,5,15,2,5,3,0,1,0,0,0,0,0,0,1,2,0
2019,3,18,1,5,2,1,1,1,0,0,0,0,0,0,0,0
2021,12,18,6,6,7,2,0,0,1,0,0,1,0,1,2,0
2018,2,14,2,5,3,0,1,0,0,0,0,1,0,0,0,0
2021,10,15,5,1,5,0,0,1,0,0,0,0,0,0,1,0
2018,2,22,5,5,3,2,1,1,0,0,0,0,1,0,0,1
2018,12,21,2,6,2,2,0,1,1,0,0,0,1,0,0,0
2020,8,15,5,0,2,0,0,1,0,1,0,0,0,0,1,0
2021,6,10,4,2,4,0,1,0,1,0,0,0,0,0,1,0
2021,6,10,5,2,6,0,0,1,0,0,0,0,0,0,1,0
2020,1,22,7,6,7,2,0,1,1,0,0,0,0,0,0,0
2020,6,12,3,5,2,0,1,1,0,0,0,0,0,0,1,0
2021,12,8,5,0,7,0,1,0,0,0,0,0,1,1,2,0
2019,8,20,5,2,6,0,0,1,0,0,0,0,0,0,0,0
2021,4,17,1,2,7,0,0,1,0,0,0,0,0,1,2,0
2018,5,15,4,0,4,0,0,0,1,0,0,1,0,0,0,0
2021,5,17,3,2,6,0,0,1,0,0,1,0,1,1,2,0
2018,6,7,7,0,1,0,0,0,0,1,0,0,0,0,0,0
2019,3,15,3,5,3,0,1,1,0,0,0,0,0,0,0,0
2021,11,17,1,5,3,2,0,1,0,1,0,0,1,0,2,1
2020,11,20,7,0,1,2,0,1,0,1,0,0,0,1,2,1
2019,8,15,3,0,2,0,1,1,0,0,0,0,1,0,0,0
2021,6,8,2,2,6,0,0,1,0,0,0,0,0,0,1,1
2018,9,9,6,6,4,0,0,1,1,0,0,0,0,0,0,1
2020,8,21,4,2,6,2,1,1,0,0,0,0,1,0,1,0
2019,11,17,5,6,2,2,0,1,1,0,0,0,0,0,0,0
2021,7,7,6,5,3,0,0,1,0,0,0,1,0,0,1,0
2018,7,16,2,6,2,0,0,1,1,0,0,0,0,0,0,0
2018,2,1,4,3,6,2,0,1,0,0,0,0,0,0,0,1
2020,7,8,4,0,6,0,1,1,0,0,0,0,0,0,1,0
2020,1,5,4,2,6,2,0,1,0,0,0,0,0,0,0,0
2020,1,8,6,3,6,1,1,0,0,0,0,1,0,0,0,0
2019,10,14,3,2,6,0,0,1,0,0,0,1,1,0,0,0
2021,1,7,7,9,1,0,0,1,0,0,0,0,0,1,2,0
2021,6,16,6,2,6,0,1,1,0,0,0,0,0,0,1,0
2019,1,17,5,1,5,1,0,1,0,0,0,0,1,0,0,0
2018,3,19,4,1,7,2,1,1,0,0,0,0,0,0,0,0
2019,9,22,3,5,3,2,0,1,0,0,0,0,1,0,0,0
2018,5,9,4,5,2,0,1,0,0,0,0,1,0,0,0,1
2018,12,9,6,5,2,0,1,1,0,0,0,0,0,0,0,0
2020,5,13,1,5,2,0,1,0,0,0,0,0,0,1,1,0
2021,11,12,6,5,2,0,0,1,0,0,0,0,1,0,2,0
2019,2,13,2,6,4,0,1,0,1,0,0,0,0,0,0,1
2020,10,10,3,0,3,0,1,0,0,0,0,0,0,1,1,0
2020,5,16,4,5,2,0,1,0,0,0,0,1,0,1,1,0
2018,3,18,3,0,6,1,0,1,0,1,0,0,0,0,0,0
2021,5,15,7,2,6,0,1,1,0,0,0,0,0,1,2,0
2018,10,17,6,2,6,0,0,1,0,0,0,0,0,0,0,0
2019,12,8,6,0,1,1,0,0,0,1,0,0,2,0,0,1
2021,10,15,6,0,1,0,1,0,0,0,0,0,0,0,1,0
2018,9,0,1,5,7,2,0,1,0,0,0,0,0,0,0,1
2019,4,11,4,6,4,0,0,0,1,0,0,1,0,0,0,0
2018,8,8,2,5,3,0,0,1,0,0,0,0,0,0,0,0
2020,10,17,4,2,6,0,0,1,0,0,0,0,1,1,1,0
2020,10,9,5,5,2,0,1,1,0,0,0,0,1,1,1,0
2019,10,15,3,4,6,0,0,1,0,0,0,0,0,0,0,0
2019,8,12,5,5,3,0,0,1,0,0,1,0,0,0,0,1
2018,8,10,4,5,3,0,1,1,0,0,0,0,0,0,0,0
2018,3,14,7,6,4,0,0,1,1,0,0,0,1,0,0,0
2018,5,8,4,5,5,0,1,1,0,0,0,0,0,0,0,0
2019,5,22,4,0,2,2,0,1,0,1,0,0,0,0,0,0
2018,8,18,2,3,6,0,1,0,0,0,0,0,0,0,0,0
2019,11,10,6,2,2,0,0,1,0,0,0,0,0,0,0,0
2018,2,21,2,6,2,2,0,1,1,0,0,0,0,0,0,0
2020,5,16,2,5,3,0,0,1,0,0,0,0,1,1,1,0
2021,12,8,2,2,6,0,0,1,0,0,0,0,1,1,2,0
2019,6,10,3,5,3,0,0,1,0,0,0,0,0,0,0,0
2020,11,8,6,6,4,0,1,0,1,0,0,0,0,1,2,0
2020,11,12,3,0,1,0,1,0,0,0,0,0,0,1,2,0
2019,3,15,4,6,4,0,0,0,1,0,0,1,0,0,0,0
2021,9,16,3,5,3,0,1,1,0,0,0,0,0,0,1,0
2019,5,10,5,5,3,0,1,1,0,0,0,0,0,0,0,0
2019,12,16,5,6,4,2,0,1,1,0,0,0,1,0,0,0
2019,9,11,3,5,2,0,0,1,0,0,0,1,0,0,0,1
2018,9,21,6,0,6,2,0,1,0,1,0,0,0,0,0,0
2018,9,15,5,5,3,0,0,1,0,0,0,0,0,0,0,0
2019,4,17,4,0,1,0,0,0,0,1,0,0,0,0,0,0
2019,6,16,5,5,2,0,0,1,0,0,0,0,0,0,0,0
2018,4,16,1,3,6,0,1,1,0,0,0,0,0,0,0,0
2019,11,18,2,0,7,2,1,0,0,0,0,0,0,0,0,0
2020,9,9,4,1,7,0,0,1,0,0,0,0,0,0,1,0
2021,9,13,7,5,3,0,0,1,0,1,0,0,0,0,1,0
2020,1,3,7,5,3,2,0,1,0,0,0,0,1,0,0,0
2019,5,19,3,3,6,1,1,0,0,0,0,0,0,0,0,0
2020,4,22,4,0,1,2,1,0,0,0,0,0,0,1,2,0
2018,10,19,1,1,5,2,0,1,0,0,0,0,0,0,0,0
2018,4,9,2,2,2,0,0,1,0,0,0,0,0,0,0,0
2018,9,18,4,6,4,1,1,0,1,0,0,0,0,0,0,0
2019,4,19,5,6,4,1,0,1,1,0,0,0,0,0,0,1
2018,7,8,2,3,6,0,1,1,0,0,0,0,0,0,0,0
2020,5,13,7,3,6,0,0,1,0,0,0,0,0,1,1,1
2019,1,15,5,5,2,0,1,1,0,0,0,0,0,0,0,0
2018,3,11,3,6,2,0,0,1,1,0,0,0,1,0,0,0
2018,7,15,2,5,2,0,0,1,0,0,0,0,0,0,0,0
2018,10,13,3,3,6,0,0,1,0,0,0,0,0,0,0,0
2019,12,18,3,5,2,2,0,1,0,0,0,0,0,0,0,1
2019,9,11,5,2,6,0,1,0,0,0,0,0,0,0,0,0
2019,7,17,5,5,2,0,0,1,0,1,0,0,0,0,0,1
2021,4,10,3,5,3,0,1,1,0,0,0,0,0,1,2,0
2021,12,11,3,5,3,0,0,1,0,0,0,0,0,1,2,0
2019,7,10,5,0,7,0,0,0,0,1,0,0,1,0,0,0
2020,8,15,5,2,2,0,1,1,0,0,0,0,0,0,1,0
2018,12,15,2,2,6,1,0,1,0,0,0,0,0,0,0,0
2018,6,11,1,2,6,0,0,1,0,0,0,0,1,0,0,0
2018,1,15,2,5,2,0,0,1,0,1,0,0,0,0,0,0
2021,8,15,4,5,3,0,0,1,0,0,0,0,0,0,1,0
2019,5,11,7,6,4,0,1,0,1,0,0,0,0,0,0,0
2018,5,16,7,1,5,0,1,1,0,0,0,0,0,0,0,0
2018,8,12,4,5,3,0,0,1,0,0,0,0,0,0,0,0
2019,7,13,3,0,7,0,0,1,0,1,0,0,0,0,0,0
2021,7,17,6,0,1,0,0,0,0,1,0,0,0,0,1,0
2020,7,17,1,5,2,0,1,1,0,0,0,0,1,0,1,0
2020,2,13,3,5,3,0,0,1,0,0,0,0,0,0,0,1
2018,2,18,7,6,4,2,1,0,1,0,0,0,0,0,0,0
2020,9,16,4,5,3,0,0,1,0,0,0,0,0,0,1,1
2020,3,15,6,2,6,0,0,1,0,0,0,0,1,1,1,0
2019,5,11,5,0,7,0,1,0,0,0,0,0,0,0,0,0
2018,8,7,3,6,4,0,0,1,1,0,0,0,0,0,0,0
2021,8,6,2,1,5,1,0,1,0,1,0,1,1,0,1,0
2018,8,13,7,5,2,0,1,1,0,0,0,0,0,0,0,0
2020,6,9,5,6,2,0,0,1,1,0,0,0,1,0,1,0
2018,4,8,3,2,6,0,0,1,0,0,1,0,0,0,0,0
2019,7,10,7,5,3,0,1,1,0,0,0,0,0,0,0,0
2019,6,18,5,1,5,0,1,1,0,0,0,0,0,0,0,0
2021,2,6,3,8,1,2,0,0,0,0,0,1,2,1,2,0
2021,12,18,5,6,2,2,0,1,1,0,0,0,0,1,2,0
2018,8,8,3,0,1,0,1,0,0,0,0,0,0,0,0,1
2021,10,14,7,0,7,0,0,0,0,1,0,0,1,0,1,1
2019,11,12,7,0,5,0,0,1,0,0,0,0,0,0,0,0
2018,6,14,6,2,6,0,0,1,0,0,0,0,0,0,0,0