UJAHR,UMONAT,USTUNDE,UWOCHENTAG,UART,UTYP1,ULICHTVERH,IstRad,IstPKW,IstFuss,IstKrad,IstGkfz,IstSonstige,USTRZUSTAND,LOCKDOWN,COVID,UKATEGORIE
2018,8,14,6,8,1,0,0,1,0,0,0,0,0,0,0,1
2021,3,17,1,5,3,0,0,1,0,0,0,0,0,0,2,0
2018,3,23,6,6,2,2,0,1,1,0,0,0,0,0,0,0
2019,12,14,6,5,3,0,0,1,0,0,0,0,1,0,0,0
2019,9,10,4,5,3,0,0,1,0,0,0,0,1,0,0,0
2018,9,16,2,5,2,0,1,1,0,0,0,0,0,0,0,0
2021,10,11,7,5,7,0,1,1,0,0,0,0,0,0,1,0
2018,11,12,2,2,2,0,0,1,0,0,1,0,1,0,0,0
2021,10,17,7,6,7,0,0,0,1,0,0,1,0,0,1,0
2020,8,8,2,6,4,0,0,1,1,0,0,0,0,0,1,0
2018,12,15,5,2,6,0,0,1,0,0,0,0,1,0,0,0
2020,3,16,1,5,2,0,0,1,0,0,0,0,0,1,1,0
2020,9,0,5,1,5,2,1,1,0,0,0,0,1,0,1,0
2020,1,9,2,0,6,0,1,0,0,0,0,1,0,0,0,0
2019,7,19,3,5,7,0,0,1,0,1,0,0,0,0,0,0
2021,6,21,4,1,5,1,0,1,0,0,0,0,0,0,1,0
2021,9,20,4,0,6,2,0,1,0,1,0,0,1,0,1,0
2018,10,19,1,0,7,2,0,1,0,1,0,0,1,0,0,1
2020,12,6,4,2,6,2,0,1,0,0,0,0,1,1,2,0
2019,6,15,4,1,5,0,1,1,0,0,0,0,0,0,0,0
2019,5,16,3,2,6,0,0,1,0,0,0,1,0,0,0,0
2019,1,1,1,1,1,2,0,1,0,0,0,1,1,0,0,1
2021,5,16,4,3,6,0,1,1,0,0,0,0,0,1,2,0
2020,8,13,5,6,4,0,0,0,0,1,0,1,0,0,1,0
2020,9,9,3,2,2,0,0,1,0,0,0,0,0,0,1,1
2021,6,15,6,5,3,0,1,1,0,0,0,0,0,0,1,0
2018,8,16,6,5,3,0,0,1,0,1,0,0,0,0,0,0
2018,11,13,6,4,6,0,1,1,0,0,0,0,0,0,0,0
2019,3,7,5,5,3,0,0,1,0,1,0,0,0,0,0,1
2021,10,17,6,5,2,1,0,1,0,0,0,0,1,0,1,0
2021,5,8,4,1,5,0,1,1,0,0,0,0,0,1,2,0
2019,8,14,5,5,2,0,0,1,0,1,0,0,0,0,0,1
2018,5,10,3,5,2,0,1,1,0,0,0,0,0,0,0,0
2018,8,10,5,0,1,0,0,0,0,1,0,0,0,0,0,0
2021,9,18,4,1,5,0,0,1,0,0,0,0,0,0,1,1
2019,6,13,1,2,6,0,0,1,0,0,0,0,0,0,0,0
2019,4,11,1,2,6,0,0,1,0,0,0,0,0,0,0,0
2020,7,18,6,6,4,0,0,1,1,0,0,0,0,0,1,0
2021,4,14,3,2,6,0,0,1,0,0,0,0,0,1,2,0
2021,8,19,3,2,2,0,0,1,0,1,0,0,0,0,1,0
2018,2,15,2,5,2,0,1,1,0,0,0,0,0,0,0,0
2021,10,17,6,5,2,0,0,1,0,0,0,0,0,0,1,0
2018,9,16,6,0,2,0,0,0,0,0,0,1,0,0,0,0
2020,2,14,5,0,2,0,1,1,0,0,0,0,1,0,0,0
2021,9,14,4,5,3,0,1,1,0,0,0,0,0,0,1,0
2019,8,14,4,5,3,0,1,1,0,0,0,0,0,0,0,1
2018,4,12,7,5,3,0,0,1,0,0,0,1,0,0,0,0
2018,11,9,6,0,7,0,1,0,0,0,0,0,1,0,0,1
2019,11,7,6,0,6,1,0,1,0,1,0,0,1,0,0,0
2021,5,14,7,6,2,0,0,1,1,0,0,0,1,1,2,0
2019,3,15,3,5,3,0,0,1,0,0,0,0,1,0,0,0
2019,3,15,2,2,6,0,0,1,0,0,0,0,1,0,0,0
2020,11,8,6,1,5,0,0,1,0,0,0,0,0,1,2,0
2021,11,16,1,5,2,1,0,1,0,0,0,0,0,0,2,0
2019,8,11,7,5,3,0,0,1,0,0,0,0,0,0,0,1
2018,8,14,6,6,4,0,0,1,1,0,0,0,0,0,0,0
2020,11,15,5,5,3,1,0,1,0,1,0,0,0,1,2,0
2018,6,8,6,3,6,0,0,1,0,0,0,1,0,0,0,0
2020,7,20,7,6,4,0,0,1,1,0,0,0,0,0,1,0
2020,4,9,5,5,2,0,1,1,0,0,0,0,0,1,2,0
2018,11,15,6,4,6,0,1,0,0,0,0,0,0,0,0,0
2020,2,14,4,5,3,0,1,1,0,0,0,0,0,0,0,1
2019,4,15,5,5,2,0,0,1,0,0,0,1,0,0,0,0
2018,10,14,7,5,3,0,0,1,0,0,0,0,0,0,0,0
2019,11,17,7,5,2,2,0,1,0,0,0,0,1,0,0,0
2018,9,15,2,2,6,0,1,1,0,0,0,0,0,0,0,0
2018,9,16,5,5,3,0,1,1,0,0,0,0,0,0,0,0
2020,9,18,6,0,5,0,1,0,0,0,0,1,0,0,1,0
2018,3,15,6,1,1,0,0,1,0,1,0,0,0,0,0,0
2019,1,13,6,5,2,0,0,1,0,0,0,0,0,0,0,0
2018,6,10,2,6,7,0,1,0,1,0,0,0,0,0,0,0
2020,11,8,4,2,6,0,0,1,0,0,0,0,1,1,2,0
2020,8,13,7,0,2,0,1,0,0,0,0,0,0,0,1,0
2021,11,20,3,5,3,2,1,1,0,0,0,0,1,0,2,0
2018,12,7,6,5,2,2,1,1,0,0,0,0,0,0,0,0
2018,11,7,2,3,6,0,0,1,0,0,1,0,0,0,0,0
2019,4,17,2,5,3,0,1,1,0,0,0,0,0,0,0,0
2021,4,13,5,5,7,0,0,0,0,1,0,0,0,1,2,0
2019,12,2,5,8,1,2,0,1,0,0,0,0,1,0,0,0
2018,3,10,4,2,7,0,0,1,0,0,0,0,1,0,0,0
2020,11,0,6,5,3,2,0,1,0,0,0,0,0,1,2,0
2021,1,16,1,5,2,2,0,1,0,0,0,0,2,1,2,0
2018,9,8,3,2,6,0,0,1,0,1,0,0,0,0,0,0
2020,6,9,3,2,6,0,0,0,0,1,0,1,0,0,1,0
2019,12,14,2,6,4,0,0,1,1,0,0,0,0,0,0,0
2021,8,13,3,0,2,0,1,1,0,0,0,0,0,0,1,0
2020,9,17,5,2,6,0,1,1,0,0,0,0,0,0,1,0
2021,11,20,4,2,6,2,0,1,0,0,0,0,0,0,2,0
2020,9,20,1,2,6,2,0,1,0,0,1,0,0,0,1,0
2018,9,16,5,2,7,0,0,1,0,0,0,0,0,0,0,0
2020,5,12,2,9,1,0,0,1,0,0,0,0,0,1,1,1
2021,10,14,5,5,2,0,0,1,0,0,0,1,0,0,1,0
2021,7,8,3,0,7,0,0,1,0,0,0,1,0,0,1,0
2019,1,13,4,5,7,0,0,1,0,0,0,0,1,0,0,0
2018,6,7,2,1,5,0,1,1,0,0,0,0,0,0,0,0
2019,2,14,2,2,6,0,0,1,0,0,0,0,1,0,0,0
2021,11,16,2,0,1,2,1,0,0,0,0,0,1,0,2,1
2020,2,16,5,5,2,1,1,0,0,1,0,0,0,0,0,0
2021,12,13,7,2,1,0,0,1,0,0,0,0,0,1,2,0
2019,11,10,3,3,6,0,0,1,0,0,0,0,1,0,0,0
2019,12,16,2,6,4,2,0,1,1,0,0,0,1,0,0,1
2020,7,16,4,6,4,0,0,1,1,0,0,0,0,0,1,0
2021,10,15,3,5,2,0,1,1,0,0,0,0,0,0,1,0
2021,11,12,3,3,6,0,0,1,0,1,0,0,0,0,2,0
2019,12,8,6,3,6,0,1,1,0,0,0,0,0,0,0,0
2018,2,16,2,5,3,0,0,1,0,0,0,0,0,0,0,0
2021,7,20,6,2,2,1,0,1,0,0,0,0,0,0,1,0
2018,8,10,6,5,2,0,0,1,0,1,0,0,0,0,0,1
2018,5,13,1,5,2,0,1,1,0,0,0,0,0,0,0,0
2021,4,8,6,5,3,0,0,1,0,0,0,0,0,1,2,0
2020,1,22,6,6,4,2,1,0,1,0,0,0,1,0,0,0
2018,3,17,6,2,6,0,0,1,0,0,0,0,0,0,0,0
2020,8,9,3,5,2,0,0,0,0,0,1,1,1,0,1,0
2018,10,2,7,2,6,2,0,1,0,0,0,0,0,0,0,0
2018,1,14,4,6,4,0,0,1,1,0,0,0,1,0,0,1
2020,10,1,5,1,5,2,0,1,0,0,0,1,1,1,1,0
2021,9,19,3,0,1,1,1,0,0,0,0,0,0,0,1,0
2018,10,15,2,2,6,0,0,1,0,0,0,0,1,0,0,0
2020,7,21,6,5,3,1,1,1,0,0,0,0,0,0,1,0
2019,4,16,2,5,3,0,0,0,0,1,0,1,0,0,0,0
2019,7,13,6,2,6,0,0,1,0,1,0,0,1,0,0,0
2020,10,14,3,2,6,0,0,1,0,0,0,0,0,1,1,0
2021,1,17,2,2,6,2,0,0,0,0,0,1,1,1,2,0
2021,6,17,7,2,6,0,0,1,0,0,0,0,0,0,1,0
2018,9,8,2,0,4,0,0,0,1,1,0,0,0,0,0,0
2018,1,15,4,6,7,1,1,0,1,0,0,0,1,0,0,0
2020,2,15,4,0,6,0,0,1,0,1,0,1,0,0,0,0
2019,4,14,2,5,3,0,1,0,0,0,0,0,0,0,0,0
2021,10,17,6,2,6,0,0,1,0,0,0,0,0,0,1,0
2021,9,11,7,5,2,0,0,1,0,1,0,0,1,0,1,0
2018,5,9,3,6,2,0,0,1,1,0,0,0,0,0,0,1
2020,10,10,5,3,6,0,0,1,0,1,0,0,0,1,1,0
2020,6,11,4,9,1,0,0,0,0,1,0,0,0,0,1,0
2019,3,15,2,2,6,0,0,1,0,0,0,0,0,0,0,0
2020,8,23,3,5,3,2,0,1,0,0,0,1,0,0,1,0
2021,9,21,1,2,6,2,0,1,0,0,0,0,0,0,1,0
2018,8,9,5,5,5,0,0,1,0,1,0,0,1,0,0,0
2019,3,10,1,1,1,0,0,1,0,0,0,1,0,0,0,0
2019,8,7,5,2,6,0,0,1,0,1,0,0,0,0,0,1
2018,9,15,7,0,1,0,1,0,0,0,0,0,0,0,0,1
2019,10,8,6,5,2,0,1,1,0,0,0,0,0,0,0,0
2019,10,15,3,5,2,0,1,1,0,0,0,0,0,0,0,0
2021,10,19,3,0,7,2,0,1,0,1,0,0,1,0,1,0
2020,4,17,7,4,6,0,1,0,0,0,0,0,0,1,2,0
2018,1,17,3,6,7,2,0,1,1,0,0,0,0,0,0,0
2018,6,2,1,6,7,2,0,1,1,0,0,0,0,0,0,0
2018,10,14,5,5,7,0,0,1,0,0,0,1,0,0,0,0
2021,5,16,4,0,1,0,0,0,0,1,0,0,1,1,2,0
2020,6,14,3,1,5,0,1,1,0,0,0,0,0,0,1,0
2018,12,6,5,2,6,2,0,1,0,0,0,0,0,0,0,0
2018,4,7,7,5,7,0,0,1,0,0,0,0,0,0,0,0
2018,12,13,6,0,3,0,0,1,0,1,0,0,1,0,0,0
2019,8,8,3,5,7,0,0,1,0,1,0,0,0,0,0,0
2020,12,15,3,5,3,0,1,1,0,0,0,0,0,1,2,0
2019,10,19,6,6,4,2,1,0,1,0,0,0,1,0,0,0
2020,7,15,4,0,3,0,1,1,0,0,0,0,1,0,1,0
2018,9,9,3,6,2,0,0,1,1,0,0,0,0,0,0,0
2018,3,15,5,6,4,0,0,1,1,0,0,0,0,0,0,1
2021,5,14,2,5,3,0,1,1,0,0,0,0,0,1,2,0
2021,1,17,4,6,2,2,0,0,1,0,0,1,1,1,2,0
2018,6,8,4,2,6,0,0,1,0,0,0,0,0,0,0,0
2020,9,20,2,2,2,2,0,1,0,0,0,1,0,0,1,0
2018,5,14,4,4,1,0,0,1,0,1,0,0,0,0,0,0
2021,6,10,7,5,3,0,0,1,0,0,0,0,0,0,1,1
2021,12,19,6,2,6,2,0,1,0,0,0,0,0,1,2,0
2020,3,0,1,0,7,2,0,1,0,0,0,0,1,1,1,0
2018,6,12,1,0,1,0,1,0,0,0,0,0,0,0,0,0
2019,3,15,7,1,1,0,0,1,0,0,1,0,0,0,0,0
2018,10,8,5,0,3,0,1,1,0,0,0,0,1,0,0,0
2021,3,8,4,1,5,0,1,1,0,0,0,0,0,0,2,0
2020,10,14,6,5,2,0,1,1,0,0,0,0,0,1,1,0
2019,1,9,2,6,4,0,1,0,1,0,0,0,1,0,0,0
2019,11,7,1,9,1,2,0,1,0,0,0,0,1,0,0,0
2019,5,22,4,0,6,2,1,0,1,0,0,0,0,0,0,0
2018,5,13,6,3,6,0,0,1,0,1,0,0,0,0,0,0
2019,10,20,1,5,3,2,0,1,0,0,0,0,0,0,0,0
2019,8,18,4,5,7,0,1,0,0,0,0,1,0,0,0,0
2018,9,9,6,5,2,0,1,0,0,0,0,1,1,0,0,0
2021,9,12,4,5,3,0,0,1,0,1,0,0,1,0,1,1
2021,11,18,7,5,2,2,0,1,0,0,0,0,1,0,2,0
2018,4,15,2,5,3,0,0,1,0,0,0,0,0,0,0,0
2018,2,8,4,2,6,0,0,1,0,0,0,0,1,0,0,0
2018,4,14,4,0,1,0,0,0,0,1,0,0,1,0,0,0
2019,7,5,1,5,3,0,0,1,0,0,0,1,0,0,0,0
2020,10,15,5,5,3,0,1,1,0,0,0,0,0,1,1,1
2018,10,0,2,0,1,2,1,0,0,0,0,0,1,0,0,1
2018,6,6,5,0,2,0,1,1,0,0,0,0,0,0,0,0
2020,10,19,5,5,3,2,1,1,0,0,0,0,0,1,1,0
2020,1,18,7,3,2,2,1,1,0,0,0,0,0,0,0,0
2018,8,18,2,5,2,0,0,1,0,0,0,0,0,0,0,0
2019,3,13,4,5,2,0,0,1,0,0,0,0,0,0,0,0
2018,9,0,3,5,2,2,1,1,0,0,0,0,0,0,0,0
2018,10,14,4,2,6,0,0,1,0,0,0,0,0,0,0,0
2018,5,20,5,0,3,0,0,1,0,1,0,0,0,0,0,0
2020,8,18,6,5,2,0,1,1,0,0,0,0,0,0,1,0
2019,7,10,6,5,3,0,0,1,0,0,0,0,1,0,0,1
2019,6,12,7,2,6,0,0,1,0,0,0,0,0,0,0,0
2019,2,14,7,3,6,0,1,1,0,0,0,0,0,0,0,0
2019,11,12,5,1,5,0,0,1,0,0,0,0,0,0,0,0
2019,6,1,1,1,1,2,0,1,0,0,0,1,0,0,0,0
2019,3,18,7,1,5,2,1,1,0,0,0,0,1,0,0,1
2021,10,5,1,1,5,2,0,1,0,0,0,0,0,0,1,0
2019,1,15,6,1,1,0,0,1,0,0,1,0,0,0,0,1
2021,5,15,3,5,3,0,0,1,0,0,0,0,1,1,2,0
2019,1,15,1,2,1,0,1,1,0,0,0,0,0,0,0,0
2019,3,20,1,5,2,2,1,1,0,0,0,0,1,0,0,1
2021,1,10,2,0,7,0,0,0,0,0,1,0,1,1,2,0
2020,8,18,5,5,2,0,1,1,0,0,0,0,0,0,1,0
2020,8,8,4,5,2,0,1,0,0,0,0,1,0,0,1,0
2019,4,16,5,2,6,0,0,1,0,0,0,0,0,0,0,0
2018,4,15,2,5,3,0,1,1,0,0,0,0,0,0,0,1
2019,1,15,5,5,7,0,1,0,0,0,0,1,0,0,0,0
2020,8,17,3,5,3,0,0,1,0,0,0,0,0,0,1,0
2020,8,9,4,5,2,0,1,1,0,0,0,0,0,0,1,0
2021,11,11,7,5,2,0,1,1,0,0,0,0,0,0,2,1
2020,10,8,4,5,2,0,1,1,0,0,0,0,0,1,1,0
2019,12,17,2,5,3,2,0,1,0,0,0,1,1,0,0,0
2021,6,19,6,4,6,0,0,1,0,0,0,0,0,0,1,1
2018,5,20,3,0,1,1,1,0,0,0,0,0,0,0,0,1
2019,2,1,7,8,1,2,0,1,0,0,0,0,0,0,0,1
2020,6,13,5,1,5,0,0,1,0,1,0,0,0,0,1,0
2019,8,13,1,0,1,0,1,0,0,0,0,0,0,0,0,0
2018,6,19,7,5,3,0,0,1,0,1,0,0,0,0,0,0
2021,1,23,6,8,1,2,0,1,0,0,0,0,1,1,2,0
2019,10,14,4,2,6,0,0,1,0,0,0,0,1,0,0,0
2018,6,15,5,0,1,0,1,0,0,0,0,0,0,0,0,0
2018,8,17,4,5,3,0,0,1,0,0,0,1,0,0,0,1
2018,5,12,5,5,2,0,0,1,0,0,0,1,0,0,0,0
2020,11,17,1,5,2,2,1,1,0,0,0,0,1,1,2,0
2019,3,19,4,2,1,2,0,1,0,0,0,0,1,0,0,0
2019,10,16,2,6,4,0,0,1,1,0,0,0,0,0,0,1
2018,5,14,7,5,2,0,0,1,0,1,0,0,0,0,0,0
2020,1,13,3,4,5,0,0,1,0,0,1,0,0,0,0,1
2021,7,0,1,0,7,2,0,0,0,0,0,1,0,0,1,1
2020,12,11,2,6,2,0,0,1,1,0,0,0,0,1,2,1
2019,11,7,3,8,1,1,1,0,0,0,0,0,1,0,0,0
2018,4,8,5,5,2,0,0,1,0,1,0,0,0,0,0,1
2019,8,6,3,3,6,0,0,1,0,1,0,0,0,0,0,0
2018,9,6,3,1,5,1,0,1,0,0,0,0,0,0,0,1
2020,7,15,5,6,4,0,0,1,1,0,0,0,0,0,1,0
2018,9,15,3,2,1,0,0,1,0,0,0,0,0,0,0,0
2018,5,13,5,2,6,0,0,1,0,0,0,1,0,0,0,0
2018,10,17,2,6,7,0,1,0,1,0,0,0,0,0,0,0
2019,1,8,4,6,4,0,0,1,1,0,0,0,0,0,0,0
2021,6,16,3,2,6,0,0,1,0,0,0,0,0,0,1,0
2019,12,16,3,5,3,1,1,1,0,0,0,0,0,0,0,0
2021,5,16,2,5,7,0,0,1,0,0,0,0,0,1,2,0
2018,6,15,5,5,3,0,1,0,0,0,0,1,0,0,0,0
2019,10,14,4,0,6,0,0,1,0,0,0,0,0,0,0,1
2021,5,12,7,6,4,0,1,0,1,0,0,0,0,1,2,1
2019,5,17,4,5,2,0,0,1,0,1,0,0,0,0,0,0
2021,10,10,7,5,3,0,0,1,0,0,0,0,0,0,1,0
2019,8,13,2,5,3,0,0,1,0,0,0,0,0,0,0,0
2018,9,5,1,6,4,2,0,1,1,0,0,0,0,0,0,1
2018,11,14,3,2,6,0,0,1,0,0,0,0,1,0,0,0
2018,1,15,3,0,3,0,0,0,0,0,0,1,0,0,0,0
2019,4,9,3,5,2,0,1,1,0,0,0,0,0,0,0,0
2019,2,9,2,0,7,0,0,1,0,1,0,0,0,0,0,0
2020,4,14,3,2,7,0,0,1,1,0,0,0,0,1,2,0
2019,6,14,2,6,7,0,0,1,1,0,0,0,0,0,0,0
2018,6,20,7,3,6,1,1,1,0,0,0,0,0,0,0,1
2018,2,13,5,0,6,0,1,0,0,0,0,1,0,0,0,0
2020,5,16,5,3,2,0,0,1,0,0,0,0,0,1,1,0
2018,7,21,3,1,1,0,1,1,0,0,0,0,0,0,0,0
2020,10,13,4,5,2,0,1,1,0,0,0,0,0,1,1,0
2021,12,19,4,2,6,2,0,1,0,0,0,0,0,1,2,0
2020,8,16,1,0,6,0,1,1,0,0,0,0,1,0,1,0
2020,6,13,3,0,6,0,1,1,0,0,0,0,0,0,1,0
2020,8,19,2,0,1,0,1,1,0,0,0,0,0,0,1,0
2020,6,10,6,5,3,0,0,1,0,0,1,0,0,0,1,0
2021,4,15,6,2,6,0,0,1,0,1,0,0,0,1,2,1
2021,5,11,2,6,4,0,0,1,1,0,0,0,0,1,2,0
2018,5,9,6,0,2,0,1,1,0,0,0,0,0,0,0,0
2020,1,12,6,5,7,0,0,1,0,1,0,0,0,0,0,0
2018,4,18,5,5,3,0,0,1,0,0,0,0,0,0,0,0
2021,8,15,7,0,2,0,0,1,0,1,0,0,0,0,1,0
2019,12,14,1,0,1,0,1,0,0,0,0,0,1,0,0,0
2020,12,14,3,6,4,0,1,0,1,0,0,0,0,1,2,0
2020,12,11,4,5,7,0,0,1,0,0,0,0,0,1,2,0
2020,8,13,7,2,6,0,0,1,0,0,0,0,0,0,1,0
2020,3,12,7,5,2,0,1,1,0,0,0,0,0,1,1,0
2018,8,13,5,5,2,0,0,0,0,1,0,1,0,0,0,0
2020,7,12,2,3,2,0,0,1,0,0,1,0,0,0,1,0
2020,5,20,6,0,1,1,1,0,0,0,0,0,0,1,1,1
2018,8,19,6,3,6,0,0,1,0,1,0,0,0,0,0,0
2021,6,6,6,5,3,0,0,1,0,1,0,0,0,0,1,0
2018,8,12,5,9,1,0,0,1,0,0,0,0,0,0,0,0
2018,6,9,7,5,3,0,1,1,0,0,0,0,0,0,0,0
2021,6,23,7,0,7,2,0,0,0,0,0,1,0,0,1,0
2020,7,19,7,2,7,0,0,1,0,0,0,0,0,0,1,0
2019,7,13,3,2,6,0,0,1,0,0,0,0,0,0,0,0
2021,11,20,7,5,2,2,0,1,1,0,0,0,1,0,2,0
2020,10,16,4,3,6,0,1,1,0,0,0,0,1,1,1,0
2019,6,18,2,2,6,0,0,1,0,0,0,0,0,0,0,0
2019,12,16,3,6,4,2,0,1,1,0,0,0,0,0,0,0
2020,8,10,2,0,3,0,0,1,0,0,0,0,0,0,1,0
2019,6,21,3,6,2,2,0,1,1,0,0,0,0,0,0,0
2020,9,6,4,5,2,0,1,1,0,0,0,0,0,0,1,0
2018,11,14,4,2,6,0,0,1,0,0,1,0,0,0,0,0
2021,5,12,1,2,6,0,0,1,0,1,0,0,0,1,2,0
2021,6,15,5,2,3,0,1,1,0,0,0,0,0,0,1,0
2020,8,17,1,5,2,1,1,1,0,0,0,0,1,0,1,0
2018,2,13,7,2,6,0,0,1,0,0,0,0,1,0,0,0
2018,10,18,2,5,3,1,0,1,0,1,0,0,0,0,0,0
2018,11,12,7,2,6,0,0,1,0,0,0,0,0,0,0,0
2019,12,10,3,2,6,0,0,1,0,0,0,1,1,0,0,0
2020,12,6,7,9,1,1,0,1,0,0,0,0,2,1,2,0
2021,8,16,7,0,7,0,0,1,0,0,0,1,0,0,1,0
2021,9,7,3,0,1,0,1,0,0,0,0,0,0,0,1,0
2020,7,15,6,5,2,0,1,1,0,0,0,0,0,0,1,0
2019,7,14,5,5,2,0,1,1,0,0,0,0,0,0,0,0
2018,6,8,3,1,5,0,1,1,0,0,0,0,0,0,0,0
2021,12,9,5,5,3,0,1,0,0,0,0,1,0,1,2,0
2018,11,18,5,5,2,2,0,1,0,0,0,1,0,0,0,0
2018,12,13,6,3,6,0,1,1,0,0,0,0,1,0,0,0
2019,1,15,6,4,6,0,1,1,0,0,0,0,1,0,0,0
2021,10,17,5,5,3,0,1,1,0,0,0,0,0,0,1,1
2020,9,0,7,0,2,2,0,1,0,1,0,0,0,0,1,0
2018,2,7,4,2,6,0,0,1,0,0,0,0,0,0,0,0
2019,6,8,4,5,2,0,1,1,0,0,0,0,0,0,0,0
2021,7,18,3,5,7,0,0,1,0,1,0,0,0,0,1,0
2021,3,8,6,0,3,0,0,1,0,0,0,0,1,0,2,0
2020,9,10,7,5,3,0,1,1,0,0,0,0,0,0,1,0
2018,10,15,4,6,7,0,0,1,1,0,0,0,1,0,0,1
2018,9,16,5,2,6,0,0,1,0,0,0,0,0,0,0,1
2021,1,18,4,6,2,2,0,1,1,0,0,0,1,1,2,0
2019,4,20,6,2,6,2,0,1,0,0,0,0,0,0,0,0
2018,7,2,7,6,4,2,0,1,1,0,0,0,0,0,0,0
2020,4,12,5,5,3,0,0,1,0,1,0,0,0,1,2,0
2021,5,17,1,2,6,0,0,1,0,0,0,0,1,1,2,0
2019,1,17,2,6,4,2,0,1,1,0,0,0,0,0,0,1
2018,3,18,2,6,4,2,0,1,1,0,0,0,1,0,0,0
2018,7,17,3,5,2,0,1,1,0,0,0,0,0,0,0,1
2020,11,14,6,5,2,0,1,1,0,0,0,0,0,1,2,0
2018,2,20,7,5,3,2,0,1,0,0,0,0,0,0,0,0
2021,9,16,5,0,2,0,0,0,0,1,0,1,0,0,1,0
2019,7,16,1,1,5,0,0,1,0,0,0,1,0,0,0,0
2021,4,18,2,5,2,0,1,1,0,0,0,0,0,1,2,0
2020,7,16,4,6,7,0,0,1,1,0,0,0,0,0,1,0
2019,7,18,6,3,6,0,0,1,0,0,0,1,0,0,0,0
2019,4,15,3,3,6,0,1,1,0,0,0,0,0,0,0,1
2018,5,15,1,5,2,0,1,1,0,0,0,0,0,0,0,0
2018,11,17,3,1,5,2,1,1,0,0,0,0,0,0,0,0
2020,7,11,4,2,6,0,0,1,0,0,0,1,0,0,1,0
2020,9,7,1,1,5,0,0,1,0,0,0,0,0,0,1,0
2018,7,11,5,1,5,0,0,1,0,0,0,0,0,0,0,0
2020,2,18,1,6,2,2,0,1,1,0,0,0,1,0,0,0
2018,2,5,7,5,3,2,0,1,0,0,0,1,2,0,0,0
2018,1,8,5,2,6,0,0,1,0,0,0,0,0,0,0,0
2019,10,15,4,0,6,0,0,1,0,0,0,1,0,0,0,0
2020,8,18,4,2,6,0,1,0,0,0,0,0,0,0,1,0
2019,7,14,3,2,6,0,0,1,0,0,0,1,0,0,0,0
2019,10,8,5,6,4,0,0,0,1,1,0,0,0,0,0,1
2020,10,14,4,5,2,0,0,1,0,1,0,0,0,1,1,0
2018,3,23,7,6,4,2,0,1,1,0,0,0,1,0,0,1
2020,5,6,3,0,3,1,0,1,0,1,0,0,0,1,1,0
2021,3,20,4,6,7,2,0,1,1,0,0,0,0,0,2,1
2021,3,9,3,2,6,0,0,1,0,0,0,0,0,0,2,0
2020,8,23,4,2,6,2,0,1,0,0,0,0,0,0,1,0
2021,3,5,3,2,7,2,0,1,0,0,0,1,1,0,2,1
2018,1,9,3,5,3,0,0,1,0,0,0,0,0,0,0,0
2018,8,11,4,5,5,0,1,1,0,0,0,0,0,0,0,0
2021,10,18,7,2,6,0,0,1,0,0,0,0,0,0,1,0
2019,5,17,2,1,5,0,1,0,0,0,0,1,0,0,0,0
2021,8,18,3,3,6,0,1,1,0,0,0,0,0,0,1,0
2021,2,14,1,3,6,0,0,1,0,0,0,1,0,1,2,0
2021,9,12,6,6,4,0,1,0,1,0,0,0,0,0,1,0
2019,12,15,3,5,2,0,1,1,0,0,0,0,0,0,0,0
2019,10,8,3,5,3,0,1,0,1,0,0,0,0,0,0,0
2018,7,16,6,5,2,0,1,1,0,0,0,0,0,0,0,0
2020,8,12,6,9,7,0,0,0,0,1,0,0,0,0,1,0
2018,5,16,2,2,6,0,0,1,0,0,0,0,0,0,0,0
2018,9,9,1,5,3,0,1,1,0,0,0,0,0,0,0,0
2020,12,14,4,5,3,0,0,1,0,0,0,0,0,1,2,0
2019,3,13,2,1,5,0,0,1,0,0,0,0,1,0,0,0
2020,4,19,3,1,5,0,1,1,0,0,0,0,0,1,2,0
2019,7,7,4,2,6,0,1,1,0,0,0,0,0,0,0,1
2021,7,14,6,0,6,0,0,1,0,1,0,0,0,0,1,0
2020,8,12,2,5,3,0,0,1,0,1,0,0,0,0,1,0
2018,5,23,7,5,2,2,1,1,0,0,0,0,0,0,0,0
2020,10,20,1,5,2,2,0,1,0,0,0,0,0,1,1,0
2019,3,18,5,5,2,1,1,1,0,0,0,0,1,0,0,0
2019,1,10,3,2,6,0,1,1,0,0,0,0,1,0,0,0
2018,11,18,2,2,6,2,0,1,0,0,0,0,1,0,0,0
2021,7,15,3,3,6,0,0,1,0,0,0,0,0,0,1,0
2020,4,19,3,2,2,0,1,1,0,0,0,0,0,1,2,0
2019,7,12,6,6,2,0,0,0,1,0,0,1,0,0,0,1
2020,1,11,3,5,2,0,1,1,0,0,0,0,1,0,0,0
2021,8,14,7,1,5,0,1,1,0,0,0,0,0,0,1,0
2020,1,19,1,6,2,2,0,1,1,0,0,0,0,0,0,0
2021,11,13,5,6,4,0,0,1,1,0,0,0,1,0,2,1
2018,7,8,5,5,3,0,0,1,0,0,0,0,1,0,0,0
2021,9,16,2,5,2,0,1,1,0,0,0,0,0,0,1,0