UJAHR,UMONAT,USTUNDE,UWOCHENTAG,UART,UTYP1,ULICHTVERH,IstRad,IstPKW,IstFuss,IstKrad,IstGkfz,IstSonstige,USTRZUSTAND,LOCKDOWN,COVID,UKATEGORIE
2020,1,17,5,2,6,2,0,1,0,0,0,0,1,0,0,0
2018,6,19,7,5,3,0,0,1,0,1,0,0,0,0,0,0
2020,5,15,2,5,2,0,0,1,0,0,0,0,0,1,1,0
2021,10,13,6,2,6,0,0,1,0,1,0,0,0,0,1,0
2021,9,13,6,2,7,0,0,1,0,1,0,0,0,0,1,0
2019,5,8,3,5,2,0,1,1,0,0,0,0,0,0,0,0
2020,6,0,1,0,1,2,1,0,0,0,0,0,0,0,1,0
2021,9,12,1,1,5,0,1,1,0,0,0,0,0,0,1,0
2019,6,20,5,6,4,0,1,0,1,0,0,0,0,0,0,0
2020,8,13,3,0,1,0,0,0,0,1,0,0,0,0,1,0
2020,10,16,2,2,6,0,0,1,0,0,0,1,1,1,1,0
2019,5,12,4,2,6,0,0,1,0,1,0,0,1,0,0,0
2019,6,11,3,2,2,0,0,1,0,0,0,0,0,0,0,0
2020,12,11,2,5,3,0,1,1,0,0,0,0,1,1,2,0
2020,8,9,2,3,6,0,0,1,0,0,0,0,0,0,1,0
2021,12,7,3,5,7,2,0,1,0,1,0,0,1,1,2,0
2021,1,17,3,6,2,2,0,1,1,0,0,0,1,1,2,0
2018,11,12,2,5,7,0,0,1,0,0,0,0,0,0,0,0
2018,8,20,6,0,7,1,0,1,0,1,0,0,1,0,0,0
2018,12,13,2,5,2,0,1,1,0,0,0,0,0,0,0,0
2020,8,14,4,1,5,0,1,1,0,0,0,0,0,0,1,0
2020,6,16,5,2,6,0,0,1,0,1,0,0,0,0,1,0
2020,4,23,3,3,6,2,0,1,0,0,0,0,1,1,2,0
2021,6,21,5,0,6,2,0,0,0,0,0,1,0,0,1,1
2018,5,10,3,0,3,0,1,1,0,0,0,0,0,0,0,0
2021,3,14,4,8,7,0,0,0,0,0,0,1,0,0,2,0
2018,11,22,7,6,2,2,0,1,1,0,0,0,0,0,0,0
2018,9,13,4,0,4,0,0,0,1,0,1,1,0,0,0,1
2020,5,15,5,1,5,0,0,1,0,0,0,0,0,1,1,0
2019,3,14,7,2,2,0,0,1,0,0,0,0,0,0,0,0
2018,3,19,3,5,3,2,0,1,0,0,0,1,2,0,0,1
2018,2,15,2,6,4,0,0,1,1,0,0,0,0,0,0,0
2019,9,14,5,6,4,0,0,0,1,0,0,1,0,0,0,0
2019,12,13,1,5,3,0,0,1,0,0,0,0,0,0,0,0
2018,1,22,3,5,2,2,0,1,0,0,0,0,1,0,0,0
2019,4,22,2,5,2,2,0,1,0,0,0,0,0,0,0,0
2020,11,13,3,5,7,0,1,1,0,0,0,0,0,1,2,0
2018,5,16,6,2,2,0,0,1,0,0,0,0,0,0,0,0
2021,7,15,6,2,6,0,0,1,0,0,0,1,0,0,1,0
2019,8,15,2,5,3,0,1,1,0,0,0,0,0,0,0,0
2018,10,18,4,6,4,2,0,0,1,1,0,0,1,0,0,0
2020,10,15,2,5,2,0,1,1,0,0,0,0,0,1,1,0
2018,10,15,6,2,6,0,0,1,0,0,0,1,0,0,0,0
2019,2,9,3,0,1,0,1,0,0,0,0,0,0,0,0,0
2019,9,9,5,5,3,0,0,1,0,0,0,1,0,0,0,0
2019,10,11,3,0,1,0,1,0,0,0,0,0,1,0,0,0
2021,6,11,6,6,2,0,0,1,1,0,0,0,0,0,1,0
2019,9,16,1,2,6,0,1,1,0,0,0,0,0,0,0,0
2018,6,14,7,6,4,0,0,1,1,0,0,0,0,0,0,0
2021,8,22,4,6,2,2,0,1,1,0,0,0,1,0,1,0
2021,5,15,1,2,6,0,0,1,0,0,0,0,1,1,2,0
2018,2,19,6,3,6,2,0,1,0,0,0,0,0,0,0,0
2020,11,6,2,5,2,2,0,1,0,0,0,1,1,1,2,1
2021,6,16,4,5,3,0,1,1,0,0,0,0,0,0,1,0
2021,5,13,5,2,6,0,0,1,0,0,0,0,0,1,2,0
2021,12,22,5,1,5,2,0,1,0,0,0,0,1,1,2,0
2020,5,8,4,0,6,0,1,0,0,0,1,0,0,1,1,0
2020,8,7,7,5,3,1,0,1,0,0,0,0,0,0,1,0
2018,10,16,3,5,3,0,0,1,0,0,0,0,0,0,0,0
2021,6,20,2,3,6,0,0,1,0,1,0,0,0,0,1,0
2021,12,19,6,5,3,2,1,1,0,0,0,0,1,1,2,0
2018,11,19,7,5,3,2,1,0,0,0,0,0,0,0,0,0
2018,8,19,5,5,2,0,1,1,0,0,0,0,0,0,0,0
2018,11,15,4,0,2,0,1,1,0,0,0,0,1,0,0,0
2019,12,12,2,5,3,0,1,1,0,0,0,0,0,0,0,0
2018,12,13,7,2,6,0,0,1,0,0,0,0,1,0,0,0
2021,11,16,3,1,5,1,0,1,0,0,1,1,1,0,2,0
2021,3,17,3,3,6,0,0,1,0,0,0,0,0,0,2,0
2020,8,10,6,2,6,0,0,1,0,0,0,0,0,0,1,1
2021,8,6,3,5,3,0,0,1,0,1,0,0,0,0,1,0
2020,11,7,2,0,2,0,1,1,0,0,0,0,1,1,2,0
2018,11,16,4,1,5,2,0,1,0,1,0,0,1,0,0,1
2021,5,21,1,2,6,2,0,1,0,0,0,0,0,1,2,0
2020,7,11,6,6,7,0,0,1,1,0,0,0,0,0,1,0
2018,5,15,4,5,3,0,1,1,0,0,0,0,0,0,0,0
2019,4,16,3,0,6,0,0,1,0,0,0,1,0,0,0,0
2019,5,20,1,5,3,1,0,1,0,0,0,0,0,0,0,1
2021,3,20,2,5,2,2,0,1,0,0,0,0,0,0,2,0
2020,6,22,6,1,5,2,1,1,0,0,0,0,0,0,1,0
2018,10,7,4,6,2,1,0,1,1,0,0,0,1,0,0,0
2021,7,10,7,2,6,0,0,1,0,0,0,0,0,0,1,0
2019,4,20,5,6,4,2,0,0,1,1,0,0,0,0,0,0
2019,9,21,2,6,4,2,0,1,1,0,0,0,0,0,0,1
2021,3,18,2,6,4,1,0,1,1,0,0,0,0,0,2,1
2019,11,3,1,6,4,2,0,1,1,0,0,0,1,0,0,1
2018,3,10,5,2,2,0,0,1,1,0,0,0,1,0,0,0
2020,6,19,4,6,7,0,0,1,1,0,0,0,0,0,1,0
2018,3,9,6,6,7,0,0,0,1,0,0,1,0,0,0,0
2019,8,11,5,6,7,0,0,0,1,1,0,0,0,0,0,0
2018,11,7,4,6,7,0,0,1,1,0,0,0,1,0,0,0
2019,6,16,1,0,1,0,1,0,0,0,0,0,0,0,0,0
2021,4,18,7,5,2,0,1,1,0,0,0,0,0,1,2,0
2020,1,15,2,5,7,0,0,1,0,1,0,0,1,0,0,0
2018,1,22,3,5,3,2,0,1,0,0,0,0,1,0,0,0
2018,8,18,1,5,2,0,1,1,0,0,0,0,0,0,0,0
2019,9,17,5,2,7,0,0,1,0,1,0,0,0,0,0,0
2018,5,13,6,3,6,0,0,1,0,1,0,0,0,0,0,0
2021,6,14,5,6,4,0,0,0,1,1,0,0,0,0,1,0
2020,3,15,4,2,6,0,0,1,0,0,0,1,0,1,1,0
2020,4,18,2,5,3,0,1,1,0,0,0,0,0,1,2,0
2018,7,20,3,5,3,0,1,1,0,0,0,0,0,0,0,1
2019,4,9,5,3,6,0,0,1,0,1,0,0,0,0,0,1
2018,11,10,1,9,1,0,0,1,0,0,0,0,1,0,0,0
2021,3,8,6,5,7,0,0,1,0,1,0,0,1,0,2,0
2019,8,15,2,3,6,0,0,1,0,0,0,0,0,0,0,0
2020,1,8,2,5,2,0,1,1,0,0,0,0,0,0,0,0
2021,3,16,3,5,2,0,0,1,0,0,0,0,0,0,2,0
2020,10,10,5,6,7,0,0,1,1,0,0,0,1,1,1,0
2019,6,14,6,1,5,0,1,1,0,0,0,0,0,0,0,0
2019,1,9,4,6,2,0,0,1,1,0,0,0,0,0,0,0
2018,11,21,4,0,1,2,1,0,0,0,0,0,0,0,0,1
2019,9,12,7,0,6,0,0,0,0,1,0,0,1,0,0,1
2021,10,19,6,5,3,2,0,1,0,0,0,0,0,0,1,0
2020,2,19,2,5,3,2,0,1,0,0,0,0,1,0,0,0
2021,5,15,2,5,7,0,0,1,0,1,0,0,0,1,2,0
2020,12,19,7,2,7,2,0,1,0,0,0,0,0,1,2,0
2021,8,21,4,5,2,2,0,1,0,0,0,0,0,0,1,0
2018,11,13,3,2,6,0,1,1,0,0,0,0,0,0,0,0
2019,1,17,2,6,2,1,0,1,1,0,0,0,0,0,0,1
2020,7,15,2,6,4,0,0,1,1,0,0,0,0,0,1,1
2018,4,8,5,2,6,0,0,1,0,0,0,0,0,0,0,0
2021,9,18,3,5,3,1,1,1,0,0,0,0,0,0,1,0
2020,12,14,5,6,2,0,0,0,1,0,0,1,0,1,2,0
2018,5,20,2,5,2,1,1,1,0,0,0,0,0,0,0,0
2021,5,15,4,2,6,0,0,1,0,0,0,0,0,1,2,0
2019,5,17,3,8,1,0,0,1,0,0,0,0,0,0,0,0
2020,7,19,4,2,6,0,0,1,0,0,0,0,0,0,1,0
2018,2,7,5,1,5,0,1,1,0,0,0,1,0,0,0,0
2019,10,16,1,2,6,0,0,1,0,0,0,0,0,0,0,0
2018,12,11,5,2,6,0,0,1,0,0,0,0,0,0,0,0
2021,10,13,6,2,6,0,0,1,0,1,0,0,0,0,1,0
2020,3,16,5,2,6,0,0,1,0,0,0,0,0,1,1,0
2020,3,15,6,8,1,0,1,1,0,0,0,0,1,1,1,0
2021,2,8,2,2,6,0,0,1,0,1,0,0,0,1,2,0
2018,8,17,3,5,3,0,0,1,0,0,0,0,0,0,0,0
2019,8,17,3,5,3,0,0,1,0,1,0,0,0,0,0,0
2019,5,16,4,4,6,0,1,0,0,0,0,0,0,0,0,1
2019,4,15,2,0,7,0,0,1,0,0,0,1,0,0,0,0
2020,7,22,2,6,4,2,0,1,1,0,0,0,0,0,1,0
2020,10,15,1,1,5,0,0,1,0,0,0,0,0,1,1,0
2019,2,18,2,5,2,2,1,0,0,0,0,1,0,0,0,0
2020,8,22,4,5,2,2,0,1,0,0,0,0,0,0,1,0
2021,12,13,6,6,2,0,0,1,1,0,0,0,1,1,2,0
2020,6,22,7,5,7,2,1,1,0,0,0,0,0,0,1,0
2021,8,21,6,0,1,2,1,0,0,0,0,0,0,0,1,0
2019,10,10,5,2,6,0,0,1,0,0,0,0,1,0,0,0
2018,7,17,2,3,6,0,0,1,0,0,1,0,0,0,0,0
2021,2,12,6,5,3,0,1,1,0,0,0,0,0,1,2,0
2021,11,9,1,8,1,0,0,0,0,1,0,0,1,0,2,1
2019,6,8,4,6,4,0,0,0,1,1,0,0,0,0,0,0
2021,10,15,4,6,4,0,0,1,1,0,0,0,0,0,1,1
2018,4,10,7,0,4,0,0,0,1,1,0,0,0,0,0,0
2021,5,14,7,5,3,0,1,0,0,0,0,0,0,1,2,1
2021,10,14,7,2,6,0,0,1,0,0,0,0,0,0,1,0
2018,12,17,5,6,2,2,0,1,1,0,0,0,1,0,0,0
2020,5,15,1,1,5,0,1,1,0,0,0,0,0,1,1,1
2019,5,18,5,5,2,0,0,1,0,1,0,0,0,0,0,1
2019,10,15,5,5,2,0,0,0,0,0,0,1,0,0,0,0
2018,3,17,7,3,6,0,0,1,0,0,0,0,0,0,0,0
2019,4,18,2,6,4,0,0,1,1,0,0,0,0,0,0,1
2018,6,20,5,5,3,1,1,1,0,0,0,0,0,0,0,0
2018,1,14,2,5,3,0,0,1,0,0,0,0,0,0,0,0
2019,8,15,7,5,3,0,1,1,0,0,0,0,0,0,0,0
2018,5,18,6,1,5,0,1,1,0,0,0,0,0,0,0,0
2020,1,12,6,3,6,0,0,1,0,0,1,0,1,0,0,0
2021,10,12,5,2,6,0,0,1,0,0,0,0,0,0,1,0
2021,1,19,6,6,4,2,0,1,1,0,0,0,1,1,2,1
2020,9,21,6,7,7,2,0,0,0,1,0,0,0,0,1,1
2020,6,8,3,5,3,0,0,1,0,0,0,0,0,0,1,0
2020,10,19,6,2,6,1,0,1,0,0,0,0,1,1,1,0
2018,6,6,4,3,6,0,0,1,0,0,1,0,0,0,0,0
2018,6,19,5,0,1,0,1,0,0,0,0,0,0,0,0,0
2018,10,3,1,1,5,2,0,1,0,0,0,0,0,0,0,0
2018,10,18,6,5,2,1,1,1,0,0,0,0,0,0,0,0
2021,4,22,5,5,3,2,0,1,0,0,0,0,1,1,2,0
2021,12,21,7,5,7,2,0,1,0,1,0,0,1,1,2,0
2020,6,8,4,5,2,0,1,1,0,0,0,0,0,0,1,0
2019,12,11,3,5,3,0,1,1,0,0,0,0,0,0,0,0
2021,3,8,3,6,4,0,0,1,1,0,0,0,0,0,2,0
2018,12,10,5,5,3,0,0,1,0,0,0,1,0,0,0,0
2019,8,15,6,2,6,0,0,1,0,0,0,0,0,0,0,0
2019,1,15,4,2,6,0,0,1,0,0,0,0,1,0,0,0
2021,1,18,4,0,2,2,0,1,0,0,0,1,1,1,2,0
2021,3,11,2,4,6,0,1,0,0,0,1,0,0,0,2,1
2018,6,7,5,3,6,0,1,1,0,0,0,0,0,0,0,0
2018,6,3,6,1,1,2,0,1,0,0,0,1,0,0,0,0
2019,7,20,4,5,2,0,0,1,0,1,0,0,0,0,0,0
2018,11,11,3,3,6,0,0,1,0,0,0,0,1,0,0,0
2018,12,10,7,0,1,0,1,0,0,0,0,0,1,0,0,1
2019,5,14,5,2,6,0,0,1,0,0,0,0,1,0,0,0
2019,3,23,4,2,2,2,0,1,0,0,0,0,1,0,0,0
2019,6,12,3,5,3,0,0,1,0,1,0,0,0,0,0,0
2020,6,11,7,0,5,0,1,1,0,0,0,0,0,0,1,0
2018,6,20,2,8,1,0,0,0,0,0,0,1,0,0,0,1
2021,8,15,5,5,2,0,0,1,0,0,0,0,0,0,1,0
2020,7,14,7,5,7,0,1,1,0,0,0,0,0,0,1,0
2021,11,12,7,2,6,0,0,1,0,1,0,0,0,0,2,0
2021,7,17,3,5,2,0,0,1,0,0,0,1,0,0,1,0
2020,10,11,2,5,2,0,1,0,0,0,0,1,0,1,1,0
2021,8,18,1,1,5,0,1,1,0,0,0,0,0,0,1,0
2018,2,9,6,6,4,0,0,1,1,0,0,0,0,0,0,0
2021,6,17,3,0,7,0,0,1,0,0,0,0,0,0,1,1
2018,8,20,5,5,2,0,1,1,0,0,0,0,0,0,0,0
2021,3,17,3,0,1,0,0,0,0,1,0,0,0,0,2,0
2018,11,8,6,2,2,0,1,1,0,0,0,0,0,0,0,0
2018,11,11,7,5,2,0,1,1,0,0,0,0,0,0,0,0
2018,6,12,4,5,2,0,1,1,0,0,1,0,0,0,0,1
2021,7,6,6,8,1,0,0,0,0,1,0,0,0,0,1,0
2020,4,22,1,1,5,2,0,1,0,0,0,0,0,1,2,0
2018,10,15,3,2,2,0,0,1,0,0,0,0,0,0,0,0
2018,4,10,6,0,7,0,0,1,0,0,0,1,0,0,0,0
2020,8,18,5,5,2,0,1,1,0,0,0,0,0,0,1,0
2018,5,17,4,0,2,0,1,1,0,0,0,0,0,0,0,0
2020,12,14,3,5,3,0,1,1,0,0,0,0,0,1,2,0
2019,7,12,2,0,1,0,1,0,0,0,0,0,0,0,0,0
2019,6,8,2,5,2,0,0,1,0,0,0,0,0,0,0,0
2018,4,17,5,5,2,0,0,1,0,0,0,0,1,0,0,0
2021,4,21,7,0,1,2,1,0,0,0,0,0,0,1,2,1
2019,8,12,2,5,7,0,0,1,0,0,0,0,0,0,0,0
2020,4,8,6,0,1,0,1,0,0,0,0,0,0,1,2,0
2018,8,12,3,5,2,0,0,1,0,0,0,0,0,0,0,1
2021,2,13,1,5,2,0,1,1,0,0,0,0,0,1,2,1
2020,3,19,3,6,4,2,0,1,1,0,0,0,1,1,1,0
2020,8,0,4,5,7,2,0,1,0,0,0,1,0,0,1,1
2020,8,9,3,5,2,0,1,1,0,0,0,0,0,0,1,0
2019,2,21,2,5,3,2,1,1,0,0,0,0,0,0,0,0
2020,9,7,3,2,6,1,1,0,0,0,0,1,0,0,1,0
2019,4,20,4,5,3,2,0,1,0,1,0,0,0,0,0,1
2020,6,10,4,1,5,0,1,1,0,0,0,0,0,0,1,0
2019,7,8,3,2,6,0,0,1,0,0,1,0,0,0,0,0
2019,3,13,7,2,7,0,0,1,0,0,0,0,0,0,0,0
2019,12,21,1,1,6,2,0,1,0,0,0,1,0,0,0,0
2020,1,17,2,5,3,2,1,1,0,0,0,0,0,0,0,0
2020,7,13,1,3,6,0,0,1,0,0,0,0,0,0,1,0
2020,7,20,1,0,1,1,0,0,0,1,0,0,1,0,1,0
2020,6,17,2,5,2,0,0,1,0,1,0,0,0,0,1,1
2020,3,22,3,0,6,2,0,0,0,0,0,1,1,1,1,0
2018,7,16,2,5,3,0,0,1,0,0,0,1,0,0,0,0
2020,11,14,4,2,6,0,0,1,0,0,0,0,0,1,2,0
2019,4,14,3,1,5,0,1,1,0,0,0,0,0,0,0,0
2018,11,10,2,0,6,0,0,0,0,0,0,1,1,0,0,0
2019,10,15,4,3,6,0,0,1,0,1,0,0,0,0,0,0
2019,3,7,4,5,2,0,1,1,0,0,0,0,0,0,0,0
2020,10,9,3,5,3,0,1,1,0,0,0,0,0,1,1,0
2020,12,13,1,6,7,0,0,1,1,0,0,0,1,1,2,0
2021,6,5,7,5,3,0,0,1,0,0,0,0,0,0,1,1
2019,11,17,5,1,5,2,1,1,0,0,0,0,1,0,0,1
2018,8,7,6,2,6,0,0,1,0,1,0,0,0,0,0,0
2021,10,19,5,5,3,2,0,1,0,1,0,0,0,0,1,0
2019,9,12,2,6,4,0,0,1,1,0,0,0,0,0,0,0
2019,5,8,4,5,3,0,1,1,0,0,0,0,0,0,0,0
2019,12,7,7,4,6,0,0,1,0,0,0,0,0,0,0,0
2019,2,9,6,2,6,0,0,1,0,0,0,1,0,0,0,0
2019,8,14,7,4,6,0,1,0,0,0,0,1,0,0,0,0
2021,9,16,4,8,1,0,0,1,0,0,0,0,0,0,1,0
2021,2,15,6,3,6,0,0,1,0,0,0,0,0,1,2,0
2020,6,18,6,6,4,0,0,0,1,1,0,0,1,0,1,0
2019,5,10,5,5,7,0,0,1,0,1,0,0,0,0,0,1
2018,12,18,7,5,2,2,1,0,0,0,0,1,1,0,0,0
2021,8,14,6,2,6,0,0,1,0,0,0,0,0,0,1,0
2021,6,12,5,5,2,0,1,0,0,0,0,1,0,0,1,0
2021,7,16,6,5,3,0,1,1,0,0,0,0,0,0,1,0
2021,9,21,6,2,6,2,0,1,0,0,0,0,0,0,1,0
2021,12,11,2,2,6,0,0,1,0,0,0,0,1,1,2,1
2018,10,13,7,2,6,0,0,1,0,0,0,0,0,0,0,0
2020,7,16,1,3,6,0,0,1,0,0,0,0,0,0,1,0
2020,2,23,3,1,5,2,0,1,0,0,1,0,1,0,0,0
2020,8,15,2,6,4,0,0,1,1,0,0,0,0,0,1,0
2019,7,12,5,3,6,0,0,1,0,1,0,0,0,0,0,0
2019,11,17,7,2,2,2,0,1,0,0,0,0,1,0,0,0
2018,11,6,4,6,2,1,0,1,1,0,0,0,0,0,0,0
2021,7,15,2,2,6,0,0,1,0,0,0,1,0,0,1,0
2020,5,10,3,5,2,0,1,1,0,0,0,0,0,1,1,0
2020,10,5,5,0,1,2,0,0,0,0,0,1,1,1,1,0
2021,9,10,4,2,6,0,0,1,0,0,0,0,0,0,1,0
2020,10,14,5,5,3,0,0,1,0,1,0,0,0,1,1,0
2021,5,9,2,2,6,0,0,1,0,1,0,0,0,1,2,0
2018,2,16,2,2,6,0,0,1,0,0,0,0,0,0,0,0
2020,8,15,4,1,5,0,0,0,0,1,0,1,0,0,1,1
2018,8,10,7,5,7,0,1,1,0,0,0,0,0,0,0,1
2018,2,13,3,0,2,0,0,1,0,0,0,1,0,0,0,1
2020,3,16,4,5,3,0,0,1,0,1,0,0,0,1,1,0
2020,11,15,4,2,6,0,0,1,0,0,0,0,0,1,2,0
2020,4,18,4,2,6,1,0,1,0,0,0,0,1,1,2,0
2021,11,16,6,2,7,1,1,1,0,0,0,0,0,0,2,0
2020,7,9,6,5,2,0,1,1,0,0,0,0,0,0,1,0
2020,5,14,5,0,1,0,1,0,0,0,0,0,0,1,1,0
2019,6,21,7,2,6,1,0,1,0,0,0,0,0,0,0,0
2018,1,17,3,0,4,1,0,0,1,0,0,1,0,0,0,0
2020,2,3,7,0,1,2,0,0,0,0,0,1,0,0,0,0
2020,6,17,2,0,2,0,1,1,0,0,0,0,0,0,1,0
2020,10,16,3,3,6,0,0,1,0,0,1,0,0,1,1,0
2021,10,18,1,5,3,1,0,1,0,0,0,0,0,0,1,0
2018,9,16,2,0,1,0,0,0,0,1,0,0,1,0,0,1
2020,6,6,5,5,3,0,1,1,0,0,0,0,1,0,1,0
2018,1,9,2,3,6,0,0,1,0,1,0,0,0,0,0,0
2019,2,17,2,1,5,1,1,0,0,0,1,0,0,0,0,0
2019,5,16,7,5,3,0,1,1,0,0,0,0,1,0,0,0
2018,5,13,3,1,7,0,0,1,0,0,0,0,0,0,0,0
2018,6,12,6,2,6,0,0,1,0,0,0,0,0,0,0,0
2021,6,17,3,0,7,0,1,0,0,0,0,0,0,0,1,0
2021,2,18,3,6,2,2,0,1,1,0,0,0,1,1,2,0
2019,1,7,1,2,2,2,0,1,0,0,0,0,1,0,0,0
2021,2,12,5,5,3,0,0,1,0,0,0,0,0,1,2,0
2021,12,13,5,5,3,0,0,1,0,0,0,0,1,1,2,0
2018,1,17,3,5,3,2,0,1,0,0,0,0,1,0,0,0
2021,10,22,2,3,6,2,1,1,0,0,0,0,0,0,1,1
2020,9,16,2,5,3,0,1,1,0,0,0,0,0,0,1,0
2020,6,19,5,6,7,0,1,0,1,0,0,0,0,0,1,0
2018,7,17,2,6,4,0,1,0,1,0,0,0,0,0,0,0
2021,7,11,7,2,6,0,0,1,0,0,0,0,0,0,1,1
2019,2,13,6,0,3,0,1,0,0,1,0,0,0,0,0,0
2019,2,14,5,2,6,0,0,1,0,0,0,0,0,0,0,0
2018,5,14,3,2,6,0,0,1,0,0,0,0,0,0,0,1
2019,11,8,6,3,6,0,0,1,0,0,1,0,0,0,0,0
2019,4,16,2,5,3,0,1,1,0,0,0,0,0,0,0,0
2018,6,8,5,5,3,0,1,1,0,0,0,0,0,0,0,0
2020,3,12,6,2,2,0,0,1,0,0,0,0,1,1,1,0
2018,12,16,5,5,2,2,0,1,0,0,0,0,1,0,0,1
2018,5,21,5,0,7,1,0,1,0,0,0,0,0,0,0,0
2018,5,19,3,6,7,1,0,1,1,0,0,0,0,0,0,0
2021,6,13,1,2,6,0,0,1,0,0,0,0,0,0,1,0
2020,5,12,5,2,2,0,0,1,0,1,0,0,0,1,1,0
2019,6,22,4,0,3,2,0,1,0,1,0,0,1,0,0,0
2020,3,16,4,5,3,0,1,1,0,0,0,0,0,1,1,0
2020,12,13,4,5,3,0,1,1,0,0,0,0,0,1,2,0
2018,5,16,6,2,7,0,0,1,0,1,0,0,0,0,0,0
2018,9,6,5,3,6,0,0,1,0,1,0,0,0,0,0,0
2018,9,9,3,0,3,0,0,1,0,1,0,0,0,0,0,1
2018,7,9,2,5,2,0,1,1,0,0,0,0,0,0,0,0
2019,6,15,5,2,6,0,0,1,0,0,0,0,0,0,0,0
2021,4,16,7,6,4,0,0,1,1,0,0,0,0,1,2,0
2021,6,18,4,1,5,0,0,1,0,0,0,0,1,0,1,0
2021,7,16,5,5,2,0,0,1,0,0,0,0,1,0,1,0
2018,2,1,1,1,5,2,0,1,0,0,1,0,0,0,0,0
2019,12,10,4,5,3,0,0,1,0,0,0,0,0,0,0,0
2020,10,14,1,5,7,0,1,1,0,0,0,0,0,1,1,0
2021,9,17,6,2,6,0,0,1,0,0,0,0,1,0,1,0
2021,12,17,5,6,4,1,0,1,1,0,0,0,1,1,2,0
2018,1,11,4,6,4,0,0,1,1,0,0,0,1,0,0,1
2018,11,17,4,5,3,2,1,1,0,0,0,0,0,0,0,0
2021,9,20,5,5,3,2,0,1,0,0,0,0,0,0,1,0
2020,1,19,3,6,2,2,0,1,1,0,0,0,1,0,0,0
2019,11,6,2,6,2,1,0,1,1,0,0,0,1,0,0,0
2021,8,19,5,0,6,0,0,1,0,0,0,0,0,0,1,1
2020,5,18,7,5,3,1,0,1,0,0,0,1,0,1,1,1
2019,12,17,1,6,4,2,0,1,1,0,0,0,1,0,0,0
2018,3,17,3,3,6,0,0,1,0,0,1,0,1,0,0,0
2020,11,15,1,0,2,0,0,1,0,1,0,0,0,1,2,0
2020,9,7,2,6,4,0,1,0,1,0,0,0,0,0,1,0
2018,9,10,5,2,6,0,0,1,0,0,0,0,0,0,0,0
2019,5,15,3,5,2,0,0,1,0,1,0,0,0,0,0,0
2018,4,17,1,0,6,0,0,1,0,1,0,0,1,0,0,1
2020,10,16,3,5,3,0,0,1,0,0,0,0,0,1,1,0
2019,6,21,2,9,1,1,0,0,0,1,0,0,0,0,0,1
2021,4,17,5,2,6,0,0,1,0,0,0,0,0,1,2,0
2020,5,14,7,3,6,0,0,1,0,1,0,0,0,1,1,0
2019,8,7,4,5,3,0,1,1,0,0,0,0,0,0,0,1
2018,12,19,5,6,7,2,0,1,1,0,0,0,1,0,0,0
2021,11,16,7,6,4,2,0,1,1,0,0,0,1,0,2,0
2021,11,18,3,0,6,2,0,1,0,1,0,0,1,0,2,0
2018,3,5,1,9,1,2,0,0,0,0,0,1,0,0,0,0
2019,9,9,2,5,2,0,1,1,0,0,0,0,1,0,0,0
2019,12,19,6,5,3,2,0,1,0,0,0,0,1,0,0,0
2018,4,16,4,5,2,0,1,1,0,0,0,0,0,0,0,0
2020,4,19,5,2,3,0,0,1,0,0,0,0,0,1,2,0
2020,10,16,4,5,3,0,0,1,0,0,0,1,1,1,1,0
2021,9,16,4,5,3,0,0,1,0,1,0,0,0,0,1,0
2020,4,15,2,6,4,0,0,1,1,0,0,0,0,1,2,0
2021,2,19,2,2,6,2,0,1,0,0,0,0,2,1,2,0
2020,8,12,1,2,6,0,0,1,0,0,0,0,1,0,1,0
2018,7,13,3,2,2,0,0,1,0,0,0,0,0,0,0,0
2020,8,19,3,0,6,0,0,0,0,0,1,1,1,0,1,0
2019,4,10,3,2,7,0,1,0,0,0,0,1,0,0,0,0
2019,8,13,4,5,7,0,0,1,0,0,0,0,0,0,0,0
2021,6,8,5,5,3,0,1,1,0,0,0,0,0,0,1,0
2020,3,17,2,5,3,0,1,1,0,0,0,0,0,1,1,0
2021,9,12,3,6,4,0,0,1,1,0,0,0,0,0,1,1
2021,4,16,5,6,7,0,0,0,1,0,0,1,0,1,2,0
2019,1,18,4,5,3,2,0,1,0,0,0,0,1,0,0,0
2021,9,18,1,1,5,0,0,1,0,0,0,1,0,0,1,0
2019,9,9,6,0,7,0,0,1,0,0,0,0,0,0,0,0
2018,10,22,6,5,3,2,1,1,0,0,0,0,0,0,0,0
2019,5,13,1,6,4,0,1,0,1,0,0,0,0,0,0,0
2021,5,13,2,2,6,0,0,1,0,0,0,1,0,1,2,0
2021,8,8,4,1,5,0,1,1,0,0,0,0,0,0,1,0
2021,5,7,2,5,2,0,1,1,0,0,0,0,0,1,2,1
2021,1,16,5,0,7,1,1,0,0,0,0,0,1,1,2,1
2020,1,7,5,5,2,1,1,1,0,0,0,0,1,0,0,0
2018,4,13,7,6,7,0,0,1,1,0,0,0,0,0,0,0
2020,9,13,7,2,6,0,1,1,0,0,0,0,1,0,1,0
2019,6,16,6,0,1,0,1,0,0,0,0,0,0,0,0,0
2018,4,18,7,5,2,0,0,1,0,0,0,0,0,0,0,0