UJAHR,UMONAT,USTUNDE,UWOCHENTAG,UART,UTYP1,ULICHTVERH,IstRad,IstPKW,IstFuss,IstKrad,IstGkfz,IstSonstige,USTRZUSTAND,LOCKDOWN,COVID,UKATEGORIE
2020,9,18,2,2,6,1,0,1,0,0,0,0,0,0,1,0
2018,8,14,7,1,5,0,1,1,0,0,0,0,0,0,0,0
2020,9,13,7,6,4,0,1,0,1,0,0,0,0,0,1,0
2019,10,19,5,1,5,2,1,1,0,0,0,0,0,0,0,0
2019,3,14,5,0,3,0,0,1,0,1,0,0,0,0,0,0
2018,12,12,4,5,2,0,1,1,0,0,0,0,0,0,0,0
2020,11,14,7,0,1,0,1,0,0,0,0,0,0,1,2,0
2018,1,11,4,6,4,0,0,1,1,0,0,0,1,0,0,1
2018,7,6,5,1,5,0,1,1,0,0,0,1,0,0,0,0
2018,5,10,4,2,6,0,0,1,0,0,0,0,0,0,0,0
2019,11,6,2,6,2,1,0,1,1,0,0,0,0,0,0,1
2018,9,15,7,2,2,0,0,1,0,0,0,1,0,0,0,0
2020,4,16,5,5,3,0,1,1,0,0,0,0,0,1,2,0
2018,10,13,3,5,1,0,0,0,0,0,0,1,0,0,0,0
2018,11,17,1,5,3,1,0,1,0,1,0,0,1,0,0,0
2018,6,11,4,2,6,0,0,1,0,0,0,0,0,0,0,0
2019,10,19,5,0,3,2,0,1,0,1,0,0,0,0,0,1
2018,7,19,2,1,5,0,1,0,0,0,0,1,0,0,0,0
2021,6,9,3,5,2,0,1,0,0,0,1,0,0,0,1,1
2019,5,7,4,5,3,0,0,1,0,0,0,0,0,0,0,0
2018,11,6,3,6,4,2,0,1,1,0,0,0,1,0,0,1
2020,6,5,7,1,5,0,1,1,0,0,0,0,0,0,1,0
2019,3,13,2,0,1,0,0,0,0,1,0,0,1,0,0,0
2019,9,13,5,2,6,0,0,1,0,0,0,1,0,0,0,0
2021,9,4,3,5,2,2,0,1,0,1,0,0,0,0,1,0
2019,12,23,6,5,3,2,0,1,0,0,0,0,1,0,0,0
2021,11,8,3,5,2,0,1,0,0,0,1,0,1,0,2,1
2020,3,7,3,2,6,0,0,1,0,0,0,1,0,1,1,0
2018,6,12,6,5,3,0,1,1,0,0,0,0,0,0,0,0
2020,10,16,7,6,4,0,0,1,1,0,0,0,0,1,1,1
2018,4,15,4,0,5,0,1,1,0,0,0,0,0,0,0,0
2021,8,5,4,2,6,1,0,1,0,0,0,0,1,0,1,0
2020,8,12,1,0,6,0,1,0,0,0,0,0,0,0,1,0
2021,2,7,5,2,6,0,0,1,0,0,0,0,1,1,2,0
2020,5,17,2,0,3,0,1,1,0,0,0,0,0,1,1,0
2018,1,15,3,5,7,0,1,1,0,0,0,0,1,0,0,0
2018,6,8,5,2,6,0,0,1,0,0,0,0,0,0,0,0
2020,8,13,4,5,2,0,0,1,0,1,0,0,0,0,1,1
2019,9,16,6,2,6,0,0,1,0,0,0,1,0,0,0,0
2021,11,21,3,1,5,2,1,1,0,0,0,0,1,0,2,0
2018,3,12,5,1,5,0,1,1,0,0,0,0,1,0,0,0
2018,2,11,4,2,6,0,0,1,0,0,0,1,0,0,0,0
2020,2,10,1,6,7,0,0,1,1,0,0,0,0,0,0,1
2018,12,9,4,2,6,0,0,1,0,0,0,0,1,0,0,0
2018,6,9,4,1,5,0,1,1,0,0,0,0,0,0,0,0
2019,10,18,4,2,6,2,0,1,0,0,0,0,0,0,0,0
2018,12,15,4,5,7,0,0,1,0,0,0,1,0,0,0,0
2018,4,6,4,5,2,0,0,1,0,1,0,0,0,0,0,0
2018,12,19,3,2,2,2,0,1,0,0,0,0,1,0,0,0
2021,7,8,6,2,6,0,0,1,0,0,0,0,0,0,1,0
2020,6,9,5,6,4,0,1,0,1,0,0,0,0,0,1,1
2019,1,13,7,2,1,0,0,1,0,0,0,0,0,0,0,0
2020,8,15,4,0,6,0,0,0,0,0,1,1,0,0,1,0
2018,4,14,2,1,5,0,0,0,0,1,0,1,0,0,0,0
2018,8,13,7,2,6,0,0,1,0,0,0,0,0,0,0,0
2021,7,21,5,7,7,1,0,0,0,1,0,0,0,0,1,0
2018,11,15,2,5,2,1,0,1,0,0,0,0,1,0,0,0
2018,3,17,4,0,6,0,0,1,0,1,0,0,1,0,0,0
2021,10,2,1,0,1,2,1,0,0,0,0,0,0,0,1,0
2020,8,15,5,5,2,0,1,1,0,0,0,0,0,0,1,0
2021,10,15,1,2,6,0,0,1,0,0,0,1,0,0,1,0
2020,9,18,5,5,3,0,1,1,0,0,0,0,0,0,1,0
2019,9,15,5,3,6,0,1,1,0,0,0,0,0,0,0,0
2021,7,8,4,5,2,0,1,0,0,0,0,1,1,0,1,0
2019,12,11,4,5,3,0,0,1,0,0,0,0,0,0,0,0
2021,4,16,3,5,3,0,1,1,0,0,0,0,0,1,2,1
2018,8,8,5,0,3,0,0,0,0,0,0,1,0,0,0,0
2018,10,14,7,6,4,0,0,1,1,0,0,0,0,0,0,1
2020,6,9,4,5,2,0,0,1,0,1,0,0,0,0,1,0
2019,12,8,4,2,6,0,1,1,0,0,0,0,0,0,0,0
2021,7,11,5,2,2,0,0,1,0,0,0,0,0,0,1,0
2020,2,15,2,2,6,0,0,1,0,0,0,1,1,0,0,1
2019,12,21,3,2,6,2,0,1,0,0,0,1,1,0,0,0
2021,8,9,6,6,4,0,0,1,1,0,0,0,1,0,1,0
2019,8,18,3,5,2,0,1,1,0,0,0,0,0,0,0,0
2021,4,9,4,1,5,0,1,1,0,0,0,0,0,1,2,1
2019,7,14,4,3,6,0,0,1,0,1,0,1,0,0,0,0
2021,7,15,5,5,3,0,0,1,0,0,0,0,0,0,1,0
2019,9,9,7,6,4,0,0,1,1,0,0,0,0,0,0,1
2019,8,15,5,5,3,0,1,0,0,1,0,0,0,0,0,1
2019,5,11,6,1,5,0,0,1,0,0,0,1,0,0,0,0
2021,5,19,4,2,2,0,0,1,0,0,0,0,1,1,2,0
2021,10,17,3,5,5,0,0,0,0,1,0,1,0,0,1,0
2020,12,13,3,1,5,0,1,0,0,0,0,1,0,1,2,0
2018,5,16,4,5,2,0,1,0,0,0,0,1,0,0,0,0
2018,7,10,4,1,5,0,1,1,0,0,0,0,0,0,0,0
2021,10,7,3,5,3,0,1,1,0,0,0,0,0,0,1,0
2019,8,17,4,0,5,0,1,1,0,0,0,0,0,0,0,0
2020,6,15,3,2,6,0,0,1,0,0,0,0,0,0,1,0
2019,3,6,5,0,1,0,1,0,0,0,0,0,0,0,0,0
2019,8,12,1,2,6,0,0,1,0,0,0,0,0,0,0,0
2021,7,10,7,5,3,0,1,0,0,0,0,1,0,0,1,0
2019,8,12,6,5,2,0,1,1,0,0,0,0,0,0,0,0
2019,6,8,5,2,6,0,0,1,0,1,0,0,0,0,0,0
2020,6,15,6,5,7,0,0,0,0,1,0,1,0,0,1,0
2019,7,10,3,5,3,0,0,1,0,0,0,0,0,0,0,0
2019,4,8,5,5,3,0,1,1,0,0,0,0,0,0,0,0
2019,7,12,3,5,2,0,0,1,0,0,0,1,0,0,0,0
2018,3,22,4,3,6,2,0,1,0,0,1,0,0,0,0,0
2019,1,17,7,6,2,2,0,1,1,0,0,0,1,0,0,0
2021,10,13,5,1,5,0,0,1,0,0,1,0,0,0,1,0
2018,4,17,2,3,6,0,0,1,0,0,1,0,1,0,0,0
2020,9,13,6,5,2,0,0,1,0,0,0,0,1,0,1,0
2021,6,13,6,1,5,0,1,1,0,0,0,0,0,0,1,0
2018,7,14,6,5,3,0,1,0,0,0,1,0,0,0,0,0
2020,7,14,2,5,3,0,0,1,0,0,0,0,0,0,1,0
2019,6,18,6,2,6,0,0,1,0,0,0,0,0,0,0,0
2019,2,18,6,3,6,1,0,1,0,0,1,0,0,0,0,0
2019,10,4,5,6,2,2,0,1,1,0,0,0,1,0,0,1
2019,7,16,6,2,6,0,0,1,0,0,0,0,1,0,0,0
2018,9,7,6,5,3,0,1,1,0,0,0,0,1,0,0,0
2019,10,15,6,5,3,0,1,1,0,0,0,0,0,0,0,0
2020,12,14,4,6,2,0,0,1,1,0,0,0,1,1,2,0
2021,6,22,3,0,6,2,1,0,0,0,0,1,0,0,1,0
2021,10,15,2,5,2,0,0,1,0,0,0,0,0,0,1,0
2019,6,10,4,0,5,0,0,1,0,0,0,0,0,0,0,0
2021,10,19,4,5,2,2,0,1,0,1,0,0,0,0,1,0
2018,5,17,5,5,2,0,0,1,0,0,0,0,0,0,0,0
2021,3,10,2,2,6,0,0,1,0,0,1,0,0,0,2,0
2019,5,19,3,1,5,0,1,1,0,0,0,0,0,0,0,0
2020,9,13,4,1,5,0,1,1,0,0,0,0,0,0,1,0
2020,7,13,3,5,3,0,1,1,0,0,0,0,0,0,1,0
2020,6,23,6,5,3,2,0,0,0,1,0,1,0,0,1,0
2019,6,3,1,0,7,2,1,0,0,0,0,0,0,0,0,1
2020,8,18,4,2,6,0,0,1,0,0,0,0,1,0,1,0
2020,5,17,3,1,5,0,1,1,0,0,0,0,0,1,1,0
2019,3,15,3,3,6,0,1,0,0,0,0,1,1,0,0,0
2019,2,16,4,0,2,0,0,0,0,0,0,1,0,0,0,0
2018,12,17,4,3,6,1,0,1,0,0,0,0,0,0,0,0
2020,4,15,3,5,3,0,1,1,0,0,0,0,0,1,2,0
2018,9,8,4,6,4,0,1,0,1,0,0,0,0,0,0,0
2021,10,13,3,2,6,0,0,1,0,1,0,0,1,0,1,0
2018,4,18,3,5,3,0,1,1,0,0,0,0,0,0,0,0
2021,9,14,2,5,2,0,1,0,0,0,0,1,0,0,1,0
2020,6,18,6,5,3,0,1,1,0,0,0,0,0,0,1,0
2021,10,15,1,5,2,0,0,1,0,1,0,0,0,0,1,1
2019,11,9,5,1,7,0,0,1,0,0,0,1,0,0,0,1
2021,1,10,2,3,6,0,1,0,0,0,0,1,2,1,2,1
2018,7,13,3,5,3,0,1,1,0,0,0,0,0,0,0,1
2019,1,10,6,1,7,0,0,1,0,0,0,0,0,0,0,0
2021,3,15,4,2,2,0,1,1,0,0,0,0,0,0,2,0
2018,6,16,4,6,4,0,0,1,1,0,0,0,0,0,0,0
2021,5,15,2,2,6,0,0,1,0,0,0,0,0,1,2,0
2019,6,12,7,1,1,0,0,1,0,0,0,0,0,0,0,0
2021,9,18,4,5,3,0,0,1,0,1,0,0,0,0,1,0
2018,9,13,3,2,6,0,0,1,0,0,0,0,0,0,0,0
2018,5,17,5,2,6,0,1,0,0,0,1,0,0,0,0,0
2019,2,18,4,6,2,2,0,1,1,0,0,0,1,0,0,1
2021,6,14,6,5,2,0,1,0,0,0,0,1,0,0,1,0
2021,12,17,3,1,5,2,0,1,0,0,0,0,0,1,2,0
2019,8,22,2,1,5,2,1,1,0,0,0,0,0,0,0,0
2019,3,13,5,5,3,0,0,1,0,0,0,1,1,0,0,0
2021,6,14,4,2,6,0,0,1,0,0,1,0,1,0,1,0
2020,10,11,6,5,3,0,1,1,0,0,0,0,0,1,1,0
2018,9,16,4,2,6,0,0,1,0,0,0,0,0,0,0,0
2021,9,12,7,5,2,0,1,1,0,0,0,0,0,0,1,0
2018,3,14,7,2,2,0,0,1,0,1,0,0,0,0,0,0
2019,3,13,1,5,2,0,1,1,0,0,0,0,0,0,0,0
2019,10,10,4,2,1,0,0,1,0,0,0,1,1,0,0,1
2018,10,17,3,5,3,0,0,1,0,0,0,0,0,0,0,0
2020,4,11,2,5,2,0,1,1,0,0,0,0,0,1,2,0
2020,1,9,2,5,2,0,1,1,0,0,0,0,1,0,0,1
2019,11,9,3,1,5,0,1,1,0,0,0,0,0,0,0,0
2018,9,11,3,5,3,0,1,1,0,0,0,0,0,0,0,0
2018,6,18,6,1,5,0,1,1,0,0,0,1,0,0,0,0
2018,12,18,2,0,3,2,0,1,0,0,0,1,1,0,0,0
2021,12,17,6,5,3,2,0,1,0,0,0,0,1,1,2,0
2019,6,22,4,2,6,2,0,1,0,0,0,0,1,0,0,0
2019,6,15,4,6,7,0,0,0,1,1,0,0,0,0,0,0
2019,4,16,3,6,4,0,0,1,1,0,0,0,0,0,0,0
2020,9,9,3,2,6,0,0,1,0,1,0,0,1,0,1,0
2020,5,16,4,5,2,0,1,1,0,0,0,0,0,1,1,0
2021,3,19,6,2,5,2,1,1,0,0,0,0,0,0,2,1
2018,11,14,6,0,2,0,1,1,0,0,0,0,1,0,0,0
2019,2,7,5,5,2,0,0,1,0,0,0,1,0,0,0,0
2019,2,18,5,6,2,2,0,1,1,0,0,0,1,0,0,1
2018,2,9,6,2,6,0,0,1,0,0,0,1,1,0,0,0
2018,1,6,4,5,7,1,0,1,0,0,0,1,2,0,0,0
2021,12,17,2,0,3,2,0,0,0,1,0,1,0,1,2,0
2019,5,23,6,6,4,2,0,1,1,0,0,0,0,0,0,1
2021,9,21,7,0,4,1,0,0,1,0,0,1,0,0,1,0
2020,9,14,7,5,2,0,1,1,0,0,0,0,0,0,1,0
2018,6,10,4,5,3,0,0,1,0,0,1,0,0,0,0,0
2018,5,9,3,2,6,0,0,1,0,1,0,0,0,0,0,0
2018,5,15,4,0,1,0,1,0,0,0,0,0,0,0,0,0
2018,4,10,2,5,3,0,1,1,0,0,0,0,0,0,0,0
2019,12,12,2,2,6,0,0,1,0,0,0,1,0,0,0,0
2020,7,11,4,5,2,0,0,1,0,0,0,0,1,0,1,0
2020,7,15,2,5,7,0,0,1,0,0,0,0,0,0,1,0
2020,2,15,4,1,5,0,1,0,0,0,0,1,1,0,0,0
2020,5,13,1,0,5,0,0,1,0,1,0,0,0,1,1,0
2019,10,12,7,5,3,0,1,1,0,0,0,0,0,0,0,0
2020,6,20,2,5,2,0,1,0,0,0,0,1,0,0,1,0
2018,11,19,6,6,2,2,0,1,1,0,0,0,1,0,0,0
2021,1,8,3,5,3,0,0,1,0,0,0,1,1,1,2,0
2020,8,16,2,2,6,0,0,1,0,0,0,0,0,0,1,0
2018,3,19,2,6,2,2,0,1,1,0,0,0,1,0,0,0
2019,1,7,4,5,2,1,0,1,0,0,1,0,1,0,0,0
2018,4,12,2,2,6,0,0,1,0,1,0,0,0,0,0,1
2020,7,18,5,6,4,0,0,1,1,0,0,0,0,0,1,1
2018,11,10,2,5,2,0,1,1,0,0,0,0,0,0,0,0
2020,6,22,4,5,2,2,1,0,0,1,0,0,0,0,1,0
2020,11,9,4,2,6,0,0,1,0,0,0,0,0,1,2,0
2018,6,20,1,5,7,1,0,1,0,0,0,0,0,0,0,1
2019,4,11,1,5,2,0,0,1,0,0,0,0,0,0,0,0
2018,4,12,1,5,2,0,1,0,0,1,0,0,0,0,0,0
2021,11,6,3,2,6,2,0,1,0,0,0,0,1,0,2,0
2018,7,11,3,2,6,0,0,1,0,0,0,1,0,0,0,0
2019,8,16,5,5,3,0,1,1,0,0,0,0,0,0,0,0
2018,10,20,5,6,4,2,1,0,1,0,0,0,0,0,0,0
2020,7,14,6,5,2,0,1,1,0,0,0,0,1,0,1,1
2021,6,9,4,6,4,0,0,1,1,0,0,1,0,0,1,1
2019,4,10,2,5,3,0,1,1,0,0,0,0,0,0,0,0
2018,7,7,6,6,2,0,0,1,1,0,0,0,0,0,0,0
2021,3,17,1,1,5,0,0,1,0,0,0,1,0,0,2,0
2018,11,10,4,5,5,0,1,1,0,0,0,0,1,0,0,0
2019,12,10,5,0,5,0,0,1,0,0,0,0,0,0,0,0
2020,5,17,7,5,2,0,1,1,0,0,0,0,0,1,1,0
2019,1,13,4,5,3,0,1,1,0,0,0,0,0,0,0,1
2019,4,20,3,1,5,2,0,1,0,1,0,0,0,0,0,0
2018,4,19,6,6,4,0,1,0,1,0,0,0,0,0,0,0
2020,11,12,2,0,5,0,0,1,0,1,0,0,0,1,2,0
2019,7,16,4,6,7,0,1,0,1,0,0,0,0,0,0,0
2021,7,7,2,5,2,0,0,1,0,0,0,0,0,0,1,0
2021,7,5,4,0,6,0,0,1,0,0,0,1,1,0,1,0
2021,8,16,6,5,2,0,1,0,0,0,1,0,0,0,1,0
2020,3,16,4,0,1,0,0,0,0,1,0,0,0,1,1,0
2019,3,17,3,6,4,1,0,1,1,0,0,0,1,0,0,1
2021,1,10,5,0,2,0,0,0,0,0,0,1,0,1,2,0
2021,6,14,5,2,6,0,0,1,0,0,0,0,0,0,1,0
2018,5,12,7,1,5,0,0,1,0,1,0,0,0,0,0,0
2020,10,8,6,0,1,0,0,0,0,1,0,0,1,1,1,0
2021,11,7,5,6,4,0,0,0,1,0,0,1,0,0,2,0
2021,4,7,2,6,2,0,0,1,1,0,0,0,0,1,2,0
2020,6,8,6,2,6,0,1,1,0,0,0,0,0,0,1,0
2020,10,16,5,5,3,0,1,1,0,0,0,0,0,1,1,0
2020,11,18,1,5,3,2,1,0,0,0,0,1,0,1,2,0
2018,5,5,6,5,3,1,0,1,0,0,0,0,0,0,0,0
2020,2,13,4,0,3,0,0,1,0,1,0,0,1,0,0,0
2021,10,12,1,4,1,0,0,1,0,0,0,0,0,0,1,1
2021,2,19,2,1,1,2,0,1,0,0,0,0,0,1,2,1
2021,9,16,5,5,2,0,0,1,0,1,0,0,0,0,1,0
2020,7,16,2,1,7,0,1,1,1,0,0,0,1,0,1,0
2019,6,15,4,0,7,0,0,1,0,0,0,1,0,0,0,0
2021,11,17,6,5,3,2,1,0,0,0,0,1,0,0,2,0
2018,6,7,6,3,6,0,1,1,0,0,0,0,0,0,0,0
2020,2,19,6,1,5,1,1,1,0,0,0,0,0,0,0,0
2019,7,13,3,5,3,0,1,1,0,0,0,0,0,0,0,0
2018,5,14,4,0,5,0,0,1,0,0,0,0,0,0,0,0
2019,4,22,4,6,2,2,0,1,1,0,0,0,0,0,0,0
2018,9,8,2,5,3,0,1,1,0,0,0,0,0,0,0,0
2021,8,8,6,2,6,0,1,1,0,0,0,0,0,0,1,0
2021,6,4,3,1,7,2,0,1,0,0,0,1,0,0,1,0
2021,7,11,1,6,7,0,0,1,1,0,0,0,0,0,1,0
2018,8,12,4,3,6,0,0,1,0,0,0,1,0,0,0,0
2020,6,11,2,5,2,0,1,1,0,0,0,0,0,0,1,0
2018,3,19,3,5,3,2,0,1,0,0,0,0,0,0,0,0
2019,12,18,6,2,6,2,0,1,0,0,0,0,1,0,0,1
2019,11,6,3,5,2,1,1,0,0,0,0,0,0,0,0,0
2019,10,15,5,6,7,0,0,1,1,0,0,0,0,0,0,0
2020,5,12,6,2,6,0,0,1,0,0,0,0,0,1,1,0
2020,9,6,1,5,2,0,0,1,0,0,0,0,0,0,1,0
2020,10,22,1,5,2,2,0,1,0,1,0,0,0,1,1,1
2019,8,12,3,1,5,0,1,1,0,0,0,0,0,0,0,1
2020,5,14,4,6,4,0,0,1,1,0,0,0,0,1,1,0
2019,2,16,1,5,7,0,0,1,0,0,0,0,0,0,0,0
2021,10,14,3,5,3,0,0,1,0,0,0,0,0,0,1,0
2018,3,11,3,2,6,0,0,1,0,1,0,0,0,0,0,0
2018,6,12,2,5,3,0,0,0,0,1,0,1,0,0,0,0
2019,11,0,1,1,1,2,0,1,0,0,0,0,1,0,0,1
2019,2,14,6,2,6,0,0,1,0,0,0,0,0,0,0,0
2021,5,15,6,2,6,0,0,1,0,0,0,0,0,1,2,0
2019,6,16,4,6,4,0,1,0,1,0,0,0,0,0,0,0
2018,6,9,3,2,6,0,0,1,0,0,0,0,0,0,0,0
2021,9,18,3,0,1,0,0,0,0,1,0,0,0,0,1,0
2018,11,19,1,8,1,2,0,1,0,0,0,0,1,0,0,0
2019,5,13,3,5,2,0,1,1,0,0,0,0,0,0,0,0
2018,10,8,5,5,2,0,1,0,0,0,0,1,0,0,0,0
2018,8,16,4,0,1,0,1,0,0,0,0,0,0,0,0,0
2021,5,22,6,5,2,2,0,1,0,1,0,0,0,1,2,0
2020,1,7,2,5,3,1,1,0,0,0,0,1,0,0,0,0
2020,2,13,7,2,6,0,0,1,0,0,0,0,0,0,0,0
2018,4,13,3,1,5,0,1,0,0,0,1,0,0,0,0,1
2019,12,16,2,9,1,2,0,1,0,0,0,0,0,0,0,1
2019,1,8,7,2,6,0,0,1,0,0,0,0,1,0,0,0
2018,9,13,7,5,3,0,0,1,0,0,0,0,0,0,0,0
2018,10,14,5,3,6,0,0,1,0,0,0,0,1,0,0,0
2019,2,20,7,5,3,2,0,1,0,0,0,0,1,0,0,1
2021,8,8,5,0,1,0,1,0,0,0,0,0,0,0,1,0
2019,11,2,7,9,1,2,0,1,0,0,0,0,1,0,0,0
2018,8,17,3,3,6,0,0,1,0,1,0,0,0,0,0,0
2021,11,10,5,5,3,0,0,1,0,0,0,0,0,0,2,1
2018,1,17,1,5,3,2,0,1,0,0,0,0,0,0,0,0
2020,8,10,2,5,5,0,1,1,0,0,0,0,0,0,1,0
2018,3,10,5,2,6,0,0,1,0,0,0,0,0,0,0,0
2018,1,13,4,5,2,0,1,0,0,0,1,0,1,0,0,0
2021,3,16,2,6,4,0,0,1,1,0,0,0,0,0,2,1
2021,2,18,5,1,5,2,0,1,0,1,0,0,1,1,2,0
2019,12,21,5,2,6,2,0,1,0,0,0,0,0,0,0,0
2021,7,20,7,5,3,0,1,1,0,0,0,0,0,0,1,1
2019,10,18,4,5,2,0,0,1,0,0,0,1,0,0,0,1
2020,6,13,3,5,2,0,1,1,0,0,0,0,0,0,1,0
2018,5,9,3,2,6,0,0,1,0,0,1,0,0,0,0,0
2018,6,19,2,3,6,0,0,1,0,0,0,0,0,0,0,0
2020,5,15,2,5,3,0,0,1,0,0,0,0,1,1,1,0
2021,4,6,6,3,6,0,0,1,0,1,0,1,0,1,2,0
2018,2,16,4,6,4,0,0,1,1,0,0,0,0,0,0,0
2021,11,18,7,6,7,2,0,0,1,0,0,1,0,0,2,0
2021,11,18,5,1,5,2,0,1,0,1,0,0,1,0,2,0
2019,12,14,6,3,6,0,0,1,0,0,0,0,0,0,0,0
2020,7,12,3,5,3,0,0,1,0,1,0,0,0,0,1,0
2018,10,19,2,8,1,2,0,0,0,1,0,0,0,0,0,0
2020,7,14,5,2,6,0,0,1,0,0,0,1,0,0,1,0
2020,5,10,3,6,4,0,0,1,1,0,0,0,0,1,1,1
2019,8,16,7,0,2,0,1,1,0,0,0,0,0,0,0,0
2018,10,16,3,1,5,0,0,1,0,0,0,0,0,0,0,1
2018,8,6,6,5,2,0,1,1,0,0,0,0,0,0,0,0
2018,7,18,2,0,7,0,1,1,0,0,0,0,0,0,0,0
2021,7,13,1,2,6,0,0,1,0,0,0,0,0,0,1,0
2019,9,8,4,0,7,0,0,1,0,0,0,0,0,0,0,1
2018,12,10,5,5,3,0,1,1,0,0,0,0,0,0,0,0
2021,7,17,6,6,4,0,1,0,1,0,0,0,0,0,1,0
2018,1,14,6,5,3,0,0,1,0,0,0,0,1,0,0,0
2021,12,8,4,5,3,0,0,1,0,0,0,0,0,1,2,0
2019,5,9,4,5,3,0,1,1,0,0,0,0,0,0,0,0
2021,12,16,2,6,4,1,0,1,1,0,0,0,0,1,2,0
2021,9,16,4,2,2,0,0,1,0,1,0,0,0,0,1,0
2019,6,14,4,5,2,0,0,1,0,1,0,0,0,0,0,1
2021,3,17,4,5,2,0,1,1,0,0,0,0,0,0,2,0
2019,5,15,5,5,7,0,1,1,0,0,0,0,0,0,0,0
2018,5,14,1,1,5,0,1,1,0,0,0,0,0,0,0,0
2020,8,19,5,9,1,0,0,0,0,1,0,0,0,0,1,1
2021,3,6,4,5,2,0,0,1,0,0,0,0,0,0,2,0
2018,11,9,2,2,2,0,0,1,0,0,0,1,0,0,0,0
2019,8,9,3,6,4,0,1,0,1,0,0,0,0,0,0,0
2021,11,16,3,8,1,2,0,1,0,0,0,0,0,0,2,0
2020,10,8,4,2,6,0,1,1,0,0,0,0,1,1,1,0
2018,1,7,5,6,4,0,0,1,1,0,0,0,1,0,0,0
2019,3,12,6,5,3,0,1,1,0,0,0,0,1,0,0,0
2019,4,15,4,2,6,0,0,1,0,0,0,1,0,0,0,0
2021,11,13,4,1,5,0,0,0,0,1,0,1,1,0,2,0
2021,11,9,6,6,4,0,1,0,1,0,0,0,1,0,2,0
2019,6,8,6,5,2,0,1,1,0,0,0,0,0,0,0,0
2018,7,12,5,5,2,0,0,1,0,0,0,0,1,0,0,0
2019,8,2,5,5,2,2,0,1,0,0,0,0,0,0,0,0
2021,6,11,1,6,4,0,0,1,1,0,0,0,0,0,1,0
2019,11,11,6,2,6,0,0,0,0,0,0,1,0,0,0,0
2020,1,8,5,2,2,0,0,1,0,0,0,0,0,0,0,0
2019,10,8,3,5,2,0,1,1,0,0,0,0,0,0,0,0
2019,4,15,5,5,3,0,1,1,0,0,0,0,0,0,0,0
2021,5,18,2,1,5,0,1,1,0,0,0,0,0,1,2,0
2021,7,15,6,5,3,0,0,1,0,0,0,0,0,0,1,0
2020,10,15,1,1,5,0,1,1,0,0,0,0,0,1,1,0
2021,1,5,3,6,2,2,0,0,1,0,0,1,1,1,2,0
2020,9,13,4,5,3,0,1,1,0,0,0,0,0,0,1,0
2021,5,23,1,5,3,2,0,1,0,1,0,0,0,1,2,1
2021,3,15,6,5,2,0,0,0,0,0,1,1,0,0,2,0
2018,9,21,7,5,2,2,0,1,0,1,0,0,0,0,0,1
2020,3,8,3,5,2,0,0,1,0,0,0,0,0,1,1,0
2019,8,14,3,6,4,0,1,0,1,0,0,0,0,0,0,0
2018,6,18,7,2,7,0,0,1,0,0,0,1,0,0,0,0
2020,5,17,2,5,2,0,1,1,0,0,0,0,1,1,1,0
2018,5,19,2,0,4,0,1,0,1,0,0,0,0,0,0,0
2021,12,18,5,6,7,2,0,0,1,0,0,1,0,1,2,0
2020,10,18,5,5,3,1,1,1,0,0,0,0,1,1,1,0
2019,8,15,6,6,4,0,0,1,1,0,0,0,0,0,0,1
2020,12,20,7,5,2,2,1,1,0,0,0,0,0,1,2,0
2021,9,18,4,5,3,1,0,1,0,0,0,1,1,0,1,0
2019,9,19,5,5,3,1,0,1,0,0,0,0,0,0,0,0
2019,4,14,6,3,6,0,1,1,0,0,0,0,0,0,0,0
2018,3,7,4,5,3,0,0,1,0,0,0,0,1,0,0,0
2020,6,18,6,5,2,0,1,1,0,0,0,0,0,0,1,0
2019,11,17,6,0,5,2,1,1,0,0,0,0,0,0,0,0
2019,4,19,2,5,7,2,0,1,0,0,0,0,0,0,0,0
2020,9,16,3,5,3,0,0,1,0,0,0,0,0,0,1,1
2021,11,12,5,2,6,0,0,1,0,0,1,0,1,0,2,0
2021,12,18,7,6,4,2,0,1,1,0,0,0,0,1,2,0
2019,7,17,3,2,6,0,1,0,0,0,0,0,0,0,0,0
2021,12,0,3,1,5,2,0,1,0,0,0,0,2,1,2,0
2018,8,8,6,5,3,0,1,1,0,0,0,0,0,0,0,0
2019,10,7,3,6,4,0,0,1,1,0,0,0,1,0,0,1
2019,12,7,6,2,2,1,1,1,0,0,0,0,0,0,0,0
2020,7,22,7,1,5,2,1,1,0,0,0,0,0,0,1,0
2019,5,12,7,2,6,0,0,1,0,0,0,0,0,0,0,0
2019,9,13,7,5,3,0,1,1,0,0,0,0,0,0,0,0
2019,8,14,2,3,6,0,0,1,0,0,0,0,0,0,0,0
2020,8,13,6,5,3,0,0,1,0,0,0,0,0,0,1,0
2019,1,13,4,5,3,0,0,1,0,0,1,0,0,0,0,0
2021,1,7,4,2,2,2,0,1,0,0,1,0,1,1,2,0
2018,9,7,4,0,6,0,0,1,0,1,0,0,1,0,0,0
2019,2,19,6,2,6,2,0,1,0,0,0,0,0,0,0,0
2021,11,9,4,5,3,0,1,1,0,0,0,0,0,0,2,0
2018,4,10,3,1,5,0,1,1,0,0,0,0,0,0,0,0