UJAHR,UMONAT,USTUNDE,UWOCHENTAG,UART,UTYP1,ULICHTVERH,IstRad,IstPKW,IstFuss,IstKrad,IstGkfz,IstSonstige,USTRZUSTAND,LOCKDOWN,COVID,UKATEGORIE
2020,10,10,7,2,7,0,0,1,0,0,0,0,1,1,1,0
2018,11,14,6,5,3,0,0,1,0,0,0,0,0,0,0,0
2019,4,20,5,5,7,0,0,1,0,1,0,0,0,0,0,1
2021,5,18,4,5,3,0,1,1,0,0,0,0,0,1,2,0
2019,8,8,6,5,3,0,1,0,0,0,0,0,0,0,0,1
2020,5,18,3,3,6,0,1,1,0,0,0,1,0,1,1,0
2018,11,2,1,2,6,2,0,1,0,0,0,0,0,0,0,0
2018,5,16,4,0,2,0,0,1,0,0,0,1,0,0,0,0
2019,3,23,5,9,1,2,0,1,0,0,0,0,1,0,0,1
2018,9,13,3,5,3,0,0,1,0,0,0,0,0,0,0,0
2021,4,18,6,0,5,0,0,1,0,0,0,1,0,1,2,0
2021,10,16,2,5,3,0,0,1,0,0,0,1,0,0,1,0
2018,7,22,1,5,3,2,0,1,0,0,0,0,0,0,0,1
2019,4,20,3,2,6,2,0,1,0,0,0,0,0,0,0,0
2021,5,9,3,5,2,0,1,1,0,0,0,0,0,1,2,0
2019,11,10,6,5,7,0,0,1,0,1,0,0,0,0,0,0
2018,10,12,1,2,6,0,0,1,0,0,0,0,0,0,0,0
2019,7,18,3,5,3,0,1,0,0,0,0,1,0,0,0,0
2021,11,18,2,5,2,1,0,1,0,0,0,1,1,0,2,0
2018,12,15,5,6,4,1,0,1,1,0,0,0,0,0,0,0
2019,9,9,3,5,2,0,1,1,0,0,0,0,0,0,0,0
2018,1,15,2,2,6,1,0,1,0,0,0,0,0,0,0,0
2020,6,8,6,5,3,0,0,1,0,0,0,0,0,0,1,1
2019,5,19,3,0,6,0,1,1,0,0,0,0,0,0,0,0
2021,7,8,4,5,2,0,1,1,0,0,0,0,0,0,1,0
2020,8,12,3,0,5,0,0,1,0,1,0,0,1,0,1,0
2019,11,16,3,2,6,1,0,1,0,0,0,0,0,0,0,0
2020,8,13,3,1,5,0,1,1,0,0,0,0,0,0,1,0
2018,10,14,7,1,5,0,1,1,0,0,0,0,0,0,0,0
2018,5,15,5,2,6,0,1,1,0,0,0,0,0,0,0,0
2021,6,14,5,2,6,0,0,1,0,0,0,0,0,0,1,0
2021,8,15,5,2,6,0,0,1,0,0,0,1,0,0,1,0
2018,9,17,3,5,3,0,1,1,0,0,0,0,0,0,0,0
2020,12,14,3,0,5,0,1,1,0,0,0,0,0,1,2,0
2020,7,2,1,0,1,2,1,0,0,0,0,0,0,0,1,0
2021,1,17,5,5,3,2,1,1,0,0,0,0,0,1,2,0
2019,5,8,5,5,2,0,0,1,0,0,0,0,1,0,0,0
2021,11,14,6,0,6,0,1,0,0,0,0,1,1,0,2,0
2019,7,9,3,5,3,0,0,1,0,0,0,0,0,0,0,0
2019,4,1,7,1,6,2,1,1,0,0,0,0,0,0,0,0
2018,6,7,4,5,3,0,0,1,0,0,0,1,0,0,0,0
2019,4,15,6,6,7,0,1,0,1,0,0,0,0,0,0,0
2021,5,14,5,2,6,0,0,1,0,0,0,0,1,1,2,0
2018,6,10,6,5,7,0,1,0,0,0,0,1,0,0,0,0
2019,5,16,3,5,2,0,1,1,0,0,0,0,0,0,0,0
2021,5,15,2,0,1,0,1,0,0,0,0,0,0,1,2,0
2018,6,15,6,2,6,0,0,1,0,0,0,0,0,0,0,0
2018,4,12,6,0,6,0,1,1,0,0,0,0,0,0,0,0
2019,2,19,5,1,5,2,1,1,0,0,0,0,0,0,0,0
2021,2,15,7,5,3,0,0,1,0,0,0,0,0,1,2,0
2019,9,14,3,2,7,0,1,1,0,0,0,0,0,0,0,0
2018,11,1,5,0,1,2,0,0,0,1,0,0,0,0,0,0
2018,5,16,2,0,7,0,0,1,0,0,0,0,0,0,0,0
2020,1,23,6,1,5,2,1,1,0,0,0,0,0,0,0,0
2019,11,15,4,2,6,0,0,1,0,0,0,0,1,0,0,0
2018,4,5,3,5,2,0,0,1,0,1,0,0,0,0,0,0
2020,12,7,7,6,2,2,0,1,1,0,0,0,1,1,2,0
2018,5,22,5,6,7,2,1,0,1,0,0,0,0,0,0,1
2019,3,11,2,5,3,0,1,1,0,0,0,0,0,0,0,0
2021,8,19,5,2,6,1,0,1,0,0,0,0,0,0,1,1
2021,9,17,6,0,2,0,1,1,0,0,0,0,0,0,1,1
2018,11,10,4,5,7,0,1,1,0,0,0,0,0,0,0,0
2021,5,21,5,5,3,2,1,1,0,0,0,0,0,1,2,1
2019,8,19,4,5,2,0,1,1,0,0,0,0,0,0,0,0
2019,12,9,5,2,6,0,0,1,0,1,0,0,1,0,0,1
2019,1,19,4,5,3,2,0,1,0,0,0,0,2,0,0,1
2021,8,15,3,2,6,0,0,1,0,0,0,1,0,0,1,0
2018,3,13,2,5,2,0,0,1,0,0,0,0,1,0,0,0
2021,4,17,1,5,3,0,0,1,0,0,0,1,1,1,2,0
2019,6,16,5,1,5,0,1,1,0,0,0,0,0,0,0,0
2020,10,7,4,5,2,0,1,1,0,0,0,0,0,1,1,0
2019,7,11,2,5,3,0,1,1,0,0,0,0,0,0,0,0
2020,6,13,4,5,2,0,0,1,0,0,0,0,0,0,1,0
2018,6,8,2,5,2,0,1,1,0,0,0,0,0,0,0,0
2019,12,16,5,3,6,2,0,1,0,0,0,0,0,0,0,0
2018,3,12,5,5,5,0,1,1,0,0,0,0,0,0,0,0
2018,8,8,5,4,6,0,0,1,0,1,0,0,0,0,0,0
2019,3,18,4,2,6,1,0,1,0,0,0,0,0,0,0,0
2020,2,18,2,6,4,2,0,1,1,0,0,0,1,0,0,1
2020,2,17,6,6,4,2,0,1,1,0,0,0,0,0,0,1
2018,10,15,4,5,2,0,1,1,0,0,0,0,0,0,0,0
2018,4,16,7,5,3,0,1,1,0,0,0,0,0,0,0,1
2021,9,20,4,3,6,2,0,1,0,0,1,0,1,0,1,0
2019,1,6,2,6,2,2,0,1,1,0,0,0,1,0,0,0
2019,10,9,2,2,6,0,0,1,0,1,0,0,0,0,0,0
2020,11,10,3,1,5,0,1,1,0,0,0,0,0,1,2,0
2018,12,13,5,2,6,0,0,1,0,0,0,1,0,0,0,0
2021,4,9,3,5,2,0,1,1,0,0,0,0,0,1,2,0
2021,9,9,7,2,6,0,0,1,0,0,0,0,1,0,1,1
2019,4,9,2,2,6,0,0,1,0,0,0,0,0,0,0,0
2018,8,15,2,5,3,0,0,1,0,0,0,0,0,0,0,0
2021,3,13,5,5,2,0,1,1,0,0,0,0,0,0,2,0
2020,11,18,1,0,7,2,1,0,0,0,0,0,0,1,2,0
2021,10,8,4,1,5,0,1,1,0,0,0,0,1,0,1,0
2021,6,17,5,3,6,0,0,1,0,0,0,1,0,0,1,0
2018,4,12,6,5,2,0,1,0,0,0,0,0,0,0,0,0
2021,3,19,1,2,6,2,0,1,0,0,0,1,1,0,2,0
2021,8,19,5,0,1,0,0,0,0,1,0,0,0,0,1,0
2020,4,11,6,5,2,0,1,1,0,0,0,0,0,1,2,0
2018,11,8,3,2,6,0,0,1,0,0,0,0,1,0,0,0
2019,11,15,1,5,3,0,1,1,0,0,0,0,1,0,0,0
2020,8,17,5,1,5,0,0,1,0,1,0,0,0,0,1,0
2018,2,18,1,5,2,2,0,1,0,0,0,0,0,0,0,0
2018,1,20,5,8,1,2,0,1,0,0,0,0,1,0,0,0
2018,9,22,6,2,6,2,0,1,0,0,0,1,1,0,0,0
2021,12,8,4,1,5,0,0,1,0,0,0,0,0,1,2,1
2018,6,19,6,5,7,0,1,1,0,0,0,0,0,0,0,0
2021,10,15,5,5,3,0,0,1,0,0,0,0,0,0,1,0
2020,12,1,7,9,1,2,0,1,0,0,0,0,1,1,2,1
2020,1,9,4,5,3,0,0,1,0,0,0,0,1,0,0,0
2019,11,14,5,5,2,0,1,1,0,0,0,0,0,0,0,0
2021,2,17,5,1,5,2,0,1,0,0,0,0,0,1,2,0
2019,8,14,5,5,2,0,1,1,0,0,0,0,0,0,0,0
2021,4,16,4,6,4,0,0,1,1,0,0,0,0,1,2,0
2021,7,19,3,2,6,0,0,1,0,1,0,0,0,0,1,1
2018,1,7,5,6,4,2,0,0,1,0,0,1,1,0,0,0
2019,9,9,5,1,5,0,1,1,0,0,0,0,0,0,0,0
2018,7,18,6,0,1,0,1,1,0,0,0,0,0,0,0,0
2018,3,14,2,3,6,0,0,1,0,0,0,0,0,0,0,0
2018,10,6,6,2,6,2,0,1,0,0,0,0,0,0,0,0
2021,8,14,6,2,6,0,0,1,0,0,0,0,0,0,1,0
2018,1,7,2,5,2,2,1,1,0,0,0,0,0,0,0,0
2021,3,18,2,0,4,2,1,0,1,0,0,0,0,0,2,0
2020,9,10,3,0,1,0,1,0,0,0,0,0,0,0,1,0
2020,8,3,1,0,1,2,1,0,0,0,0,0,0,0,1,0
2018,4,20,2,5,2,1,1,1,0,0,0,0,0,0,0,1
2020,10,17,6,5,7,1,0,1,0,0,0,0,1,1,1,0
2021,8,15,5,5,3,0,0,1,0,0,0,0,0,0,1,0
2018,12,21,4,1,5,2,0,1,0,0,0,0,0,0,0,0
2018,5,18,4,5,2,0,1,1,0,0,0,0,0,0,0,0
2018,6,7,5,0,1,0,1,0,0,0,0,0,0,0,0,0
2020,6,1,4,0,1,2,0,0,0,0,0,1,0,0,1,0
2018,12,20,7,6,2,2,0,1,1,0,0,0,1,0,0,0
2018,2,3,6,8,1,2,0,1,0,0,0,0,0,0,0,0
2021,9,17,6,1,5,0,0,1,0,0,0,0,0,0,1,0
2018,12,15,1,5,3,1,0,1,0,0,0,0,1,0,0,0
2020,8,22,6,6,4,2,0,1,1,0,0,0,0,0,1,1
2020,8,10,6,0,1,0,0,0,0,1,0,0,1,0,1,0
2020,5,16,7,5,3,0,0,1,0,0,0,0,0,1,1,0
2021,11,17,4,5,2,2,0,1,0,0,0,1,0,0,2,0
2018,8,8,5,0,7,0,1,0,0,0,0,1,1,0,0,0
2021,12,17,3,2,6,1,0,1,0,0,0,0,0,1,2,0
2018,8,16,5,5,2,0,1,0,0,0,0,0,0,0,0,0
2018,11,11,7,5,2,0,0,1,0,0,0,1,1,0,0,0
2018,10,14,4,5,2,0,1,1,0,0,0,0,0,0,0,0
2021,7,17,5,2,6,0,0,1,0,0,0,0,0,0,1,0
2020,2,20,5,4,6,2,0,1,0,0,0,1,1,0,0,0
2019,6,14,1,5,3,0,0,1,0,0,0,0,0,0,0,0
2018,4,9,6,5,3,0,0,1,0,0,0,0,1,0,0,0
2019,7,8,1,9,1,0,0,1,0,0,0,0,0,0,0,1
2018,3,5,1,8,1,2,0,1,0,1,0,0,0,0,0,1
2018,7,8,5,1,7,0,1,1,0,0,0,0,0,0,0,0
2019,11,19,6,1,7,2,0,1,0,0,0,0,1,0,0,1
2019,1,6,2,5,3,2,0,1,0,0,0,0,1,0,0,0
2019,1,5,2,6,2,2,0,1,1,0,0,0,1,0,0,0
2020,1,17,5,2,1,2,0,1,0,0,0,0,0,0,0,0
2020,1,17,6,5,2,2,0,1,0,1,0,0,0,0,0,1
2019,5,14,5,5,3,0,0,1,0,1,0,0,1,0,0,0
2018,9,20,6,5,3,2,0,1,0,1,0,0,1,0,0,0
2020,3,19,2,5,3,2,1,1,0,0,0,0,0,1,1,0
2019,6,15,7,2,6,0,0,1,0,0,0,0,0,0,0,0
2020,5,16,2,0,4,0,1,0,1,0,0,0,0,1,1,0
2019,12,11,2,0,3,0,0,1,0,1,0,0,1,0,0,0
2021,3,17,4,1,5,0,1,1,0,0,0,0,0,0,2,0
2018,5,15,2,5,3,0,0,1,0,0,0,0,0,0,0,0
2021,5,22,2,0,7,2,0,0,0,0,0,1,0,1,2,1
2019,9,14,7,1,1,0,1,1,0,0,0,0,0,0,0,0
2021,4,13,7,5,2,0,0,1,0,1,0,0,0,1,2,0
2019,11,9,5,5,3,0,1,1,0,0,0,0,0,0,0,0
2021,9,1,4,5,3,2,0,1,0,0,0,0,0,0,1,1
2019,12,8,3,6,2,0,0,1,1,0,0,0,0,0,0,1
2019,5,12,4,5,3,0,1,1,0,0,0,0,0,0,0,0
2019,8,16,7,4,6,0,0,1,0,0,0,0,0,0,0,0
2019,8,5,5,1,5,2,1,1,0,0,0,0,0,0,0,0
2019,9,14,3,5,3,0,1,1,0,0,0,0,0,0,0,0
2018,9,22,7,5,2,2,0,1,0,0,0,1,0,0,0,0
2019,11,9,2,5,2,0,0,1,0,0,1,0,0,0,0,0
2019,10,17,7,0,7,0,0,1,0,0,0,1,0,0,0,0
2020,2,21,4,6,4,2,1,0,1,0,0,0,1,0,0,1
2019,4,8,2,6,4,0,0,1,1,0,0,0,1,0,0,0
2019,9,12,6,5,3,0,0,1,0,0,0,0,0,0,0,0
2021,12,7,4,6,2,1,0,1,1,0,0,0,1,1,2,0
2020,5,9,5,2,6,0,0,1,0,0,1,0,0,1,1,0
2020,10,8,5,5,2,0,1,0,0,0,0,1,1,1,1,0
2019,11,18,2,6,2,2,0,1,1,0,0,0,0,0,0,0
2018,2,10,7,6,7,0,0,1,1,0,0,0,0,0,0,0
2019,9,16,4,0,7,0,0,1,0,0,0,0,1,0,0,0
2021,6,12,5,6,4,0,0,1,1,0,0,0,0,0,1,0
2021,6,16,4,3,6,0,0,1,0,1,0,0,1,0,1,0
2020,11,12,6,2,6,0,1,1,0,0,0,1,0,1,2,0
2018,11,9,7,5,2,0,0,1,0,0,0,0,0,0,0,0
2018,5,8,4,0,6,0,0,1,0,0,0,1,0,0,0,0
2021,7,1,1,0,1,2,0,0,0,0,0,1,0,0,1,0
2021,8,19,3,5,2,0,0,1,0,0,0,0,0,0,1,0
2020,12,7,6,6,4,1,0,1,1,0,0,0,0,1,2,0
2021,10,12,2,9,1,0,0,1,0,0,0,0,0,0,1,0
2018,12,15,2,5,2,1,0,1,0,0,0,1,1,0,0,1
2018,4,12,5,8,1,0,0,1,0,0,0,0,0,0,0,0
2020,7,13,6,2,6,0,0,1,0,0,0,0,0,0,1,0
2021,11,6,6,1,5,1,1,1,0,0,0,0,1,0,2,0
2018,7,7,3,0,6,0,0,1,0,0,0,1,0,0,0,0
2019,6,14,2,2,6,0,0,1,0,0,0,0,0,0,0,0
2018,1,19,4,2,6,2,0,1,0,0,0,0,1,0,0,0
2020,10,9,4,0,3,0,1,1,0,0,0,0,1,1,1,1
2018,7,19,6,6,4,0,1,0,1,0,0,0,0,0,0,1
2020,3,10,5,4,5,0,0,1,0,0,0,0,1,1,1,1
2019,6,11,5,6,4,0,0,1,1,0,0,0,1,0,0,0
2020,2,7,2,2,6,1,0,1,0,0,0,0,1,0,0,0
2019,4,7,5,1,5,0,1,1,0,0,0,0,0,0,0,0
2020,7,18,1,5,3,0,1,1,0,0,0,0,1,0,1,0
2018,11,10,3,6,2,0,0,1,1,0,0,0,0,0,0,0
2020,3,9,2,2,6,0,0,1,0,0,0,0,1,1,1,0
2020,12,13,5,0,5,0,0,1,0,1,0,0,1,1,2,0
2018,1,15,5,3,6,1,0,1,0,0,1,0,1,0,0,0
2018,3,15,6,3,6,0,1,1,0,0,0,0,1,0,0,0
2020,1,11,2,0,6,0,0,1,0,1,0,0,0,0,0,0
2021,4,15,6,5,2,0,1,1,0,0,0,0,0,1,2,0
2019,8,9,6,5,3,0,1,0,0,0,0,0,0,0,0,0
2020,8,16,3,2,6,0,1,1,0,0,0,0,0,0,1,0
2018,12,11,6,5,3,0,1,1,0,0,0,0,1,0,0,0
2021,12,21,3,1,5,2,1,1,0,0,0,0,0,1,2,0
2018,12,19,5,2,6,2,0,1,0,0,0,0,1,0,0,0
2018,11,11,4,2,6,0,0,1,0,1,0,0,0,0,0,0
2020,9,14,6,5,2,0,1,1,0,0,0,0,0,0,1,0
2021,2,9,4,2,6,0,0,1,0,0,0,0,0,1,2,0
2018,5,16,3,6,4,0,0,0,1,0,0,1,0,0,0,0
2020,9,14,3,6,4,0,0,1,1,0,0,0,0,0,1,1
2021,7,20,4,1,5,1,0,1,0,0,0,1,0,0,1,0
2020,8,19,1,2,2,0,0,1,0,0,0,0,1,0,1,0
2021,6,15,4,2,6,0,0,1,0,1,0,0,0,0,1,0
2018,11,11,5,1,5,0,1,0,0,0,0,1,0,0,0,0
2018,1,0,1,2,6,2,0,1,0,0,0,0,0,0,0,1
2019,10,18,4,2,6,2,0,1,0,0,0,0,0,0,0,0
2020,8,15,2,5,2,0,1,0,0,0,0,1,0,0,1,0
2019,9,18,2,4,1,1,1,0,0,0,0,1,0,0,0,0
2019,8,13,7,2,6,0,0,1,0,0,0,0,0,0,0,1
2021,7,15,2,1,1,0,0,1,0,0,0,0,0,0,1,0
2020,1,11,3,5,3,0,1,1,0,0,0,0,1,0,0,1
2018,12,16,7,5,2,2,0,1,0,0,0,0,1,0,0,0
2018,12,17,6,6,2,2,0,0,1,0,0,1,1,0,0,1
2020,1,15,7,5,3,0,0,1,0,0,0,0,0,0,0,0
2021,4,14,4,0,3,0,1,0,0,0,0,1,0,1,2,0
2018,9,13,3,2,6,0,0,1,0,0,0,0,0,0,0,0
2018,3,20,2,5,3,2,1,1,0,0,0,0,1,0,0,0
2020,8,6,4,2,6,0,0,1,0,0,0,1,0,0,1,0
2018,2,6,2,5,3,2,0,1,0,0,0,0,1,0,0,0
2020,2,6,5,2,6,2,0,1,0,0,0,0,1,0,0,0
2018,8,14,3,2,6,0,0,1,0,0,0,0,0,0,0,0
2018,11,3,7,3,6,2,1,0,0,0,0,1,0,0,0,1
2019,9,14,2,5,7,0,0,1,0,0,0,0,1,0,0,0
2020,6,14,1,5,3,0,1,1,0,0,0,0,1,0,1,1
2021,3,19,6,1,5,2,1,1,0,0,0,0,0,0,2,0
2021,5,18,2,2,7,0,0,1,0,0,0,0,0,1,2,0
2018,7,15,7,6,6,0,1,0,1,0,0,0,0,0,0,0
2021,8,8,3,2,2,0,0,1,0,0,0,0,0,0,1,0
2020,12,19,1,9,1,2,0,1,0,0,0,0,0,1,2,0
2021,12,22,6,6,4,2,0,1,1,0,0,0,1,1,2,1
2021,7,14,5,2,6,0,0,1,0,0,0,1,1,0,1,0
2020,8,17,2,0,1,0,0,0,0,1,0,0,1,0,1,0
2018,11,11,3,2,6,0,0,1,0,0,0,0,1,0,0,0
2020,8,17,1,2,6,0,0,1,0,0,0,0,1,0,1,1
2021,10,12,2,5,3,0,0,1,0,1,0,0,0,0,1,1
2020,9,18,4,5,2,0,1,0,0,0,0,1,0,0,1,0
2018,9,18,3,5,2,0,0,1,0,0,0,0,0,0,0,0
2019,7,23,4,0,1,2,1,0,0,0,0,0,0,0,0,0
2019,9,12,6,2,6,0,0,1,0,0,0,0,0,0,0,0
2018,12,16,5,1,5,2,0,0,0,0,0,1,1,0,0,0
2020,11,20,4,5,3,2,0,1,0,0,0,0,0,1,2,0
2019,4,15,7,0,7,0,1,0,0,0,0,0,0,0,0,0
2018,8,18,2,3,6,0,1,0,0,0,0,0,0,0,0,0
2021,7,17,5,5,2,0,1,1,0,0,0,0,1,0,1,0
2020,10,14,6,2,6,0,0,1,0,0,0,0,0,1,1,0
2019,4,17,7,5,2,0,1,1,0,0,0,0,0,0,0,0
2018,6,13,3,2,6,0,0,1,0,0,0,0,0,0,0,0
2018,11,7,3,5,3,0,1,1,0,0,0,0,0,0,0,1
2020,11,19,3,6,2,2,0,0,1,0,0,1,0,1,2,0
2021,6,15,5,5,3,0,1,1,0,0,0,0,0,0,1,0
2021,12,8,4,0,5,0,1,1,0,0,0,0,0,1,2,0
2019,5,12,4,0,5,0,0,1,0,0,0,1,0,0,0,0
2018,5,15,4,5,3,0,1,1,0,0,0,0,0,0,0,0
2019,2,10,3,3,6,0,0,1,0,0,0,1,0,0,0,0
2021,10,12,7,5,3,0,0,1,0,0,0,0,0,0,1,0
2021,7,22,2,0,1,2,1,0,0,0,0,0,0,0,1,0
2020,10,13,5,2,2,0,1,1,0,0,0,0,1,1,1,0
2019,3,14,6,5,3,0,0,1,0,0,0,0,0,0,0,0
2019,7,10,5,5,2,0,1,1,0,0,0,0,0,0,0,0
2019,11,14,2,6,4,0,0,1,1,0,0,0,0,0,0,0
2019,6,14,4,2,6,0,0,1,0,0,0,0,0,0,0,0
2019,1,7,7,2,6,1,0,1,0,0,0,0,0,0,0,0
2021,5,20,6,2,6,0,1,1,0,0,0,0,1,1,2,0
2018,11,1,3,1,5,2,0,1,0,1,0,0,0,0,0,1
2019,1,18,5,6,2,2,0,0,1,0,0,1,0,0,0,0
2020,1,15,3,6,2,0,0,0,1,0,0,1,0,0,0,0
2019,11,14,3,5,7,0,0,1,0,0,0,0,0,0,0,0
2018,6,16,6,5,2,0,1,1,0,0,0,0,0,0,0,0
2021,8,14,3,0,2,0,1,0,0,1,0,0,1,0,1,0
2021,9,17,5,0,1,0,1,0,0,0,0,0,0,0,1,0
2019,11,14,7,6,4,0,0,1,1,0,0,0,0,0,0,1
2019,11,8,3,0,3,0,1,1,0,0,0,0,1,0,0,1
2020,4,10,6,5,7,0,0,1,0,1,0,0,0,1,2,0
2018,2,11,6,2,6,0,0,1,0,0,0,0,0,0,0,0
2019,5,18,3,0,1,0,1,0,0,0,0,0,0,0,0,1
2021,10,15,3,5,7,0,1,1,0,0,0,0,0,0,1,0
2018,10,14,7,3,6,0,1,0,0,0,0,0,0,0,0,0
2021,7,21,1,0,1,2,0,0,0,1,0,0,1,0,1,0
2021,2,10,4,6,4,0,0,1,1,0,0,0,2,1,2,0
2021,7,8,2,0,6,0,1,1,0,0,0,0,0,0,1,0
2018,8,15,3,0,3,0,1,0,0,0,0,1,0,0,0,0
2018,5,13,5,5,2,0,0,1,0,0,0,1,0,0,0,0
2018,10,9,5,2,6,0,0,1,0,1,0,0,0,0,0,0
2019,6,22,1,1,5,1,1,1,0,0,0,0,0,0,0,0
2019,6,15,4,5,2,0,0,1,0,1,0,0,0,0,0,0
2019,12,17,2,2,2,1,0,1,0,1,0,0,0,0,0,0
2021,7,16,2,5,3,0,1,0,0,0,0,1,0,0,1,0
2021,9,17,4,5,3,0,0,1,0,0,0,0,1,0,1,0
2018,11,18,6,5,3,2,1,1,0,0,0,0,1,0,0,0
2019,4,10,6,0,6,0,0,1,0,1,0,0,0,0,0,1
2021,5,14,3,5,7,0,0,1,0,1,0,0,0,1,2,0
2020,7,11,2,5,2,0,0,1,0,0,0,0,0,0,1,0
2018,11,16,4,5,2,1,0,1,0,0,0,0,0,0,0,0
2021,9,15,6,5,7,0,1,1,0,0,0,0,0,0,1,0
2021,3,17,6,2,6,1,0,1,0,0,0,0,0,0,2,0
2021,9,17,4,5,2,0,1,1,0,0,0,0,1,0,1,0
2020,11,17,6,5,2,2,1,1,0,0,0,0,0,1,2,0
2020,4,16,5,5,2,0,1,1,0,0,0,0,0,1,2,1
2021,7,13,7,2,6,0,0,1,0,0,0,0,0,0,1,0
2019,11,1,6,5,5,2,0,1,0,0,0,0,0,0,0,1
2020,9,15,6,2,6,0,0,1,0,0,0,0,0,0,1,0
2019,11,19,4,0,2,2,0,1,0,1,0,0,1,0,0,0
2020,8,14,7,1,5,0,0,1,0,0,0,1,0,0,1,0
2019,2,18,5,2,6,2,0,1,0,0,0,0,0,0,0,0
2021,9,9,5,2,2,0,0,1,0,0,0,0,0,0,1,0
2021,6,14,4,0,5,0,0,1,0,0,0,1,0,0,1,0
2018,2,14,3,0,5,0,0,1,0,0,0,1,0,0,0,0
2018,1,19,5,6,7,2,0,1,1,0,0,0,1,0,0,1
2020,7,13,6,1,5,0,1,1,0,0,0,0,0,0,1,0
2019,11,11,6,2,6,0,0,1,0,0,0,0,1,0,0,0
2018,10,15,4,5,7,0,0,1,0,0,0,0,0,0,0,0
2021,10,8,6,0,7,0,1,0,0,0,0,0,1,0,1,0
2018,9,9,4,5,3,0,1,1,0,0,0,0,0,0,0,0
2021,11,17,7,6,2,2,0,1,1,0,0,0,1,0,2,1
2018,3,7,5,0,1,0,0,1,0,0,0,0,0,0,0,0
2020,3,18,6,6,4,2,0,1,1,0,0,0,1,1,1,1
2020,6,18,3,5,2,0,1,1,0,0,0,0,0,0,1,0
2020,9,19,1,6,2,2,0,1,1,0,0,0,1,0,1,0
2019,7,9,3,1,5,0,1,1,0,0,0,0,0,0,0,0
2018,7,14,4,5,2,0,1,1,0,0,0,0,0,0,0,1
2019,4,16,2,5,7,0,0,1,0,0,0,0,0,0,0,0
2019,8,8,5,5,2,0,0,1,0,1,0,0,0,0,0,0
2020,12,19,3,1,5,2,0,1,0,0,0,0,0,1,2,1
2019,1,7,6,6,2,1,0,1,1,0,0,0,1,0,0,0
2018,11,7,3,2,6,0,0,1,0,0,0,0,1,0,0,0
2021,10,8,6,2,6,0,0,1,0,1,0,0,0,0,1,0
2018,2,20,2,5,3,2,1,1,0,0,0,0,0,0,0,0
2021,10,16,2,5,2,0,1,0,0,0,1,0,0,0,1,0
2018,8,15,2,5,2,0,1,1,0,0,1,0,0,0,0,0
2019,5,13,4,0,2,0,1,0,0,0,0,1,0,0,0,0
2019,10,20,2,5,2,2,0,1,0,0,0,0,0,0,0,0
2019,5,17,4,3,6,0,0,1,0,0,0,0,0,0,0,0
2021,12,7,4,2,2,0,0,1,0,0,0,0,0,1,2,0
2019,10,18,4,6,4,1,0,1,1,0,0,0,1,0,0,1
2020,6,17,3,5,2,0,1,0,0,0,1,0,0,0,1,0
2019,9,12,6,2,6,0,0,1,0,0,0,1,1,0,0,0
2018,10,16,4,0,4,0,0,1,1,0,0,0,0,0,0,1
2020,8,14,2,2,6,0,0,1,0,0,0,1,0,0,1,0
2020,1,16,2,5,2,2,0,1,0,0,0,0,1,0,0,0
2019,2,19,2,2,6,2,0,1,0,0,0,0,1,0,0,0
2018,9,7,2,5,3,0,0,1,0,1,0,0,0,0,0,0
2018,1,9,5,6,4,0,0,1,1,0,0,0,1,0,0,0
2019,8,7,6,4,4,0,1,0,1,0,0,0,0,0,0,0
2021,1,17,2,0,4,2,0,1,1,0,0,0,0,1,2,0
2020,8,8,3,5,3,0,1,0,0,0,0,1,0,0,1,0
2020,5,11,6,1,5,0,0,1,0,0,0,0,0,1,1,0
2019,12,11,2,5,3,0,0,1,0,0,0,0,0,0,0,0
2021,7,18,7,6,7,0,1,0,1,0,0,0,0,0,1,0
2018,3,13,2,6,4,0,0,0,1,1,0,0,1,0,0,1
2018,7,15,2,4,6,0,1,1,0,0,0,0,0,0,0,0
2019,11,8,3,5,2,0,1,1,0,0,0,0,0,0,0,0
2020,10,17,6,4,6,0,1,0,0,0,0,0,1,1,1,1
2021,8,10,5,5,3,0,1,0,0,0,0,0,0,0,1,0
2019,9,15,7,1,5,0,1,1,0,0,0,1,0,0,0,0
2018,5,20,2,6,7,0,0,1,1,0,0,0,0,0,0,0
2020,9,7,2,5,3,0,1,1,0,0,0,0,0,0,1,1
2019,6,8,3,6,4,0,0,1,1,0,0,0,0,0,0,0
2018,6,18,2,1,5,0,1,1,0,0,0,0,0,0,0,0
2020,8,10,6,3,6,0,0,1,0,1,0,0,0,0,1,0
2018,12,6,6,6,4,2,0,0,1,0,0,1,1,0,0,0
2021,11,6,5,6,4,2,0,0,1,0,0,1,0,0,2,0
2018,12,17,2,5,2,2,1,1,0,0,0,0,0,0,0,0
2021,8,20,7,5,3,1,1,1,0,0,0,0,0,0,1,0
2021,4,17,4,5,7,0,0,1,0,0,0,1,0,1,2,1
2019,9,11,6,0,1,0,1,1,1,0,0,0,1,0,0,0
2021,5,19,4,2,6,1,1,1,0,0,0,0,1,1,2,0