UJAHR,UMONAT,USTUNDE,UWOCHENTAG,UART,UTYP1,ULICHTVERH,IstRad,IstPKW,IstFuss,IstKrad,IstGkfz,IstSonstige,USTRZUSTAND,LOCKDOWN,COVID,UKATEGORIE
2019,4,11,3,1,5,0,1,0,0,0,0,1,0,0,0,0
2020,2,6,2,2,7,2,0,1,0,0,0,0,1,0,0,0
2019,12,20,2,2,6,0,0,1,0,0,0,0,1,0,0,0
2019,1,19,2,2,6,2,0,1,0,0,0,0,1,0,0,0
2019,4,15,2,2,7,0,0,1,0,0,0,0,0,0,0,0
2018,1,18,3,6,4,2,0,1,1,0,0,0,1,0,0,1
2021,11,7,2,5,3,0,1,1,0,0,0,0,0,0,2,0
2018,11,12,5,1,5,0,1,1,0,0,0,0,0,0,0,0
2021,11,16,3,0,1,0,0,0,0,1,0,0,0,0,2,0
2018,3,17,5,2,2,0,0,1,0,0,0,0,0,0,0,0
2019,6,17,2,5,3,0,0,1,0,0,0,0,0,0,0,0
2019,5,19,2,0,1,0,0,0,0,1,0,0,1,0,0,1
2019,3,7,4,5,2,0,1,0,0,0,0,1,0,0,0,0
2020,5,20,7,5,2,0,1,1,0,0,0,0,0,1,1,0
2019,11,10,4,2,6,0,1,1,0,0,0,0,0,0,0,0
2019,10,8,3,5,2,0,0,0,0,0,1,0,0,0,0,0
2018,8,10,2,1,5,0,1,1,0,0,0,0,0,0,0,0
2021,7,12,6,5,2,0,1,1,0,0,0,0,0,0,1,0
2021,11,17,5,6,4,2,0,1,1,0,0,0,1,0,2,0
2020,6,19,1,5,2,1,0,1,0,0,0,0,0,0,1,0
2020,8,16,6,5,2,0,1,1,0,0,0,0,0,0,1,0
2021,9,15,3,5,2,0,1,1,0,0,0,0,0,0,1,0
2021,2,12,5,6,7,0,0,1,1,0,0,0,0,1,2,0
2021,3,6,3,5,7,0,0,1,0,0,0,1,0,0,2,0
2021,6,16,5,0,6,0,0,0,0,1,0,1,0,0,1,0
2019,7,19,3,6,2,0,0,1,1,0,0,0,0,0,0,0
2020,4,10,4,6,2,0,0,1,1,0,0,0,0,1,2,0
2019,10,19,2,2,7,2,0,1,0,0,0,0,0,0,0,0
2018,3,10,1,5,3,0,0,1,0,0,0,0,0,0,0,0
2020,9,15,2,6,7,0,1,0,1,0,0,0,0,0,1,0
2021,11,21,5,5,2,2,0,1,0,1,0,0,0,0,2,0
2020,4,18,5,5,3,0,0,1,0,0,0,1,0,1,2,0
2021,4,8,2,0,2,0,1,1,0,0,0,0,0,1,2,0
2021,11,19,4,5,2,1,1,1,0,0,0,0,0,0,2,0
2018,11,15,2,5,2,0,0,1,0,0,0,1,1,0,0,0
2019,7,16,4,2,6,0,0,1,0,0,0,0,1,0,0,0
2021,12,12,5,1,5,0,1,1,0,0,0,0,0,1,2,0
2021,12,14,6,6,7,0,1,0,1,0,0,0,0,1,2,0
2019,10,7,4,6,4,2,0,1,1,0,0,0,1,0,0,0
2020,6,15,1,1,5,0,0,1,0,0,0,1,0,0,1,1
2019,6,9,7,0,1,0,1,0,0,0,0,0,0,0,0,0
2018,6,14,7,5,2,0,1,1,0,0,0,0,0,0,0,0
2020,12,6,3,0,3,2,0,0,0,1,0,1,1,1,2,0
2019,7,14,4,2,6,0,0,1,0,0,0,0,0,0,0,0
2020,8,7,5,5,2,0,1,0,0,0,0,0,0,0,1,0
2021,8,16,5,5,3,0,0,1,0,1,0,0,1,0,1,0
2018,7,16,6,5,3,0,0,0,0,1,0,1,0,0,0,0
2018,12,13,6,5,3,0,1,1,0,0,0,0,1,0,0,0
2019,5,16,2,2,6,0,0,1,0,0,0,0,0,0,0,0
2018,1,14,3,3,6,0,1,0,0,0,0,1,1,0,0,0
2018,3,19,3,6,4,2,0,1,1,0,0,0,1,0,0,1
2019,8,17,7,2,6,0,1,1,0,0,0,0,0,0,0,0
2019,6,21,7,9,1,0,0,0,0,1,0,0,0,0,0,1
2018,8,15,7,5,3,0,0,1,0,1,0,0,0,0,0,0
2019,8,13,7,5,3,0,0,1,0,1,0,0,0,0,0,0
2019,1,14,2,2,6,0,0,1,0,0,0,0,1,0,0,0
2018,9,17,6,1,5,0,1,1,0,0,0,1,0,0,0,0
2018,10,15,2,5,3,0,1,1,0,0,0,0,0,0,0,0
2021,10,8,5,5,3,0,0,1,0,0,0,0,0,0,1,0
2020,6,10,7,6,7,0,1,0,1,0,0,0,0,0,1,0
2019,6,15,3,5,2,0,1,1,0,0,0,0,0,0,0,0
2018,4,17,3,5,3,0,0,1,0,0,0,0,0,0,0,0
2019,1,23,7,0,4,2,0,0,1,1,0,0,1,0,0,1
2021,6,8,2,1,7,0,1,1,0,0,0,0,0,0,1,0
2019,4,14,3,2,6,0,0,1,0,1,0,0,0,0,0,0
2021,10,18,4,5,2,1,1,1,0,0,0,0,0,0,1,0
2020,3,10,2,6,4,0,0,1,1,0,0,0,1,1,1,0
2018,7,5,4,0,1,0,0,0,0,1,0,0,1,0,0,0
2019,6,19,3,5,3,0,1,0,0,0,0,0,0,0,0,0
2018,7,21,5,5,2,2,1,1,0,0,0,0,1,0,0,0
2021,8,18,2,1,5,0,0,1,0,0,0,1,0,0,1,0
2021,3,22,5,1,5,2,0,1,0,0,0,1,1,0,2,0
2019,6,19,5,2,2,0,0,1,0,0,0,0,0,0,0,0
2021,8,19,3,5,3,1,1,1,0,0,0,0,0,0,1,0
2020,7,23,5,5,2,2,1,1,0,0,0,0,0,0,1,0
2020,8,12,3,1,5,0,1,1,0,0,0,0,1,0,1,1
2019,4,13,3,5,7,0,1,1,0,0,0,0,0,0,0,0
2019,5,5,6,1,5,0,1,1,0,0,0,0,1,0,0,0
2020,7,16,6,2,6,0,0,1,0,0,0,0,0,0,1,0
2018,9,8,5,0,1,0,0,0,0,1,0,0,1,0,0,1
2020,10,11,4,6,4,0,0,1,1,0,0,0,1,1,1,0
2018,9,15,2,5,7,0,1,1,0,0,0,0,0,0,0,0
2021,11,17,5,5,2,1,1,1,0,0,0,0,0,0,2,0
2020,11,9,2,0,1,0,0,0,0,1,0,0,1,1,2,0
2021,6,18,4,5,3,0,1,1,0,0,0,0,0,0,1,0
2020,4,19,7,0,1,0,1,0,0,0,0,0,0,1,2,0
2019,6,4,3,0,1,1,1,0,0,0,0,0,0,0,0,0
2018,2,14,4,2,6,0,0,1,0,0,0,0,0,0,0,0
2018,9,15,5,3,6,0,0,0,0,0,0,1,0,0,0,1
2018,3,20,6,5,2,2,0,1,0,1,0,0,0,0,0,0
2019,5,14,7,2,6,0,0,1,0,0,0,0,0,0,0,0
2020,12,21,3,9,1,2,0,1,0,0,0,0,1,1,2,1
2018,7,19,6,5,3,1,0,1,0,1,0,0,0,0,0,0
2020,9,8,4,1,5,0,0,1,0,0,0,0,0,0,1,0
2021,10,14,7,0,6,0,0,1,0,0,0,1,0,0,1,0
2020,5,16,1,5,3,0,0,1,0,0,0,0,0,1,1,0
2019,9,8,6,0,7,0,0,0,0,0,1,0,0,0,0,0
2021,9,8,6,6,4,0,1,0,1,0,0,0,0,0,1,0
2018,11,20,4,5,3,2,0,1,0,0,0,0,0,0,0,1
2018,11,9,2,5,2,0,1,0,0,0,0,1,1,0,0,0
2021,8,11,3,2,6,0,0,1,0,0,0,0,0,0,1,0
2021,4,11,2,5,2,0,1,1,0,0,0,0,0,1,2,0
2018,4,16,3,0,1,0,1,0,0,0,0,0,0,0,0,1
2021,5,15,5,5,3,0,0,1,0,0,0,0,0,1,2,0
2020,4,19,6,5,3,0,1,1,0,0,0,0,0,1,2,0
2019,6,18,4,2,6,0,0,1,0,0,0,0,0,0,0,0
2018,4,9,5,5,2,0,1,0,0,0,0,1,0,0,0,0
2019,4,18,2,6,4,0,0,1,1,0,0,0,0,0,0,1
2019,2,19,5,6,2,2,0,1,1,0,0,0,1,0,0,0
2021,10,11,3,2,7,0,0,1,0,0,0,1,0,0,1,0
2019,2,16,3,6,4,0,0,0,1,1,0,0,0,0,0,0
2021,9,12,6,5,3,0,1,1,0,0,0,0,0,0,1,0
2019,4,18,7,5,3,0,1,1,0,0,0,0,0,0,0,1
2018,5,13,4,5,2,0,1,1,0,0,0,0,0,0,0,0
2018,6,11,7,2,6,0,0,1,0,0,0,0,1,0,0,0
2019,8,17,4,5,3,0,1,1,0,0,0,0,0,0,0,0
2018,8,10,6,0,6,0,0,1,0,0,0,1,0,0,0,0
2019,3,15,3,0,4,0,1,0,1,0,0,0,1,0,0,0
2021,1,18,7,2,6,2,0,1,0,0,0,0,1,1,2,0
2021,5,15,6,1,6,0,0,1,0,1,0,0,0,1,2,0
2018,1,14,5,2,6,0,0,1,0,0,0,0,1,0,0,0
2018,11,1,1,6,4,2,0,1,1,0,0,0,0,0,0,0
2019,11,10,1,5,3,0,0,1,0,0,0,0,1,0,0,0
2019,1,15,2,5,3,0,1,1,0,0,0,0,1,0,0,0
2018,11,18,5,1,5,2,1,1,0,0,0,0,0,0,0,0
2020,10,9,2,6,7,0,0,1,1,0,0,0,0,1,1,0
2019,11,17,2,1,5,2,0,1,0,0,0,1,1,0,0,0
2021,4,15,5,5,7,0,1,1,0,0,0,0,0,1,2,0
2018,9,7,2,0,1,0,1,0,0,0,0,0,0,0,0,0
2018,6,6,6,3,6,0,1,0,0,0,0,1,0,0,0,0
2021,7,10,7,1,5,0,1,1,0,0,0,0,1,0,1,0
2019,9,9,2,2,6,0,0,1,0,0,0,0,1,0,0,0
2018,7,15,6,5,3,0,0,1,0,1,0,0,0,0,0,1
2020,9,17,6,5,2,0,1,1,0,0,0,0,0,0,1,0
2021,10,8,2,0,7,0,1,0,0,0,0,0,0,0,1,0
2018,11,17,4,5,3,2,0,1,0,0,0,1,0,0,0,0
2018,7,21,2,5,2,1,1,1,0,0,0,0,0,0,0,0
2021,4,18,5,5,3,1,1,0,0,0,0,0,0,1,2,0
2019,10,5,6,5,2,2,1,1,0,0,0,0,0,0,0,1
2021,7,15,1,5,3,0,1,1,0,0,0,0,0,0,1,0
2018,5,22,4,1,5,2,1,1,0,0,0,0,0,0,0,0
2020,9,23,1,8,1,2,1,0,0,0,0,0,0,0,1,1
2021,3,12,5,0,7,0,1,0,0,0,0,0,0,0,2,0
2018,8,10,4,5,2,0,1,1,0,0,0,0,0,0,0,0
2019,7,20,3,5,3,0,1,1,0,0,0,0,0,0,0,0
2020,6,18,6,0,1,0,1,0,0,0,0,0,0,0,1,0
2019,10,16,7,2,2,0,0,1,0,0,0,0,0,0,0,0
2021,7,5,2,5,2,0,0,1,0,1,0,0,0,0,1,1
2018,8,17,4,5,2,0,1,1,0,0,0,0,0,0,0,0
2018,1,20,6,6,4,2,0,0,1,0,0,1,1,0,0,1
2021,4,20,5,5,2,1,1,1,0,0,0,0,1,1,2,0
2019,6,5,6,2,6,1,0,1,0,0,1,0,0,0,0,0
2021,9,15,7,2,2,0,0,1,0,0,0,0,0,0,1,0
2019,2,9,6,0,6,0,0,1,0,0,0,0,0,0,0,0
2018,2,11,4,5,3,0,0,1,0,0,0,0,0,0,0,0
2018,1,16,6,5,2,1,1,1,0,0,0,0,0,0,0,1
2020,6,15,4,3,6,0,0,1,0,1,0,0,0,0,1,0
2018,4,16,2,8,1,0,0,1,0,0,0,0,1,0,0,0
2021,1,12,5,0,3,0,0,1,0,0,0,1,0,1,2,0
2020,11,13,6,5,3,0,0,1,0,0,0,0,0,1,2,0
2020,5,8,5,1,5,0,1,1,0,0,0,0,0,1,1,0
2020,7,8,4,8,1,0,0,0,0,1,0,0,0,0,1,0
2021,3,10,5,2,6,0,0,1,0,0,0,0,0,0,2,0
2018,12,14,6,6,4,0,1,0,1,0,0,0,1,0,0,0
2018,8,20,4,5,2,0,0,1,0,1,0,0,0,0,0,0
2020,11,16,5,0,6,1,0,1,0,1,0,0,0,1,2,1
2020,4,2,2,8,1,2,0,1,0,0,0,0,0,1,2,0
2018,12,11,3,1,5,0,0,1,0,0,0,0,0,0,0,0
2021,3,1,2,0,1,2,0,0,0,1,0,0,0,0,2,0
2018,4,11,5,3,6,0,0,1,0,0,0,1,0,0,0,1
2019,10,14,7,6,2,0,0,1,1,0,0,0,0,0,0,0
2019,9,15,6,5,3,0,1,1,0,0,0,0,0,0,0,0
2019,1,16,4,2,6,2,0,1,0,0,0,0,1,0,0,0
2021,3,14,4,1,5,0,0,0,0,1,0,1,0,0,2,0
2020,12,14,6,2,6,0,0,1,0,0,0,0,0,1,2,0
2018,9,20,5,5,2,2,1,1,0,0,0,0,0,0,0,0
2018,9,21,1,4,2,2,0,1,0,0,0,1,0,0,0,1
2018,12,17,1,8,1,2,0,1,0,0,0,0,1,0,0,0
2020,5,15,4,2,6,0,0,1,0,0,1,0,0,1,1,0
2019,2,19,1,6,2,2,0,1,1,0,0,0,1,0,0,1
2021,1,9,2,5,2,0,1,1,0,0,0,0,1,1,2,0
2020,7,11,5,5,2,0,1,1,0,0,0,0,0,0,1,0
2018,5,17,6,5,7,0,0,1,0,1,0,0,0,0,0,0
2020,5,18,7,5,3,0,1,1,0,0,0,0,0,1,1,0
2021,3,15,5,8,1,0,0,1,0,0,0,0,1,0,2,1
2019,6,12,7,5,7,0,0,1,0,1,0,0,0,0,0,1
2019,11,15,6,2,7,1,1,1,0,0,0,0,1,0,0,0
2019,9,6,1,9,1,0,0,1,0,0,0,0,0,0,0,0
2019,9,14,5,3,6,0,0,1,0,1,0,0,0,0,0,0
2021,9,19,6,3,6,2,0,0,0,1,0,1,0,0,1,0
2020,11,12,3,0,2,0,1,1,0,0,0,0,1,1,2,0
2018,10,15,7,5,3,0,0,1,0,0,0,0,0,0,0,0
2018,9,14,6,6,4,0,1,0,1,0,0,0,0,0,0,0
2019,4,15,2,2,2,0,1,0,0,0,0,1,0,0,0,0
2021,10,10,3,5,3,0,0,1,0,0,0,0,0,0,1,0
2020,1,17,6,6,4,2,0,1,1,0,0,0,1,0,0,0
2020,9,13,3,4,6,0,1,0,0,0,0,1,0,0,1,0
2021,12,17,4,2,6,1,0,1,0,0,0,0,0,1,2,0
2021,5,7,6,5,2,0,1,1,0,0,0,0,0,1,2,1
2018,6,16,4,2,6,0,0,1,0,0,0,0,0,0,0,0
2018,10,16,5,1,5,0,0,1,0,1,0,0,0,0,0,0
2021,1,19,4,5,2,2,1,1,0,0,0,0,1,1,2,0
2018,11,20,6,0,2,2,0,0,1,0,0,1,0,0,0,0
2019,10,16,1,2,6,0,0,1,0,0,0,0,0,0,0,0
2018,10,18,4,0,1,2,0,0,0,1,0,0,0,0,0,0
2019,7,19,6,0,2,0,0,1,0,0,0,1,0,0,0,0
2018,9,12,3,5,2,0,1,1,0,0,0,0,0,0,0,0
2019,6,7,2,2,7,0,1,0,0,0,0,1,0,0,0,0
2018,5,14,4,6,4,0,0,1,1,0,0,0,0,0,0,0
2021,8,11,3,2,6,0,0,1,0,0,0,1,0,0,1,0
2018,6,12,5,5,2,0,0,1,0,0,1,0,0,0,0,0
2020,10,12,1,3,6,0,1,1,0,0,0,0,0,1,1,0
2020,7,9,2,5,3,0,0,1,0,0,0,0,0,0,1,1
2020,10,15,3,5,2,0,1,1,0,0,0,0,0,1,1,0
2018,8,15,3,2,2,0,1,0,0,0,0,1,0,0,0,0
2019,6,10,3,2,6,0,0,1,0,0,0,0,0,0,0,0
2019,9,12,4,4,6,0,0,1,0,0,0,0,0,0,0,0
2019,4,21,3,2,2,2,0,1,0,0,0,0,0,0,0,0
2021,6,0,7,0,5,2,1,1,0,0,0,0,0,0,1,0
2021,4,8,4,2,7,0,0,1,0,1,0,0,0,1,2,0
2020,8,14,3,5,3,0,1,1,0,0,0,0,0,0,1,0
2018,4,14,2,5,3,0,0,1,0,0,0,0,0,0,0,0
2021,3,13,4,5,3,0,1,0,0,0,0,1,0,0,2,1
2020,11,12,3,2,6,0,0,1,0,1,0,0,0,1,2,0
2019,7,11,5,3,6,0,0,1,0,0,0,0,0,0,0,0
2018,10,12,7,3,6,0,0,1,0,0,1,0,0,0,0,0
2020,7,22,7,0,1,2,1,0,0,0,0,0,0,0,1,0
2020,10,12,4,5,2,0,1,1,0,0,0,0,1,1,1,0
2020,3,14,1,5,3,0,1,1,0,0,0,0,0,1,1,1
2018,10,18,3,2,6,0,0,0,0,1,0,1,0,0,0,0
2021,5,17,1,5,2,0,1,0,0,1,0,0,0,1,2,1
2019,9,13,1,5,2,0,0,0,0,1,0,0,0,0,0,0
2021,4,10,2,2,6,0,0,1,0,0,0,0,0,1,2,0
2018,2,17,7,1,5,1,0,1,0,1,0,0,0,0,0,1
2021,11,12,4,0,5,0,1,1,0,0,0,0,1,0,2,0
2018,7,10,4,1,5,0,0,1,0,1,0,0,0,0,0,0
2018,3,9,4,0,7,0,0,1,0,0,0,0,0,0,0,0
2019,8,8,5,5,2,0,1,1,0,0,0,0,0,0,0,0
2021,11,9,2,5,3,0,0,1,0,0,0,0,0,0,2,0
2019,7,17,2,2,6,0,0,1,0,1,0,0,1,0,0,1
2018,4,8,7,0,5,0,0,1,0,1,0,0,0,0,0,0
2018,9,19,4,5,3,2,0,1,0,0,0,0,0,0,0,0
2019,8,10,6,3,6,0,1,0,0,0,0,1,0,0,0,0
2019,8,18,2,5,2,0,0,1,0,0,0,0,0,0,0,0
2021,10,21,7,1,7,2,0,1,0,0,0,1,0,0,1,0
2020,8,15,7,5,3,0,0,1,0,0,0,1,0,0,1,0
2020,10,0,2,1,5,2,1,1,0,0,0,0,0,1,1,0
2020,4,16,5,5,2,0,1,1,0,0,0,0,0,1,2,0
2018,11,20,4,0,1,2,1,0,0,0,0,0,1,0,0,1
2020,12,19,6,1,5,2,1,1,0,0,0,0,0,1,2,0
2019,4,7,3,5,3,0,1,1,0,0,0,0,0,0,0,1
2019,10,14,1,5,3,0,1,1,0,0,0,0,0,0,0,0
2021,10,7,2,6,4,1,0,1,1,0,0,0,0,0,1,0
2020,4,16,6,2,6,0,0,1,0,0,0,0,0,1,2,0
2019,1,14,4,1,5,0,0,1,0,0,0,0,0,0,0,0
2019,4,18,1,2,6,0,0,1,0,0,0,0,0,0,0,0
2018,12,17,4,6,4,1,0,1,1,0,0,0,0,0,0,1
2020,3,10,5,2,6,0,0,1,0,0,0,0,0,1,1,0
2021,11,21,5,5,7,2,0,1,0,1,0,0,1,0,2,0
2020,12,15,2,2,6,1,0,1,0,0,0,0,1,1,2,0
2018,3,12,1,5,2,0,0,1,0,0,0,0,0,0,0,0
2018,4,19,7,1,1,0,0,1,0,0,0,0,0,0,0,0
2020,11,16,4,1,5,2,1,1,0,0,0,0,0,1,2,1
2018,5,11,5,5,3,0,1,1,0,0,0,0,0,0,0,0
2021,8,20,3,2,1,2,0,0,0,1,0,1,0,0,1,0
2020,9,15,6,5,2,0,0,1,0,0,0,1,0,0,1,0
2020,6,11,2,2,2,0,0,1,0,0,0,0,0,0,1,0
2020,5,15,1,0,7,0,0,0,1,1,0,0,0,1,1,0
2018,10,13,3,1,5,0,1,1,0,0,0,0,1,0,0,0
2021,12,17,5,5,3,2,0,1,0,0,0,0,0,1,2,0
2020,10,21,6,1,1,2,0,1,0,1,0,0,1,1,1,0
2018,5,13,2,0,5,0,1,0,0,0,0,1,0,0,0,0
2020,11,18,5,6,4,2,0,1,1,0,0,0,1,1,2,1
2021,4,10,3,5,2,0,1,1,0,0,0,0,0,1,2,0
2018,1,22,6,5,3,2,0,1,0,0,0,0,1,0,0,1
2019,10,17,5,1,4,1,1,1,1,0,0,0,0,0,0,1
2019,11,15,5,2,2,0,1,1,0,0,0,0,0,0,0,0
2018,6,8,2,4,1,0,1,1,0,0,0,0,1,0,0,0
2018,3,16,7,2,6,0,0,1,0,0,0,0,1,0,0,0
2021,6,7,5,1,5,0,1,1,0,0,0,0,0,0,1,0
2020,10,18,1,5,3,2,1,1,0,0,0,0,1,1,1,0
2019,3,15,3,2,6,0,0,1,0,0,0,0,1,0,0,0
2018,4,20,3,5,7,0,0,1,0,1,0,0,0,0,0,1
2020,8,21,7,1,5,2,1,1,0,0,0,0,0,0,1,0
2018,1,20,6,5,2,2,0,1,0,0,0,0,1,0,0,0
2020,5,17,6,5,2,0,0,1,0,0,0,0,0,1,1,0
2021,6,15,4,2,3,0,1,1,0,0,0,0,0,0,1,0
2021,1,15,4,6,7,1,0,0,1,1,0,0,1,1,2,0
2020,6,11,5,2,3,0,0,1,0,0,0,1,1,0,1,1
2019,10,18,2,2,6,2,0,1,0,0,0,1,0,0,0,0
2019,3,10,1,5,3,0,0,1,0,0,0,0,0,0,0,0
2020,1,12,2,0,2,0,0,0,0,0,1,1,0,0,0,0
2019,10,19,2,5,2,2,1,0,0,0,0,1,0,0,0,0
2020,6,10,4,5,2,0,0,1,0,0,0,0,0,0,1,0
2018,11,13,7,2,6,0,0,1,0,1,0,0,0,0,0,0
2020,8,14,1,5,2,0,1,1,0,0,0,0,0,0,1,1
2020,9,12,5,5,3,0,1,1,0,0,0,0,0,0,1,0
2021,10,3,1,5,3,2,1,0,0,0,0,1,0,0,1,1
2021,10,16,6,5,3,0,0,1,0,0,0,0,1,0,1,1
2020,6,5,3,1,1,0,0,1,0,0,0,1,0,0,1,0
2018,1,17,5,5,2,2,0,1,0,0,0,1,1,0,0,0
2018,10,14,4,6,4,0,0,1,1,0,0,0,0,0,0,0
2021,5,15,3,3,2,0,1,1,0,0,0,0,0,1,2,0
2018,3,18,4,3,6,1,1,1,0,0,0,0,0,0,0,0
2021,4,13,4,2,6,0,0,1,0,0,0,1,0,1,2,0
2021,8,12,1,1,5,0,1,1,0,0,0,0,0,0,1,0
2020,3,13,7,0,2,0,0,0,0,1,0,1,0,1,1,0
2021,3,13,5,5,3,0,1,1,0,0,0,0,0,0,2,0
2019,8,8,3,5,3,0,1,1,0,0,0,0,0,0,0,0
2019,8,14,6,5,2,0,0,1,0,0,0,0,0,0,0,0
2020,10,14,6,5,3,0,0,1,0,1,0,0,0,1,1,0
2018,7,11,5,6,4,0,0,1,1,0,0,0,0,0,0,0
2018,2,14,5,8,1,0,0,1,0,0,0,0,0,0,0,1
2019,9,21,7,0,1,2,0,0,0,0,0,1,0,0,0,0
2021,7,16,5,1,5,0,1,1,0,0,0,0,1,0,1,0
2019,9,16,5,2,6,0,0,1,0,0,0,0,0,0,0,0
2019,12,13,5,6,4,0,0,1,1,0,0,0,0,0,0,1
2018,6,9,2,3,6,0,0,1,0,0,1,0,0,0,0,0
2019,6,11,6,1,5,0,1,1,0,0,0,1,0,0,0,0
2020,6,22,1,5,2,2,1,1,0,0,0,0,0,0,1,0
2021,6,18,2,2,6,0,0,1,0,0,0,0,0,0,1,0
2020,1,19,6,3,6,2,1,1,0,0,0,0,0,0,0,0
2020,1,11,3,0,6,0,0,0,1,0,0,1,0,0,0,0
2020,1,12,1,5,2,0,0,1,0,0,0,0,0,0,0,0
2018,12,6,3,6,2,2,0,1,1,0,0,0,1,0,0,0
2020,10,19,6,5,3,2,0,1,0,1,0,0,1,1,1,0
2020,3,19,1,3,6,2,1,0,0,0,0,0,0,1,1,0
2018,12,15,4,5,3,0,0,1,0,0,0,0,1,0,0,0
2018,7,10,1,5,3,0,1,1,0,0,0,0,0,0,0,1
2019,11,12,2,5,2,0,1,0,0,0,1,0,0,0,0,1
2019,1,10,1,5,3,0,0,1,0,0,0,0,0,0,0,0
2018,10,19,5,2,6,2,1,0,0,0,0,0,0,0,0,0
2021,12,20,5,6,4,2,0,1,1,0,0,0,0,1,2,0
2020,3,16,2,6,4,0,0,0,1,0,0,1,0,1,1,0
2020,4,7,7,5,2,0,0,1,0,0,0,0,0,1,2,1
2018,9,11,7,5,2,0,1,1,0,0,0,0,0,0,0,0
2018,2,6,2,6,2,2,0,1,1,0,0,0,0,0,0,0
2018,4,12,6,5,2,0,1,1,0,0,0,0,0,0,0,0
2021,9,13,6,0,1,0,1,0,0,0,0,0,0,0,1,0
2019,1,7,2,5,2,0,1,1,0,0,0,0,0,0,0,0
2020,5,8,6,2,6,0,1,0,0,0,0,0,0,1,1,1
2019,10,18,5,5,3,0,0,1,0,0,0,1,0,0,0,0
2019,1,21,6,3,6,2,0,0,0,1,0,1,1,0,0,0
2020,9,13,1,2,6,0,0,1,0,1,0,0,0,0,1,0
2020,12,15,2,5,2,1,1,1,0,0,0,0,0,1,2,0
2018,4,14,1,0,3,0,1,1,0,0,0,0,0,0,0,1
2019,3,8,3,5,3,0,1,1,0,0,0,0,1,0,0,0
2020,2,17,7,5,3,2,0,1,0,0,0,0,1,0,0,0
2018,6,17,3,5,3,0,0,1,0,0,0,0,0,0,0,0
2021,3,8,6,5,3,0,0,1,0,0,0,1,1,0,2,0
2019,11,22,7,5,3,2,1,1,0,0,0,0,1,0,0,0
2020,10,7,5,5,2,0,1,1,0,0,0,0,0,1,1,0
2019,12,16,2,0,5,1,1,1,0,0,0,0,1,0,0,0
2019,4,17,5,0,4,0,1,0,1,0,0,0,0,0,0,0
2021,7,14,7,2,6,0,0,1,0,0,0,1,0,0,1,0
2019,9,20,7,1,5,2,0,1,0,0,0,1,0,0,0,0
2020,7,12,4,2,6,0,0,1,0,0,0,0,1,0,1,0
2021,9,15,7,0,6,0,0,1,0,0,0,1,0,0,1,0
2018,1,9,3,6,4,0,0,1,1,0,0,0,1,0,0,0
2019,8,11,1,5,7,0,0,1,0,0,0,1,0,0,0,0
2020,10,7,2,5,3,0,1,1,0,0,0,0,1,1,1,0
2021,5,13,3,2,6,0,0,1,0,0,0,0,1,1,2,0
2018,5,6,3,5,3,0,1,1,0,0,0,0,0,0,0,0
2019,8,19,5,6,4,0,0,1,1,0,0,0,0,0,0,0
2020,9,21,6,1,5,2,0,1,0,0,0,1,0,0,1,1
2019,3,8,5,2,6,0,0,1,0,0,0,0,0,0,0,0
2018,11,18,3,5,3,2,0,1,0,1,0,0,0,0,0,0
2020,6,17,5,2,2,0,0,1,0,0,0,1,0,0,1,0
2020,6,15,2,5,2,0,1,1,0,0,0,0,1,0,1,0
2020,2,14,2,5,2,0,1,1,0,0,0,0,0,0,0,1
2018,7,14,4,6,4,0,1,0,1,0,0,0,0,0,0,0
2020,11,8,1,0,1,0,0,1,0,0,0,0,0,1,2,0
2020,9,23,3,5,2,2,1,1,0,0,0,0,0,0,1,0
2018,7,18,2,2,6,0,0,1,0,1,0,0,0,0,0,0
2020,1,12,3,5,3,0,1,1,0,0,0,0,0,0,0,0
2021,6,6,4,1,5,0,0,1,0,1,0,0,0,0,1,0
2018,8,5,3,5,3,1,1,1,0,0,0,0,0,0,0,0
2020,6,18,2,5,3,0,1,1,0,0,0,0,0,0,1,0
2018,1,15,7,6,4,0,0,1,1,0,0,0,0,0,0,0
2020,4,18,4,0,1,0,1,0,0,0,0,0,0,1,2,0
2020,10,15,2,5,2,0,1,0,0,0,0,1,0,1,1,0
2018,12,21,3,5,3,2,0,1,0,0,0,0,0,0,0,0
2018,4,12,6,5,2,0,1,1,0,0,0,0,0,0,0,0
2018,6,20,2,0,7,0,1,0,0,0,0,0,0,0,0,1
2019,11,18,7,5,7,2,0,1,0,0,0,0,1,0,0,0
2018,7,8,3,2,6,0,0,1,0,0,0,1,0,0,0,0
2019,8,11,3,5,3,0,0,1,0,0,0,0,0,0,0,0
2018,8,6,3,5,3,0,1,1,0,0,0,0,0,0,0,1
2019,9,10,6,5,3,0,1,1,0,0,0,0,1,0,0,0
2021,6,15,2,2,6,0,0,1,0,0,0,0,0,0,1,0
2018,12,18,1,2,6,2,0,1,0,0,0,0,1,0,0,0
2018,6,16,4,6,4,0,0,1,1,0,0,0,0,0,0,0