UJAHR,UMONAT,USTUNDE,UWOCHENTAG,UART,UTYP1,ULICHTVERH,IstRad,IstPKW,IstFuss,IstKrad,IstGkfz,IstSonstige,USTRZUSTAND,LOCKDOWN,COVID,UKATEGORIE
2021,12,17,4,6,2,2,0,1,1,0,0,0,1,1,2,0
2021,11,17,7,5,2,2,0,1,0,1,0,0,1,0,2,0
2021,6,14,6,0,7,0,1,1,0,0,0,0,0,0,1,0
2021,12,16,1,5,3,2,1,0,0,0,0,0,1,1,2,0
2018,12,7,5,2,6,0,0,1,0,0,0,0,1,0,0,0
2019,1,12,4,5,3,0,0,1,0,0,0,0,1,0,0,0
2020,7,18,6,3,5,0,1,1,0,0,0,0,0,0,1,0
2019,5,13,3,3,6,0,0,1,0,0,1,0,0,0,0,0
2021,3,17,1,5,3,1,0,1,0,0,0,0,1,0,2,0
2019,11,19,2,6,4,2,0,1,1,0,0,0,1,0,0,0
2020,8,7,4,1,5,0,1,1,0,0,0,0,0,0,1,0
2020,4,15,3,1,5,0,0,1,0,0,0,0,0,1,2,0
2021,3,13,6,2,2,0,0,1,0,0,1,0,0,0,2,1
2021,12,16,2,3,6,1,0,1,0,0,1,0,1,1,2,0
2020,5,18,7,5,7,0,0,1,0,1,0,0,0,1,1,0
2019,5,18,4,5,3,0,1,1,0,0,0,0,0,0,0,0
2021,4,13,5,5,2,0,1,1,0,0,0,0,1,1,2,0
2020,1,16,6,6,2,1,0,1,1,0,0,0,1,0,0,0
2019,8,18,2,2,6,0,1,1,0,0,0,0,0,0,0,0
2021,10,2,1,1,5,2,0,1,0,0,0,1,0,0,1,0
2018,9,15,3,5,3,0,1,1,0,0,0,0,0,0,0,0
2020,10,7,1,5,2,0,0,1,0,0,0,0,0,1,1,0
2019,4,7,4,1,5,0,0,1,0,1,0,0,0,0,0,0
2020,6,18,7,0,1,0,0,0,0,1,0,0,1,0,1,0
2020,9,17,2,0,6,0,0,1,0,1,0,0,0,0,1,1
2019,1,17,5,3,2,2,0,1,0,0,0,1,0,0,0,0
2020,6,16,1,5,7,0,0,1,0,1,0,0,0,0,1,1
2018,6,18,3,5,2,0,0,1,0,0,0,0,0,0,0,0
2021,12,20,3,1,7,2,0,1,0,0,0,0,1,1,2,0
2018,4,9,5,6,7,0,1,0,1,0,0,0,0,0,0,0
2020,4,12,3,6,2,0,0,1,1,0,0,0,0,1,2,0
2018,6,16,3,5,3,0,1,1,0,0,0,0,0,0,0,0
2019,7,15,4,5,7,0,0,1,0,0,0,0,0,0,0,0
2020,3,13,1,9,1,0,0,0,0,1,0,0,0,1,1,0
2020,3,13,3,5,2,0,0,1,0,0,0,0,0,1,1,0
2019,6,8,2,5,3,0,0,1,0,1,0,0,0,0,0,0
2021,3,10,2,5,3,0,0,1,0,0,0,0,0,0,2,0
2020,7,17,2,1,5,0,1,1,0,0,0,0,0,0,1,0
2018,4,16,6,5,3,0,0,1,0,0,0,1,0,0,0,0
2018,8,14,7,8,1,0,0,1,0,0,0,0,0,0,0,1
2020,5,20,2,2,6,1,0,1,0,1,0,0,0,1,1,0
2019,4,19,3,5,3,0,0,1,0,0,0,0,0,0,0,0
2018,10,14,2,5,3,0,1,1,0,0,0,0,0,0,0,1
2019,9,17,4,5,2,0,0,1,0,1,0,0,0,0,0,0
2020,2,10,2,0,4,0,0,0,1,1,0,0,0,0,0,0
2019,2,11,7,5,2,0,1,1,0,0,0,0,0,0,0,0
2020,10,20,4,5,7,2,0,1,0,0,0,0,1,1,1,0
2019,4,18,2,5,2,0,0,1,0,0,0,0,0,0,0,0
2018,2,16,5,0,2,0,1,1,0,0,0,0,0,0,0,0
2018,5,14,2,2,7,0,1,1,0,0,0,0,0,0,0,0
2019,4,21,4,5,7,2,0,1,0,1,0,0,0,0,0,0
2019,3,21,6,0,7,2,1,0,0,0,0,0,1,0,0,1
2020,6,7,5,5,2,0,1,1,0,0,0,0,0,0,1,0
2018,4,14,2,5,2,0,0,1,0,0,0,0,0,0,0,0
2020,9,8,4,0,1,0,1,0,0,0,0,0,0,0,1,0
2020,8,11,2,0,2,0,0,0,0,0,1,1,0,0,1,0
2020,5,17,2,2,6,0,0,1,0,0,0,0,0,1,1,0
2020,6,16,7,6,2,0,0,1,1,0,0,0,1,0,1,0
2019,10,6,3,5,3,0,1,1,0,0,0,0,0,0,0,0
2018,11,9,7,5,7,0,1,0,0,0,0,0,0,0,0,0
2020,1,9,2,0,5,0,1,1,0,0,0,0,0,0,0,0
2019,5,11,3,0,6,0,1,0,0,0,0,1,0,0,0,0
2020,1,5,3,0,1,2,0,1,0,0,0,0,0,0,0,0
2019,11,16,5,6,4,1,0,1,1,0,0,0,1,0,0,0
2018,8,7,4,6,4,0,0,1,1,0,0,0,0,0,0,1
2018,9,7,6,5,3,0,1,1,0,0,0,0,0,0,0,0
2019,4,13,4,5,2,0,1,1,0,0,0,0,0,0,0,0
2019,12,17,3,5,2,2,1,1,0,0,0,0,1,0,0,0
2018,9,3,7,9,1,2,0,1,0,0,0,0,0,0,0,0
2019,8,6,3,5,2,1,1,0,0,0,0,1,0,0,0,0
2019,9,6,3,5,2,0,1,1,0,0,0,0,0,0,0,0
2021,5,17,3,2,2,0,0,1,0,0,0,0,0,1,2,0
2020,12,19,5,0,3,2,0,1,0,1,0,0,0,1,2,0
2020,6,15,7,5,2,0,1,1,0,0,0,0,1,0,1,0
2021,8,15,4,6,7,0,1,0,1,0,0,0,0,0,1,0
2020,1,2,3,9,1,2,0,0,0,0,1,0,1,0,0,1
2021,6,15,6,5,2,0,1,0,0,0,0,1,0,0,1,0
2018,7,9,7,5,2,0,0,1,0,1,0,0,0,0,0,0
2019,3,20,7,8,1,2,0,1,0,0,0,0,1,0,0,0
2021,5,10,7,6,7,0,0,0,1,0,0,1,0,1,2,0
2018,5,10,5,6,2,0,0,1,1,0,0,0,0,0,0,0
2019,6,12,7,1,7,0,0,1,0,0,0,0,0,0,0,0
2021,4,15,1,5,2,0,0,1,0,1,0,0,0,1,2,1
2021,5,12,2,5,3,0,1,1,0,0,0,0,0,1,2,0
2018,12,9,7,8,1,0,0,1,0,0,0,0,1,0,0,1
2019,9,16,5,0,5,0,0,1,0,1,0,0,0,0,0,0
2020,7,19,1,5,2,0,1,1,0,0,0,0,0,0,1,0
2018,6,17,3,5,2,0,0,1,0,0,0,0,0,0,0,0
2021,12,17,2,6,4,2,0,1,1,0,0,0,0,1,2,0
2019,10,18,1,2,6,2,0,1,0,0,0,0,0,0,0,0
2018,8,8,2,5,2,0,0,1,0,0,0,0,0,0,0,0
2018,5,10,3,5,2,0,0,1,0,0,0,0,0,0,0,0
2020,3,14,6,3,6,0,0,1,0,1,0,0,0,1,1,0
2020,7,13,6,2,2,0,0,1,0,1,0,1,0,0,1,0
2020,12,18,5,3,6,2,0,1,0,1,0,0,0,1,2,0
2021,4,11,6,5,3,0,1,1,0,0,0,0,0,1,2,0
2021,6,18,6,5,2,0,0,1,0,1,0,0,0,0,1,1
2019,5,15,2,6,7,0,0,0,1,1,0,0,0,0,0,0
2021,4,18,7,5,3,0,0,1,0,0,0,0,0,1,2,0
2019,7,16,2,5,2,0,1,1,0,0,0,0,1,0,0,0
2019,1,16,1,2,6,2,0,1,0,0,0,0,0,0,0,0
2020,9,17,2,5,2,0,1,1,0,0,0,0,0,0,1,0
2018,4,15,2,2,6,0,0,1,0,0,0,0,0,0,0,0
2020,5,15,6,4,6,0,1,1,0,0,0,0,0,1,1,0
2018,12,5,5,5,3,2,0,1,0,0,0,0,1,0,0,0
2018,5,12,3,6,7,0,1,0,1,0,0,0,0,0,0,0
2020,11,11,1,5,3,0,0,1,0,0,0,0,0,1,2,0
2018,4,17,7,2,6,0,0,1,0,0,0,0,0,0,0,1
2019,6,2,5,0,1,2,1,0,0,0,0,0,1,0,0,0
2021,7,12,3,2,6,0,0,1,0,0,0,1,0,0,1,0
2019,9,16,7,2,6,1,0,1,0,0,0,0,1,0,0,0
2020,3,12,3,5,7,0,0,1,0,0,0,1,0,1,1,0
2020,12,18,3,5,2,2,0,1,0,0,0,0,0,1,2,1
2021,9,19,1,5,2,1,0,1,0,1,0,0,0,0,1,1
2019,3,1,7,0,1,2,1,0,0,0,0,0,0,0,0,0
2020,7,20,4,0,5,0,1,1,0,0,0,0,0,0,1,0
2021,10,20,7,0,1,2,0,0,0,0,0,1,0,0,1,1
2018,6,15,7,1,5,0,1,1,0,0,0,0,0,0,0,0
2019,10,19,6,2,6,2,0,1,0,0,0,0,0,0,0,0
2019,9,15,7,1,5,1,0,1,0,0,0,0,1,0,0,0
2021,3,7,4,5,3,0,1,1,0,0,0,0,0,0,2,0
2020,9,8,6,2,6,0,0,1,0,0,0,0,1,0,1,0
2018,7,9,3,2,7,0,1,1,0,0,0,0,0,0,0,0
2019,4,15,5,5,3,0,1,1,0,0,0,0,0,0,0,1
2018,8,12,5,5,2,0,0,1,0,0,1,0,0,0,0,0
2018,6,4,7,5,3,1,1,1,0,0,0,0,0,0,0,0
2021,4,11,2,0,1,0,1,0,0,0,0,0,0,1,2,0
2019,6,13,6,5,3,0,1,1,0,0,0,0,0,0,0,0
2019,12,5,1,9,1,2,0,1,0,0,0,0,1,0,0,0
2020,8,9,5,3,7,0,1,0,0,0,0,0,0,0,1,0
2018,11,6,3,6,7,2,0,0,1,0,0,1,1,0,0,0
2021,1,16,5,5,3,1,1,1,0,0,0,0,0,1,2,0
2021,7,17,5,0,7,0,1,1,0,0,0,0,1,0,1,0
2019,8,7,4,3,6,0,0,1,0,0,1,0,0,0,0,0
2021,7,19,2,5,3,0,1,1,0,0,0,0,0,0,1,0
2019,8,11,7,2,6,0,1,1,0,0,0,0,0,0,0,0
2021,6,13,2,0,1,0,1,0,0,0,0,0,0,0,1,1
2020,7,9,6,6,2,0,0,1,1,0,0,0,0,0,1,0
2020,7,11,4,5,5,0,1,0,0,0,0,1,0,0,1,1
2019,2,17,4,2,6,1,0,1,0,0,0,0,0,0,0,0
2019,4,19,5,5,2,0,1,1,0,0,0,0,0,0,0,0
2020,7,11,6,5,3,0,0,1,0,1,0,0,0,0,1,0
2019,10,16,6,5,2,0,1,1,0,0,0,0,0,0,0,0
2019,7,12,3,3,6,0,1,1,0,0,0,0,0,0,0,0
2018,12,6,1,8,1,2,0,1,0,0,0,0,1,0,0,1
2019,1,15,6,5,3,1,1,1,0,0,0,0,1,0,0,0
2019,9,2,1,0,1,2,1,0,0,0,0,0,0,0,0,1
2019,1,10,2,5,3,0,0,1,0,0,0,0,1,0,0,0
2020,12,14,5,6,7,0,0,0,1,0,0,1,0,1,2,0
2020,10,8,2,5,2,0,1,1,0,0,0,0,1,1,1,0
2018,1,9,2,5,2,0,1,1,0,0,0,0,0,0,0,0
2021,6,19,3,3,2,0,0,1,0,0,0,0,0,0,1,0
2018,8,19,4,0,6,0,0,1,0,0,0,0,0,0,0,0
2020,8,14,4,1,5,0,0,1,0,1,0,0,1,0,1,0
2019,2,13,4,6,7,0,0,1,1,0,0,0,0,0,0,0
2021,5,15,3,6,2,0,0,1,1,0,0,0,0,1,2,0
2018,5,10,5,5,3,0,1,1,0,0,0,0,0,0,0,0
2019,8,15,6,5,2,0,1,0,0,0,0,1,0,0,0,1
2020,7,11,4,5,2,0,1,0,0,0,0,1,0,0,1,0
2018,5,16,5,4,1,0,0,1,0,0,0,0,0,0,0,0
2018,6,10,1,2,6,0,0,1,0,0,0,0,1,0,0,0
2019,6,14,2,5,2,0,1,1,0,0,0,0,0,0,0,0
2020,4,18,6,2,6,0,0,1,0,0,0,0,0,1,2,0
2021,1,14,4,5,2,0,0,1,0,0,0,0,0,1,2,0
2018,5,16,1,9,1,0,1,0,0,0,0,0,0,0,0,1
2018,3,12,7,2,6,0,0,1,0,0,0,0,0,0,0,0
2021,9,15,1,2,6,0,0,1,0,0,0,0,0,0,1,0
2021,6,15,4,2,6,0,0,1,0,0,0,0,0,0,1,0
2019,1,23,3,5,2,2,1,1,0,0,0,0,1,0,0,0
2020,1,14,7,5,3,0,1,0,0,0,0,0,1,0,0,1
2021,8,16,1,8,1,0,1,0,0,0,0,0,1,0,1,1
2019,5,16,3,0,1,0,0,0,0,1,0,0,0,0,0,0
2018,10,10,3,5,3,0,0,0,0,1,0,1,0,0,0,0
2021,4,12,6,5,3,0,1,1,0,0,0,0,0,1,2,0
2021,10,8,2,5,2,0,1,1,0,0,0,0,0,0,1,0
2021,6,18,5,0,7,0,1,0,0,0,0,0,0,0,1,0
2021,3,7,6,2,7,0,0,1,0,0,0,0,0,0,2,0
2021,5,8,3,5,3,0,1,1,0,0,0,0,0,1,2,0
2019,9,13,6,2,6,0,1,1,0,0,0,0,0,0,0,0
2019,11,15,6,1,5,0,0,1,0,0,1,0,0,0,0,0
2021,11,10,1,5,3,0,0,1,0,0,0,0,0,0,2,0
2018,12,18,4,0,1,2,0,0,0,1,0,0,1,0,0,0
2020,2,14,1,2,6,0,1,1,0,0,0,0,0,0,0,0
2020,3,8,4,0,5,0,1,1,0,0,0,0,0,1,1,0
2020,6,9,3,0,3,0,0,1,0,1,0,0,0,0,1,1
2018,4,4,4,5,3,2,0,1,0,0,0,1,0,0,0,0
2021,9,14,2,3,5,0,1,1,0,0,0,0,0,0,1,0
2021,10,21,1,5,2,2,1,1,0,0,0,0,1,0,1,0
2018,6,19,6,1,5,1,0,1,0,0,0,0,1,0,0,1
2018,1,10,5,5,2,0,0,0,0,0,1,1,2,0,0,0
2018,5,1,4,0,1,2,0,0,0,1,0,0,1,0,0,0
2019,4,8,4,2,6,0,0,1,0,0,0,0,0,0,0,0
2018,8,14,2,5,7,0,1,1,0,0,0,0,0,0,0,0
2020,4,17,2,5,3,0,1,1,0,0,0,0,0,1,2,0
2021,5,14,2,5,3,0,1,1,0,0,0,0,0,1,2,0
2018,4,17,2,2,6,0,0,1,0,0,0,0,0,0,0,0
2019,7,13,4,1,5,0,0,1,0,0,0,0,0,0,0,0
2021,10,23,7,6,7,2,0,1,1,0,0,0,0,0,1,0
2018,5,11,6,5,2,0,0,1,0,0,0,1,0,0,0,0
2020,6,10,4,5,2,0,1,1,0,0,0,0,0,0,1,1
2020,7,10,4,5,2,0,1,1,0,0,0,0,0,0,1,0
2020,7,22,1,0,7,2,0,1,0,1,0,0,1,0,1,0
2018,12,13,2,6,7,0,1,0,1,0,0,0,1,0,0,0
2019,2,10,6,6,2,0,0,1,1,0,0,0,0,0,0,0
2018,1,11,3,2,7,0,0,1,0,0,0,0,0,0,0,0
2020,7,15,2,0,3,0,0,1,0,0,0,1,0,0,1,0
2020,11,14,3,5,2,0,0,1,0,0,0,1,0,1,2,0
2020,7,20,5,5,2,0,0,1,0,1,0,0,0,0,1,0
2020,10,17,2,6,2,2,0,1,1,0,0,0,0,1,1,0
2020,9,17,4,5,7,0,0,1,0,1,0,0,0,0,1,0
2019,11,7,4,2,6,0,0,1,0,0,0,0,0,0,0,0
2020,9,18,2,1,5,0,1,1,0,0,0,0,0,0,1,0
2021,7,23,3,5,2,2,0,1,0,1,0,0,1,0,1,1
2020,4,17,7,2,6,0,0,1,0,0,0,1,0,1,2,0
2018,5,17,5,5,3,0,1,1,0,0,0,0,0,0,0,0
2020,8,13,4,2,7,0,0,1,0,0,0,1,0,0,1,0
2018,11,8,3,2,6,0,0,1,0,0,0,0,0,0,0,0
2019,7,22,6,5,3,2,0,1,0,0,0,0,0,0,0,0
2018,4,13,6,5,3,0,1,1,0,0,0,0,0,0,0,0
2019,2,16,4,0,4,1,0,0,1,0,0,1,1,0,0,0
2021,6,17,1,5,3,0,1,1,0,0,0,0,0,0,1,0
2018,1,23,7,5,7,2,1,1,0,0,0,0,0,0,0,0
2018,4,12,2,2,6,0,0,1,0,0,0,1,1,0,0,0
2018,1,8,5,0,2,1,0,1,0,0,0,1,0,0,0,0
2018,5,9,5,6,4,0,0,1,1,0,0,0,0,0,0,1
2018,5,17,2,5,3,0,1,1,0,0,0,0,0,0,0,1
2018,9,13,3,1,5,0,1,1,0,0,0,0,0,0,0,0
2018,12,20,1,5,3,2,0,1,0,0,0,0,1,0,0,0
2019,6,18,5,0,2,0,1,1,0,0,0,0,0,0,0,0
2021,1,20,3,6,2,2,0,1,1,0,0,0,1,1,2,0
2021,2,16,6,5,2,0,0,1,0,0,0,1,0,1,2,0
2018,3,12,3,6,2,0,0,1,1,0,0,0,0,0,0,0
2018,12,15,5,5,3,1,0,1,0,0,0,0,0,0,0,0
2019,5,6,5,2,7,0,0,1,0,1,0,0,0,0,0,1
2020,10,14,6,0,2,0,1,0,0,0,0,1,0,1,1,0
2021,12,19,5,2,6,2,0,1,0,0,0,0,1,1,2,0
2021,9,17,6,5,2,0,1,1,0,0,0,0,0,0,1,0
2021,10,9,5,6,2,0,0,0,1,1,0,0,0,0,1,1
2020,11,16,6,5,3,0,1,1,0,0,0,0,0,1,2,0
2018,6,10,6,0,2,0,0,1,0,0,0,1,0,0,0,0
2020,7,15,6,2,7,0,1,1,0,0,0,0,0,0,1,0
2020,6,15,3,1,7,0,0,1,0,0,0,1,0,0,1,0
2021,3,19,7,0,1,2,1,1,0,0,0,0,1,0,2,0
2021,10,13,4,5,2,0,1,1,0,0,0,0,0,0,1,0
2018,6,7,5,2,6,0,0,1,0,1,0,0,0,0,0,0
2020,9,19,7,2,6,1,0,1,0,0,0,0,1,0,1,0
2018,10,17,3,5,2,1,1,1,0,0,0,0,1,0,0,0
2021,12,23,1,9,1,2,0,1,0,0,1,0,1,1,2,1
2021,9,15,4,5,2,0,1,1,0,0,0,0,0,0,1,0
2019,6,8,3,5,2,0,1,0,0,0,0,0,0,0,0,0
2019,8,14,5,0,6,0,1,0,0,0,1,0,0,0,0,0
2018,10,14,3,5,3,0,1,1,0,0,0,0,1,0,0,0
2020,7,10,5,5,2,0,0,1,0,1,0,0,0,0,1,0
2018,9,9,2,1,5,0,1,1,0,0,0,1,0,0,0,0
2019,4,11,2,1,5,0,0,1,0,1,0,0,0,0,0,0
2019,10,17,1,4,6,0,1,0,0,0,0,0,0,0,0,0
2018,12,6,2,6,7,2,1,0,1,0,0,0,0,0,0,0
2021,8,8,4,5,2,0,1,1,0,0,0,0,0,0,1,1
2020,1,18,5,3,6,0,0,1,0,0,0,1,0,0,0,0
2018,10,8,2,5,3,0,0,1,0,1,0,0,0,0,0,0
2018,7,18,3,5,3,0,1,0,0,0,0,0,0,0,0,0
2021,7,19,5,2,6,0,0,1,0,1,0,0,0,0,1,1
2019,4,12,1,2,7,0,0,1,0,0,0,0,1,0,0,0
2019,4,15,2,5,3,0,1,0,0,0,0,1,0,0,0,0
2019,6,9,6,1,5,0,1,1,0,0,0,1,0,0,0,0
2019,8,13,6,2,6,0,0,1,0,0,0,0,0,0,0,0
2018,8,23,6,3,6,2,0,1,0,0,0,0,0,0,0,0
2018,8,18,6,5,3,0,1,1,0,0,0,0,0,0,0,0
2019,6,19,7,5,3,0,1,1,0,0,0,0,0,0,0,0
2020,2,15,7,6,4,0,0,1,1,0,0,0,1,0,0,0
2021,6,7,4,5,7,0,0,1,0,1,0,0,0,0,1,1
2021,3,18,5,5,7,0,0,1,0,0,0,1,0,0,2,0
2019,6,19,7,2,6,0,0,1,0,0,0,0,0,0,0,0
2020,8,17,4,5,2,0,1,0,0,0,0,1,0,0,1,0
2018,3,14,2,5,3,0,0,1,0,0,0,1,0,0,0,0
2019,5,15,4,0,6,0,1,1,0,0,0,0,0,0,0,0
2021,8,10,5,1,5,0,1,1,0,0,0,1,0,0,1,0
2020,10,13,5,5,2,0,1,0,0,1,0,0,0,1,1,0
2018,8,8,1,2,6,0,0,1,0,0,0,0,0,0,0,1
2020,7,9,3,2,6,0,1,1,0,0,0,0,0,0,1,0
2020,9,15,4,1,5,0,1,1,0,0,0,0,1,0,1,0
2020,3,19,3,6,2,2,0,1,1,0,0,0,1,1,1,1
2019,7,19,2,2,6,0,0,1,0,0,0,0,0,0,0,0
2020,1,17,7,5,3,2,1,0,0,0,0,1,0,0,0,0
2021,7,17,4,0,6,0,1,1,0,0,0,0,0,0,1,0
2018,10,15,6,2,6,0,0,1,0,0,0,0,0,0,0,0
2018,6,8,4,1,5,0,1,0,0,0,0,1,0,0,0,0
2020,12,18,2,2,6,2,0,1,0,0,0,0,0,1,2,0
2018,8,16,6,5,2,0,0,1,0,0,0,0,0,0,0,0
2020,11,15,3,5,3,0,1,1,0,0,0,0,1,1,2,0
2019,12,15,6,5,3,1,0,1,0,0,0,0,1,0,0,1
2019,4,17,4,5,3,0,1,1,0,0,0,0,0,0,0,0
2019,4,12,3,2,6,0,0,1,0,0,0,0,0,0,0,0
2020,7,8,2,5,7,0,1,1,0,0,0,0,0,0,1,0
2020,11,13,6,5,3,0,0,1,0,0,0,0,0,1,2,0
2021,4,12,4,0,1,0,0,0,0,1,0,0,0,1,2,0
2020,3,10,3,5,3,0,1,1,0,0,0,0,1,1,1,0
2020,4,16,3,6,2,0,0,1,1,0,0,0,0,1,2,0
2020,10,14,7,5,3,0,1,1,0,0,0,0,0,1,1,0
2018,7,12,2,6,7,0,0,1,1,0,0,0,0,0,0,0
2020,9,11,6,2,6,0,0,1,0,0,0,1,0,0,1,0
2018,11,8,4,5,2,0,0,1,0,1,0,0,0,0,0,1
2018,10,7,3,4,6,0,1,0,0,0,0,0,0,0,0,0
2018,3,19,3,5,3,2,1,0,0,0,0,1,1,0,0,0
2019,9,0,4,5,3,2,0,1,0,0,0,0,0,0,0,0
2018,5,16,2,3,6,0,0,1,0,1,0,0,0,0,0,0
2018,3,11,5,5,2,0,0,1,0,0,0,0,1,0,0,1
2018,10,18,4,6,4,1,0,1,1,0,0,0,0,0,0,1
2018,10,14,4,2,6,0,0,1,0,0,0,0,0,0,0,0
2021,2,16,1,5,2,0,0,1,0,1,0,0,0,1,2,1
2018,1,6,3,6,7,2,1,0,1,0,0,0,0,0,0,0
2020,2,18,7,0,5,2,0,1,0,0,0,1,0,0,0,0
2019,11,18,6,1,5,2,1,1,0,0,0,1,1,0,0,0
2020,8,9,5,0,5,0,0,0,0,1,0,1,0,0,1,0
2018,6,13,1,2,6,0,0,1,0,0,0,0,0,0,0,0
2021,8,20,2,3,6,0,0,1,0,1,0,0,0,0,1,1
2020,11,8,3,5,2,0,1,1,0,0,0,0,0,1,2,0
2018,8,12,4,2,6,0,0,1,0,0,0,0,0,0,0,1
2019,2,15,3,3,6,0,1,1,0,0,0,0,0,0,0,0
2019,5,16,2,2,2,0,0,1,0,0,0,1,0,0,0,0
2021,4,7,2,3,6,0,1,0,0,0,0,1,0,1,2,0
2019,9,16,4,5,3,0,1,1,0,0,0,0,0,0,0,0
2020,1,18,5,1,5,2,1,1,0,0,0,0,1,0,0,0
2020,9,14,6,5,3,0,0,1,0,1,0,0,0,0,1,0
2019,1,9,6,2,6,0,0,1,0,0,0,0,1,0,0,0
2018,10,13,4,2,6,0,0,1,0,0,1,0,0,0,0,0
2020,5,14,4,6,4,0,0,1,1,0,0,0,0,1,1,0
2021,12,6,2,5,2,2,0,1,0,0,0,0,1,1,2,0
2021,10,23,3,5,3,2,0,1,0,0,0,0,0,0,1,1
2019,10,15,2,2,6,0,0,1,0,0,0,0,0,0,0,0
2021,5,17,4,5,3,0,1,1,0,0,0,0,0,1,2,0
2018,8,14,4,0,2,0,0,1,0,0,0,1,0,0,0,0
2020,7,16,4,5,2,0,1,1,0,0,0,0,1,0,1,0
2021,2,12,7,4,6,0,0,1,0,0,0,0,0,1,2,1
2018,7,9,2,6,2,0,0,1,1,0,0,0,0,0,0,1
2019,5,15,6,5,3,0,0,1,0,0,0,0,0,0,0,0
2018,2,16,2,5,3,0,1,1,0,0,0,0,0,0,0,1
2020,7,16,5,2,2,0,0,1,0,0,0,0,0,0,1,0
2018,5,7,4,6,4,0,0,1,1,0,0,0,0,0,0,1
2020,9,14,6,6,4,0,0,1,1,0,0,0,0,0,1,1
2020,1,8,2,6,4,0,0,1,1,0,0,0,0,0,0,0
2020,8,6,4,5,2,0,1,1,0,0,0,0,1,0,1,0
2021,6,19,3,2,6,0,0,1,0,0,0,0,0,0,1,0
2019,5,18,3,5,2,0,0,1,0,1,0,0,0,0,0,0
2019,5,10,5,0,2,0,0,1,0,0,0,1,1,0,0,0
2020,10,17,4,5,2,1,1,1,0,0,0,0,0,1,1,0
2021,5,13,3,2,6,0,0,1,0,1,0,0,0,1,2,0
2021,8,10,6,1,5,0,1,1,0,0,0,0,0,0,1,0
2018,11,12,6,5,2,0,0,1,0,0,0,1,1,0,0,0
2020,6,8,6,5,3,0,1,1,0,0,0,0,0,0,1,0
2021,1,0,5,0,7,2,0,1,0,0,0,0,1,1,2,1
2018,1,11,5,5,2,0,1,0,0,0,0,1,1,0,0,0
2020,10,14,3,4,6,0,1,0,0,0,0,0,0,1,1,0
2018,7,13,4,0,1,0,1,0,0,0,0,0,0,0,0,0
2021,9,18,6,5,2,0,1,1,0,0,0,0,0,0,1,0
2020,9,8,4,4,6,0,1,0,0,0,0,0,0,0,1,0
2020,7,14,1,5,3,0,1,1,0,0,0,0,0,0,1,0
2021,8,5,5,5,3,0,1,1,0,0,0,0,0,0,1,0
2018,3,20,5,6,2,2,0,1,1,0,0,0,0,0,0,0
2018,7,13,1,4,6,0,1,0,0,0,0,0,0,0,0,0
2019,2,18,6,5,2,1,0,1,0,0,0,1,0,0,0,0
2021,9,18,5,1,7,0,0,1,0,0,0,0,0,0,1,0
2018,5,11,5,0,1,0,1,0,0,0,0,0,0,0,0,0
2018,9,18,3,5,2,1,1,1,0,0,0,0,0,0,0,0
2021,5,9,2,5,2,0,0,1,0,0,0,1,0,1,2,0
2018,1,7,5,6,4,1,0,0,1,0,0,1,1,0,0,1
2021,4,14,4,2,6,0,0,1,0,1,0,1,0,1,2,0
2021,8,17,6,5,2,0,1,1,0,0,0,0,0,0,1,0
2018,7,9,5,5,2,0,1,1,0,0,0,0,0,0,0,0
2018,6,13,5,5,2,0,0,1,0,1,0,0,0,0,0,0
2020,9,16,3,2,6,0,0,1,0,0,0,0,0,0,1,0
2018,12,17,2,2,6,2,0,1,0,0,0,1,0,0,0,0
2019,7,20,7,5,2,1,1,1,0,0,0,0,0,0,0,0
2019,10,15,3,2,6,0,0,1,0,0,0,0,0,0,0,0
2019,12,17,6,6,4,2,0,1,1,0,0,0,1,0,0,0
2021,2,6,2,5,7,2,1,1,0,0,0,0,0,1,2,0
2021,6,17,4,2,6,0,0,1,0,0,0,0,0,0,1,0
2018,1,17,5,6,4,2,0,1,1,0,0,0,1,0,0,1
2019,3,10,3,5,3,0,0,1,0,0,0,0,0,0,0,0
2020,5,15,3,5,2,0,1,1,0,0,0,0,1,1,1,0
2018,4,16,7,1,5,0,0,1,0,1,0,0,0,0,0,0
2021,2,15,6,6,2,0,0,1,1,0,0,0,0,1,2,0
2021,10,14,5,2,6,0,0,1,0,0,0,0,1,0,1,0
2020,6,17,5,6,4,0,0,1,1,0,0,0,0,0,1,0
2019,10,16,2,4,2,0,1,0,0,0,0,0,0,0,0,0
2021,11,9,2,0,3,0,1,1,0,0,0,0,0,0,2,0
2020,9,23,7,5,2,2,1,1,0,0,0,0,0,0,1,1
2018,9,10,2,2,6,0,0,1,0,0,0,0,0,0,0,0
2020,11,18,5,2,6,2,0,1,0,0,0,0,1,1,2,0
2021,7,20,5,3,6,1,0,1,0,1,0,0,0,0,1,0
2020,2,7,4,1,7,0,0,1,1,0,0,0,1,0,0,0
2019,5,8,5,2,6,0,0,1,0,0,0,0,0,0,0,0
2021,7,11,3,5,3,0,1,1,0,0,0,0,0,0,1,0
2021,10,13,4,3,6,0,0,1,0,0,1,0,0,0,1,0