UJAHR,UMONAT,USTUNDE,UWOCHENTAG,UART,UTYP1,ULICHTVERH,IstRad,IstPKW,IstFuss,IstKrad,IstGkfz,IstSonstige,USTRZUSTAND,LOCKDOWN,COVID,UKATEGORIE
2018,5,16,4,5,3,0,1,1,0,0,0,0,0,0,0,0
2020,6,10,2,5,3,0,1,1,0,0,0,0,0,0,1,0
2019,6,8,5,5,2,0,1,1,0,0,0,0,1,0,0,1
2018,10,13,7,2,6,0,0,1,0,0,0,1,0,0,0,0
2021,9,7,5,0,5,0,1,1,0,0,0,0,0,0,1,0
2018,5,5,2,5,2,0,1,1,0,0,0,0,0,0,0,0
2019,6,14,4,5,3,0,0,1,0,0,0,0,0,0,0,0
2020,6,16,2,5,2,0,0,1,0,1,0,0,0,0,1,0
2021,12,4,7,3,6,2,1,1,0,0,0,0,1,1,2,0
2019,1,15,6,5,3,1,1,1,0,0,0,0,1,0,0,0
2021,3,20,3,3,6,2,0,1,0,1,0,0,0,0,2,0
2019,5,13,3,5,2,0,0,1,0,0,0,0,0,0,0,0
2019,9,6,5,0,1,0,0,0,0,1,0,0,1,0,0,0
2021,6,7,2,6,4,0,0,1,1,0,0,0,0,0,1,0
2019,9,19,7,0,7,2,1,0,0,0,0,0,0,0,0,1
2019,6,15,3,2,6,0,0,1,0,0,0,0,0,0,0,0
2019,7,12,2,5,3,0,0,1,0,0,0,0,0,0,0,0
2018,8,16,3,5,3,0,0,1,0,1,0,0,0,0,0,1
2019,4,7,5,6,4,0,0,1,1,0,0,0,0,0,0,0
2020,12,17,4,6,4,1,1,0,1,0,0,0,1,1,2,0
2021,11,7,3,6,4,0,0,1,1,0,0,0,1,0,2,0
2019,3,10,1,5,2,0,1,1,0,0,0,0,0,0,0,0
2020,10,9,5,0,7,0,1,0,0,0,0,1,0,1,1,0
2019,4,11,2,0,1,0,0,0,0,1,0,0,0,0,0,1
2019,1,13,4,2,6,0,0,1,0,0,0,0,0,0,0,0
2020,10,9,4,5,3,0,0,1,0,0,0,1,0,1,1,0
2018,12,10,6,5,3,0,0,1,0,0,0,0,0,0,0,0
2020,12,16,3,6,4,2,0,1,1,0,0,0,1,1,2,0
2019,9,12,6,2,6,0,0,1,0,0,0,1,0,0,0,0
2019,11,20,7,4,6,2,0,1,0,0,0,0,0,0,0,1
2019,5,18,2,2,6,0,0,1,0,0,0,1,1,0,0,0
2018,8,15,2,6,2,0,0,1,1,0,0,0,0,0,0,0
2021,9,10,2,6,7,0,1,0,1,0,0,0,0,0,1,0
2021,4,13,7,2,6,0,0,1,0,0,0,0,0,1,2,0
2020,9,10,2,2,7,0,0,1,0,0,0,0,0,0,1,0
2020,7,14,2,5,7,0,0,1,0,1,0,0,0,0,1,0
2020,10,15,7,5,3,0,0,1,0,0,0,0,0,1,1,0
2020,4,9,5,2,1,0,0,1,0,0,0,0,0,1,2,0
2019,6,10,3,3,6,0,0,1,0,1,0,0,0,0,0,0
2018,8,9,6,6,7,0,0,0,1,0,0,1,0,0,0,1
2020,11,13,5,2,7,0,0,1,0,0,0,1,0,1,2,0
2019,10,7,2,5,2,0,1,1,0,0,0,0,0,0,0,0
2018,4,18,2,3,6,0,1,0,0,0,0,0,0,0,0,0
2021,5,23,7,1,5,2,1,1,0,0,0,0,0,1,2,0
2019,2,14,7,5,3,0,1,0,0,0,0,1,0,0,0,0
2018,10,5,1,1,1,2,0,1,0,0,0,0,0,0,0,0
2020,12,8,4,5,3,0,0,1,0,0,0,0,0,1,2,0
2019,7,7,4,0,1,0,1,0,0,0,0,0,0,0,0,0
2019,8,17,6,2,6,0,0,1,0,0,0,0,1,0,0,0
2018,5,7,6,3,6,0,1,1,0,0,1,0,0,0,0,1
2020,3,11,5,2,2,0,0,1,0,1,0,0,0,1,1,0
2019,4,11,3,2,6,0,0,1,0,1,0,0,0,0,0,0
2021,3,17,2,5,3,0,0,1,0,1,0,0,0,0,2,0
2018,6,7,6,5,3,0,1,1,0,0,0,0,0,0,0,0
2018,5,17,3,0,7,0,1,0,0,0,0,0,0,0,0,0
2021,10,9,6,5,3,0,1,1,0,0,0,0,0,0,1,0
2019,5,10,4,2,6,0,0,1,0,0,0,0,0,0,0,0
2021,5,1,2,0,6,2,0,1,0,0,0,1,0,1,2,0
2021,12,15,2,6,2,1,0,1,1,0,0,0,1,1,2,0
2018,4,17,5,3,2,0,1,1,0,0,0,0,0,0,0,0
2019,8,10,2,5,3,0,1,1,0,0,0,0,0,0,0,0
2019,1,19,5,6,4,2,0,1,1,0,0,0,0,0,0,0
2020,7,11,6,2,6,0,0,1,0,0,0,0,0,0,1,0
2020,7,18,2,2,6,0,0,1,0,0,0,0,0,0,1,0
2018,8,10,4,5,2,0,1,1,0,0,0,0,0,0,0,0
2021,5,13,7,5,2,0,1,1,0,0,0,0,0,1,2,1
2020,7,16,4,6,4,0,1,0,1,0,0,0,1,0,1,0
2019,5,19,3,5,2,0,1,1,0,0,0,0,0,0,0,0
2019,3,13,2,0,4,0,0,0,1,0,0,1,1,0,0,1
2018,12,10,3,5,3,0,1,1,0,0,0,0,1,0,0,0
2018,2,16,3,1,5,0,1,1,0,0,0,1,0,0,0,0
2019,10,15,4,5,3,0,1,1,0,0,0,0,0,0,0,0
2021,10,7,5,5,3,0,1,0,0,0,0,1,1,0,1,0
2021,12,7,2,6,2,1,0,1,1,0,0,0,1,1,2,0
2019,8,19,4,1,1,0,0,1,0,1,0,0,0,0,0,1
2020,8,18,3,1,5,0,1,1,0,0,0,0,0,0,1,0
2021,3,12,3,0,7,0,0,1,0,0,0,0,0,0,2,0
2021,4,10,6,5,3,0,1,0,0,1,0,0,0,1,2,0
2020,7,23,5,9,1,2,0,1,0,0,0,0,1,0,1,0
2018,5,14,3,6,4,0,0,1,1,0,0,0,0,0,0,1
2021,5,8,6,5,3,0,1,1,0,0,0,0,1,1,2,0
2018,11,16,4,2,7,1,0,1,0,1,0,0,0,0,0,0
2019,5,22,5,5,7,2,1,1,0,0,0,0,0,0,0,0
2018,12,14,1,6,7,0,0,0,1,0,0,1,0,0,0,0
2018,10,9,6,5,3,0,0,1,0,1,0,0,0,0,0,1
2021,6,10,3,5,3,0,1,1,0,0,0,0,0,0,1,0
2018,7,20,2,1,5,0,0,1,0,1,0,0,0,0,0,0
2018,4,11,5,2,6,0,0,1,0,1,0,0,0,0,0,1
2019,6,20,3,2,6,0,0,1,0,0,0,0,0,0,0,0
2018,4,15,3,0,1,0,0,0,0,1,0,0,1,0,0,0
2020,9,17,2,2,6,0,0,1,0,0,0,1,0,0,1,0
2019,3,17,5,6,2,0,0,1,1,0,0,0,1,0,0,0
2018,1,18,3,5,3,2,1,1,0,0,0,0,1,0,0,0
2018,12,0,1,5,3,2,0,1,0,0,0,0,0,0,0,0
2021,1,17,3,6,2,2,0,1,1,0,0,0,1,1,2,0
2019,7,18,3,5,2,0,1,1,0,0,0,0,0,0,0,0
2020,1,18,6,5,7,2,0,1,0,0,0,0,0,0,0,0
2018,7,21,5,2,6,1,0,1,0,0,0,0,0,0,0,0
2021,3,13,4,5,2,0,1,1,0,0,0,0,0,0,2,0
2018,2,17,7,8,1,1,0,1,0,0,0,0,0,0,0,0
2021,9,15,4,2,1,0,0,1,0,1,0,0,1,0,1,0
2021,10,17,4,0,1,0,1,0,0,0,0,0,0,0,1,0
2021,7,19,3,0,1,0,1,0,0,0,0,0,0,0,1,1
2018,2,0,3,5,3,2,1,1,0,0,0,0,0,0,0,1
2018,10,10,6,5,3,0,0,1,0,0,0,0,0,0,0,0
2018,8,3,1,0,3,2,1,1,0,0,0,0,0,0,0,0
2019,6,1,7,5,3,2,0,1,0,0,0,0,0,0,0,0
2019,1,18,5,5,3,1,1,1,0,0,0,0,1,0,0,0
2020,6,21,2,5,3,1,1,1,0,0,0,0,0,0,1,0
2021,5,19,6,5,3,0,0,1,0,0,0,0,1,1,2,0
2021,8,7,6,5,2,0,0,1,0,0,0,0,0,0,1,0
2021,9,15,1,0,6,0,1,1,0,0,0,0,0,0,1,0
2021,1,18,3,5,2,2,0,1,0,0,0,0,0,1,2,1
2018,3,13,4,2,6,0,0,1,0,0,0,1,0,0,0,0
2020,6,15,6,5,7,0,1,1,0,0,0,1,0,0,1,0
2020,9,11,2,1,5,0,0,1,0,0,0,0,0,0,1,0
2019,1,2,1,9,1,2,0,1,0,0,0,0,2,0,0,0
2019,10,12,4,6,7,0,0,1,1,0,0,0,0,0,0,0
2021,12,18,1,0,7,2,0,1,0,0,0,0,1,1,2,0
2021,9,16,2,3,6,0,0,1,0,1,0,0,0,0,1,0
2019,11,18,2,5,2,1,1,1,0,0,0,0,1,0,0,0
2020,7,12,3,3,6,0,1,1,0,0,0,0,0,0,1,0
2021,1,16,1,0,5,2,1,1,0,0,0,0,1,1,2,0
2020,3,15,1,3,6,0,0,1,0,0,0,0,0,1,1,0
2019,9,17,3,5,3,0,1,1,0,0,0,0,0,0,0,0
2019,5,12,2,5,5,0,1,1,0,0,0,0,0,0,0,0
2019,7,12,7,3,6,0,0,1,0,1,0,0,0,0,0,0
2021,3,12,4,5,2,0,1,1,0,0,0,0,0,0,2,0
2019,9,16,2,5,3,0,0,1,0,0,0,1,0,0,0,0
2019,1,22,7,6,7,2,0,1,1,0,0,0,1,0,0,0
2019,10,19,3,5,3,2,0,1,0,0,0,0,0,0,0,0
2018,4,8,4,0,1,0,0,0,0,1,0,0,1,0,0,0
2018,3,14,5,9,1,0,0,0,0,1,0,0,0,0,0,1
2018,1,19,4,3,6,2,0,1,0,0,0,0,1,0,0,0
2021,9,18,4,3,6,0,1,1,0,0,0,0,0,0,1,0
2020,6,16,4,0,1,0,0,0,0,1,0,0,0,0,1,0
2021,11,22,4,3,2,2,0,1,0,0,0,0,0,0,2,0
2019,9,17,4,5,2,0,1,1,0,0,0,0,0,0,0,0
2018,8,12,6,5,2,0,1,1,0,0,0,0,0,0,0,1
2020,12,11,2,2,6,0,0,1,0,0,0,0,1,1,2,0
2019,3,7,4,5,3,0,1,1,0,0,0,0,0,0,0,0
2018,12,12,6,5,2,0,0,1,0,0,0,1,1,0,0,0
2021,6,7,5,2,2,0,0,1,0,0,0,1,0,0,1,0
2020,2,11,6,1,7,0,0,1,0,0,0,0,0,0,0,0
2019,9,14,2,1,1,0,1,1,0,0,0,0,0,0,0,0
2020,1,7,2,0,6,1,0,1,0,0,0,1,1,0,0,0
2020,10,15,7,5,2,0,1,1,0,0,0,0,0,1,1,0
2019,9,18,6,2,6,0,0,1,0,0,0,0,0,0,0,0
2018,5,17,3,5,3,0,1,1,0,0,0,0,0,0,0,0
2020,2,7,4,2,6,0,0,1,0,0,0,0,1,0,0,0
2020,7,13,3,5,3,0,0,1,0,0,0,0,0,0,1,1
2019,12,16,6,0,6,2,0,1,0,0,0,1,0,0,0,0
2018,10,7,4,5,3,1,0,1,0,0,0,0,1,0,0,1
2019,1,14,2,0,2,1,1,1,0,0,0,0,0,0,0,0
2019,3,19,7,6,2,2,0,1,1,0,0,0,1,0,0,0
2021,3,16,1,6,4,0,0,1,1,0,0,0,0,0,2,1
2019,10,0,7,5,2,2,1,1,0,0,0,0,0,0,0,1
2018,10,7,2,5,3,0,1,1,0,0,0,0,0,0,0,0
2021,3,14,5,5,3,0,0,1,0,0,0,0,0,0,2,0
2019,7,12,2,3,6,0,1,0,0,0,1,0,0,0,0,0
2021,1,16,5,5,2,1,1,0,0,0,0,1,0,1,2,0
2019,11,16,2,5,3,2,0,1,0,1,0,0,0,0,0,0
2021,11,8,5,2,6,0,0,1,0,0,0,0,0,0,2,0
2021,3,7,6,5,3,0,0,1,0,0,0,0,0,0,2,0
2020,5,12,6,2,6,0,0,1,0,0,0,0,0,1,1,0
2018,11,16,2,2,6,2,0,1,0,0,0,0,0,0,0,0
2018,6,11,3,5,3,0,1,1,0,0,0,0,0,0,0,0
2020,11,18,1,5,2,2,0,1,0,1,0,0,0,1,2,1
2021,11,13,2,5,3,0,0,1,0,0,0,0,1,0,2,0
2019,3,16,7,5,7,0,0,1,0,0,0,0,0,0,0,0
2018,10,17,6,1,5,0,0,1,0,0,0,0,0,0,0,0
2020,8,9,5,2,6,0,0,1,0,0,0,0,0,0,1,0
2020,10,11,4,5,2,0,1,1,0,0,0,0,0,1,1,0
2019,11,8,5,2,6,0,0,1,0,0,0,0,1,0,0,0
2019,5,10,7,5,2,0,0,1,0,0,0,0,0,0,0,0
2018,11,17,1,0,1,1,0,0,0,1,0,0,1,0,0,1
2021,7,11,2,5,2,0,0,1,0,0,0,0,0,0,1,0
2018,2,7,4,2,2,0,0,1,0,0,0,1,0,0,0,0
2019,7,6,3,3,6,0,0,1,0,0,0,0,0,0,0,1
2019,9,12,7,2,6,0,0,1,0,0,0,0,0,0,0,0
2021,2,18,3,5,3,2,0,1,0,0,0,0,0,1,2,0
2021,9,13,6,5,2,0,1,1,0,0,0,0,0,0,1,0
2021,9,22,3,8,1,2,0,1,0,0,0,0,1,0,1,1
2021,4,13,3,5,7,0,0,1,0,1,0,0,0,1,2,0
2021,9,13,6,6,4,0,0,1,1,0,0,0,0,0,1,1
2021,8,18,4,5,3,0,1,0,0,1,0,0,0,0,1,0
2021,10,14,5,5,3,0,1,1,0,0,0,0,1,0,1,0
2021,9,6,2,2,6,1,0,1,0,0,0,0,0,0,1,0
2021,9,14,3,5,2,0,1,1,0,0,0,0,0,0,1,0
2021,8,18,5,2,2,0,0,1,0,1,0,0,0,0,1,0
2020,8,8,2,3,6,0,0,0,0,0,0,1,0,0,1,0
2018,8,10,4,0,1,0,0,0,0,1,0,0,0,0,0,0
2019,8,14,6,2,6,0,0,1,0,0,0,0,0,0,0,0
2018,5,6,4,2,6,0,0,1,0,0,0,0,0,0,0,0
2019,10,8,3,2,6,0,0,1,0,1,0,0,0,0,0,0
2021,5,13,3,2,6,0,0,1,0,0,0,0,1,1,2,0
2020,1,13,7,5,3,0,0,1,0,0,0,0,0,0,0,0
2020,10,7,4,5,7,0,0,1,0,0,0,1,1,1,1,0
2018,2,7,3,6,7,0,0,1,1,0,0,0,0,0,0,1
2020,11,12,4,6,4,0,0,1,1,0,0,0,0,1,2,0
2020,4,20,1,0,7,2,0,0,0,1,0,0,1,1,2,1
2018,6,20,5,0,1,0,0,0,0,1,0,0,0,0,0,0
2019,1,7,5,6,2,2,0,1,1,0,0,0,1,0,0,0
2020,3,0,7,0,1,2,0,0,0,0,0,1,1,1,1,0
2021,3,14,6,2,2,0,0,1,0,0,0,0,0,0,2,0
2019,5,13,6,6,2,0,0,1,1,0,0,0,0,0,0,0
2021,11,18,5,5,2,1,1,1,0,0,0,0,1,0,2,0
2018,6,14,5,0,1,0,0,0,0,1,0,0,1,0,0,0
2018,5,13,7,3,6,0,0,1,0,1,0,0,0,0,0,0
2021,12,18,4,5,3,2,0,1,0,0,0,0,0,1,2,0
2020,6,16,2,1,6,0,1,1,0,0,0,0,0,0,1,0
2018,3,21,3,3,6,2,1,1,0,0,0,0,0,0,0,0
2020,6,10,3,5,2,0,1,0,0,0,0,1,0,0,1,0
2019,3,15,7,2,6,0,0,1,0,0,0,0,1,0,0,0
2020,2,15,3,5,2,0,0,1,0,0,0,0,0,0,0,0
2021,10,18,7,1,5,2,0,1,0,0,0,1,0,0,1,0
2018,4,7,2,5,3,0,0,1,0,0,0,1,1,0,0,0
2018,4,16,2,5,3,0,1,1,0,0,0,0,0,0,0,0
2018,11,17,1,5,3,1,0,1,0,0,0,0,0,0,0,0
2020,12,8,4,5,3,0,1,1,0,0,0,0,0,1,2,0
2021,3,10,4,5,3,0,0,1,0,0,0,0,0,0,2,0
2018,6,16,6,0,1,0,0,0,0,1,0,0,0,0,0,1
2020,9,7,3,1,5,0,0,1,0,0,0,0,0,0,1,0
2019,7,9,4,3,6,0,0,1,0,1,0,0,0,0,0,0
2018,6,20,7,5,3,0,1,1,0,0,0,0,0,0,0,0
2019,9,15,2,2,6,0,0,1,0,0,0,0,0,0,0,0
2019,7,6,6,3,6,0,1,0,0,0,0,1,0,0,0,0
2019,5,6,5,6,2,0,0,1,1,0,0,0,1,0,0,0
2019,9,17,3,5,3,1,0,1,0,1,0,0,1,0,0,0
2018,5,7,2,2,6,0,0,1,0,0,0,0,0,0,0,1
2018,4,15,3,5,3,0,0,1,0,1,0,0,0,0,0,1
2018,2,10,4,5,3,0,0,1,0,0,0,0,1,0,0,0
2021,5,17,6,5,3,0,0,1,0,0,0,0,0,1,2,0
2018,10,18,3,0,1,1,0,0,0,1,0,0,0,0,0,0
2018,11,10,2,5,3,0,1,1,0,0,0,0,0,0,0,0
2021,9,7,4,5,3,0,1,1,0,0,0,0,0,0,1,0
2018,9,11,3,5,3,0,1,0,0,0,0,0,0,0,0,0
2019,9,12,3,0,3,0,1,1,0,0,0,0,0,0,0,0
2018,4,22,1,5,3,2,0,1,0,0,0,0,0,0,0,0
2020,7,23,1,0,1,2,1,0,0,0,0,0,1,0,1,0
2018,2,13,7,5,7,0,0,1,0,0,0,0,0,0,0,0
2021,6,16,4,2,6,0,0,1,0,0,0,0,1,0,1,0
2020,9,13,4,0,1,0,1,0,0,0,0,0,0,0,1,0
2019,5,12,6,2,6,0,0,1,0,0,0,0,0,0,0,0
2020,7,13,3,5,3,0,0,1,0,0,0,0,0,0,1,1
2021,5,17,4,5,3,0,1,1,0,0,0,0,0,1,2,1
2019,1,20,4,5,3,2,1,0,0,0,0,1,0,0,0,0
2018,6,11,3,1,5,0,1,1,0,0,0,0,0,0,0,0
2021,7,16,2,7,7,0,0,0,0,1,0,0,0,0,1,1
2021,9,11,5,5,3,0,0,1,0,1,0,0,0,0,1,1
2018,11,16,3,3,6,1,0,1,0,0,1,0,1,0,0,0
2021,11,16,4,6,4,1,0,0,1,0,0,1,0,0,2,0
2020,8,14,5,2,6,0,0,1,0,0,0,1,0,0,1,0
2021,5,8,6,5,2,0,1,0,0,0,0,1,0,1,2,0
2020,8,11,7,5,3,0,1,1,0,0,0,0,0,0,1,0
2018,3,17,6,6,4,0,0,1,1,0,0,0,0,0,0,0
2021,8,10,5,5,2,0,1,0,0,0,0,1,0,0,1,1
2021,8,22,6,6,4,2,0,1,1,0,0,0,0,0,1,0
2020,12,2,3,0,1,2,0,0,0,1,0,0,1,1,2,0
2019,10,17,3,0,3,2,0,1,0,1,0,1,0,0,0,0
2019,6,21,7,2,6,1,0,1,0,1,0,0,0,0,0,0
2020,1,9,3,2,6,0,0,1,0,0,0,0,0,0,0,0
2021,8,19,3,1,5,1,1,1,0,0,0,0,0,0,1,0
2019,6,12,7,3,6,0,1,1,0,0,0,0,0,0,0,0
2021,11,10,4,1,5,0,1,1,0,0,0,0,0,0,2,0
2019,5,0,6,0,1,2,1,0,0,0,0,0,1,0,0,0
2020,9,12,4,3,6,0,0,0,0,1,0,1,0,0,1,0
2021,1,7,5,5,3,2,1,1,0,0,0,0,1,1,2,0
2021,7,20,4,7,7,0,0,0,0,1,0,0,0,0,1,0
2019,5,18,5,5,3,0,0,1,0,0,0,0,0,0,0,0
2018,11,17,4,5,2,2,0,1,0,1,0,0,0,0,0,0
2020,10,17,4,2,6,2,0,1,0,0,0,0,1,1,1,0
2021,5,17,3,3,6,0,0,1,0,0,0,1,0,1,2,0
2021,10,10,7,6,4,0,0,1,1,0,0,0,0,0,1,1
2019,10,19,5,1,5,2,1,0,0,0,0,1,0,0,0,0
2020,11,10,5,6,4,0,0,1,1,0,0,0,0,1,2,0
2020,8,16,4,5,3,0,0,1,0,0,0,0,0,0,1,0
2019,4,15,5,2,2,0,1,0,0,1,0,0,0,0,0,1
2019,10,17,3,5,2,0,1,1,0,0,0,0,0,0,0,0
2018,6,14,5,1,5,0,1,0,0,0,0,1,0,0,0,0
2019,12,10,1,2,6,0,0,1,0,0,0,0,0,0,0,0
2018,2,21,6,5,3,2,1,1,0,0,0,0,0,0,0,0
2020,12,15,7,5,3,1,0,1,0,1,0,0,1,1,2,0
2020,9,14,3,5,2,0,1,1,0,0,0,0,0,0,1,0
2018,10,11,6,4,6,0,1,0,0,0,0,0,0,0,0,0
2018,9,12,1,2,6,0,0,1,0,0,0,1,0,0,0,0
2020,11,12,3,1,5,0,1,1,0,0,0,0,0,1,2,0
2020,2,17,2,0,2,1,0,0,1,0,0,1,1,0,0,0
2018,11,9,6,5,2,0,0,1,0,0,0,0,0,0,0,0
2019,5,7,4,6,4,0,0,1,1,0,0,0,0,0,0,0
2020,8,13,6,1,5,0,1,1,0,0,0,0,0,0,1,0
2018,2,19,3,1,5,2,0,1,0,0,0,0,0,0,0,0
2018,8,20,4,6,4,2,0,1,1,0,0,0,0,0,0,1
2019,1,17,3,6,4,2,0,1,1,0,0,0,1,0,0,1
2020,6,11,7,6,4,0,1,1,1,0,0,0,0,0,1,0
2019,6,17,3,5,3,0,0,1,0,0,0,1,0,0,0,0
2018,12,10,4,6,7,0,0,1,1,0,0,0,0,0,0,0
2019,10,6,5,0,1,2,0,0,0,1,0,0,1,0,0,0
2018,6,14,6,1,5,0,1,1,0,0,0,1,0,0,0,0
2021,11,8,4,6,4,0,1,0,1,0,0,0,0,0,2,0
2018,5,20,6,5,7,0,0,1,0,1,0,0,0,0,0,0
2020,7,13,7,0,6,0,1,1,0,0,0,0,0,0,1,0
2018,9,21,7,2,6,2,0,1,0,0,0,0,0,0,0,0
2021,2,19,5,0,3,2,0,1,0,0,0,1,1,1,2,0
2019,11,13,1,0,7,0,0,0,0,1,0,0,1,0,0,0
2018,11,13,2,3,6,0,0,1,0,0,0,0,0,0,0,0
2018,3,17,5,6,7,2,1,0,1,0,0,0,1,0,0,0
2021,12,21,6,2,6,2,0,1,0,0,0,0,1,1,2,0
2019,2,15,7,5,2,0,1,1,0,0,0,0,0,0,0,0
2019,5,13,6,0,7,0,1,1,0,0,0,0,0,0,0,0
2020,10,16,6,5,3,0,0,1,0,1,0,0,1,1,1,0
2020,9,12,2,0,1,0,1,0,0,0,0,0,0,0,1,1
2018,9,17,2,5,2,0,1,1,0,0,0,0,0,0,0,0
2018,1,16,1,5,3,1,0,1,0,0,0,0,0,0,0,0
2021,3,16,3,2,6,0,0,1,0,0,1,0,0,0,2,0
2018,7,22,6,6,4,2,1,1,1,0,0,0,0,0,0,0
2019,1,10,5,5,3,0,1,1,0,0,0,0,0,0,0,1
2019,6,16,1,0,1,0,1,1,0,0,0,0,0,0,0,0
2019,9,13,3,5,2,0,0,1,0,0,0,0,0,0,0,0
2018,7,12,1,2,6,0,0,1,0,1,0,0,0,0,0,0
2019,2,15,6,1,5,0,1,1,0,0,0,0,0,0,0,0
2019,7,19,1,5,3,0,1,1,0,0,0,0,0,0,0,0
2020,5,14,3,5,3,0,0,1,0,0,0,0,0,1,1,0
2018,2,19,3,6,4,2,0,1,1,0,0,0,0,0,0,0
2021,3,21,2,6,4,2,0,1,1,1,0,0,0,0,2,1
2019,1,18,6,6,4,2,1,0,1,0,0,0,1,0,0,0
2020,8,10,3,0,1,0,0,0,0,1,0,0,1,0,1,0
2019,8,11,6,2,7,0,0,1,0,1,0,0,0,0,0,0
2020,6,8,3,5,3,0,0,1,0,1,0,0,0,0,1,0
2018,4,19,5,1,5,0,1,1,0,0,0,0,0,0,0,0
2019,10,13,7,0,6,0,0,1,0,0,0,1,0,0,0,0
2021,3,11,4,0,7,0,1,0,0,0,0,0,1,0,2,0
2018,11,15,2,6,7,0,0,1,1,0,0,0,0,0,0,0
2019,9,9,7,3,6,0,1,0,0,0,0,0,0,0,0,0
2020,10,15,3,2,6,0,0,1,0,0,0,0,0,1,1,0
2018,11,16,4,5,3,2,1,1,0,0,0,0,0,0,0,0
2020,3,17,3,5,2,1,1,1,0,0,0,0,0,1,1,0
2021,8,15,5,2,6,0,0,1,0,0,0,1,0,0,1,0
2019,3,16,5,3,6,0,0,1,0,0,0,0,1,0,0,0
2019,10,13,4,6,7,0,0,0,1,0,1,0,1,0,0,0
2020,5,11,7,0,7,0,0,0,0,1,0,0,0,1,1,1
2021,11,13,6,5,2,0,0,1,0,0,0,1,0,0,2,0
2019,2,14,6,0,7,0,0,0,0,0,0,1,0,0,0,0
2018,8,13,3,6,2,0,0,1,1,0,0,0,0,0,0,0
2019,8,11,6,0,5,0,1,0,0,0,0,0,0,0,0,0
2019,12,8,4,5,3,0,1,1,0,0,0,0,0,0,0,0
2020,5,14,4,5,7,0,0,1,0,1,0,0,0,1,1,0
2018,10,15,4,2,6,0,0,1,0,0,0,1,0,0,0,0
2020,1,7,5,6,4,2,0,1,1,0,0,0,1,0,0,1
2021,1,15,4,5,2,0,0,1,0,0,0,0,0,1,2,0
2021,10,14,6,2,6,0,0,1,0,0,0,0,0,0,1,0
2021,7,9,3,3,6,0,0,1,0,0,0,0,0,0,1,0
2018,10,6,3,2,6,1,0,1,0,0,0,1,0,0,0,0
2019,10,7,4,0,7,0,0,1,0,0,0,0,0,0,0,0
2020,8,17,5,3,6,0,1,1,0,0,0,0,0,0,1,0
2019,7,14,3,0,7,0,1,1,0,0,0,0,0,0,0,0
2019,8,18,3,2,6,0,0,1,0,0,0,0,0,0,0,0
2019,8,15,2,6,4,0,0,0,1,1,0,0,0,0,0,0
2019,6,4,3,2,2,1,0,1,0,0,0,0,1,0,0,0
2018,6,13,7,5,3,0,1,1,0,0,0,0,0,0,0,1
2018,6,14,6,5,2,0,0,1,0,1,0,0,0,0,0,0
2020,2,9,6,5,7,0,1,0,0,0,0,1,0,0,0,0
2018,1,7,5,5,3,2,0,1,0,0,0,0,1,0,0,0
2021,10,8,3,0,1,0,1,0,0,0,0,0,1,0,1,0
2020,9,14,4,5,2,0,1,1,0,0,0,0,0,0,1,1
2020,3,14,4,5,7,0,1,0,0,0,0,1,0,1,1,0
2020,2,18,7,6,4,2,0,1,1,0,0,0,0,0,0,0
2020,9,18,3,5,3,0,1,1,0,0,0,0,0,0,1,0
2018,1,19,7,5,3,2,0,1,0,0,0,0,0,0,0,0
2018,3,15,6,2,2,0,0,1,0,0,0,0,0,0,0,0
2020,8,10,1,0,1,0,1,0,0,0,0,0,0,0,1,1
2021,5,11,3,2,6,0,0,1,0,0,0,0,0,1,2,0
2018,12,15,5,2,7,0,0,1,0,0,0,0,0,0,0,0
2021,11,4,7,1,5,2,1,1,0,0,0,0,0,0,2,1
2020,4,16,3,5,2,0,0,1,0,1,0,0,0,1,2,0
2018,8,8,6,5,2,0,0,1,0,1,0,0,0,0,0,1
2018,6,19,6,6,4,0,0,0,1,0,0,1,0,0,0,0
2018,7,16,2,3,6,0,0,1,0,0,0,0,0,0,0,0
2021,9,16,5,5,3,0,0,1,0,0,0,0,0,0,1,0
2019,10,7,2,4,6,1,1,0,0,0,0,0,1,0,0,0
2019,3,9,2,5,3,0,0,1,0,0,0,1,0,0,0,1
2020,10,23,7,8,1,2,0,0,0,1,0,0,0,1,1,0
2021,9,9,6,6,4,0,0,1,1,0,0,0,0,0,1,0
2018,4,17,3,5,7,0,0,0,0,1,0,1,0,0,0,0
2021,5,13,2,0,7,0,1,0,0,0,0,0,0,1,2,0
2019,12,5,2,5,3,2,1,1,0,0,0,0,1,0,0,0
2018,10,2,7,5,2,2,0,1,0,0,0,0,0,0,0,0
2020,1,15,4,5,7,0,0,1,0,0,0,1,0,0,0,0
2020,9,7,3,5,2,0,0,1,0,1,0,0,0,0,1,1
2020,9,3,7,0,1,2,0,0,0,0,0,1,0,0,1,0
2020,11,16,5,0,3,1,1,0,0,0,0,0,0,1,2,0
2020,11,11,2,2,6,0,0,1,0,0,0,0,0,1,2,0
2018,5,16,4,0,3,0,0,1,0,0,0,1,0,0,0,0