UJAHR,UMONAT,USTUNDE,UWOCHENTAG,UART,UTYP1,ULICHTVERH,IstRad,IstPKW,IstFuss,IstKrad,IstGkfz,IstSonstige,USTRZUSTAND,LOCKDOWN,COVID,UKATEGORIE
2019,6,20,7,5,2,0,0,1,0,1,0,0,0,0,0,0
2018,11,9,2,2,6,0,0,1,0,0,0,0,0,0,0,0
2020,11,6,4,5,2,1,1,1,0,0,0,0,1,1,2,0
2019,3,15,5,2,6,0,0,1,0,0,0,0,1,0,0,0
2020,6,10,3,2,6,0,0,1,0,0,0,0,0,0,1,0
2021,3,17,3,5,3,1,1,1,0,0,0,0,0,0,2,0
2019,7,11,2,5,3,0,1,1,0,0,0,0,0,0,0,0
2018,5,18,2,0,2,0,1,1,0,0,0,0,0,0,0,0
2018,12,11,6,5,2,0,1,1,0,0,0,0,0,0,0,1
2019,7,18,2,0,7,0,1,1,0,0,0,0,0,0,0,0
2020,8,9,2,0,3,0,1,0,0,0,0,0,0,0,1,1
2018,8,19,1,0,1,0,1,0,0,0,0,0,0,0,0,1
2018,12,20,5,6,4,2,0,1,1,0,0,0,1,0,0,0
2020,11,15,2,1,5,0,0,1,0,1,0,0,0,1,2,0
2020,3,19,6,5,2,2,0,1,0,0,0,0,1,1,1,0
2020,6,12,5,6,4,0,1,0,1,0,0,0,0,0,1,0
2020,9,16,5,5,2,0,1,1,0,0,0,0,0,0,1,0
2019,4,6,4,1,1,0,0,1,0,0,1,1,0,0,0,1
2019,6,12,2,5,2,0,0,1,0,1,0,0,0,0,0,0
2019,10,12,3,5,3,0,1,0,0,0,0,1,1,0,0,0
2019,3,12,7,6,4,0,1,0,1,0,0,0,0,0,0,0
2021,8,19,6,0,2,0,1,1,0,0,0,0,1,0,1,0
2021,9,22,7,5,7,2,1,1,0,0,0,0,0,0,1,0
2020,9,23,6,5,3,2,0,1,0,0,0,0,0,0,1,0
2018,5,9,4,2,6,0,0,1,0,1,0,0,0,0,0,1
2021,7,13,6,5,3,0,0,1,0,0,0,0,0,0,1,0
2019,5,16,2,5,3,0,0,1,0,0,0,1,0,0,0,0
2020,9,19,3,5,3,2,1,0,0,1,0,0,0,0,1,1
2018,5,16,3,5,2,0,1,1,0,0,0,0,0,0,0,0
2018,9,15,2,5,3,0,1,1,0,0,0,0,0,0,0,0
2021,3,20,4,5,3,2,0,1,0,0,0,0,0,0,2,0
2018,1,7,1,6,2,0,0,1,1,0,0,0,0,0,0,1
2021,12,3,7,5,7,2,0,1,0,0,0,1,2,1,2,1
2018,5,22,5,8,1,2,0,1,0,0,0,0,0,0,0,0
2018,9,11,1,5,3,0,1,1,0,0,0,0,0,0,0,1
2018,7,19,5,1,5,0,1,0,0,0,0,1,0,0,0,0
2019,10,13,1,6,4,0,0,1,1,0,0,0,0,0,0,0
2019,9,14,4,5,2,0,1,1,0,0,0,0,0,0,0,0
2019,1,5,6,5,3,2,1,1,0,0,0,0,1,0,0,0
2021,4,15,5,1,7,0,0,1,0,0,0,0,0,1,2,0
2020,8,7,4,6,4,0,0,0,1,0,0,1,0,0,1,1
2019,6,15,2,0,7,0,0,1,0,0,0,0,0,0,0,0
2020,9,22,5,5,3,2,1,1,0,0,0,0,1,0,1,1
2021,6,7,4,5,3,0,0,1,0,0,0,0,0,0,1,0
2018,11,22,1,1,5,2,0,1,0,0,0,0,1,0,0,0
2021,9,19,4,2,6,1,0,1,0,1,0,0,0,0,1,0
2019,10,19,7,0,5,2,0,1,0,0,0,1,0,0,0,0
2021,2,13,2,2,6,0,0,1,0,0,0,0,2,1,2,0
2020,9,10,3,5,2,0,0,1,0,0,0,0,0,0,1,0
2018,12,12,3,6,7,0,0,1,1,0,0,0,0,0,0,0
2019,1,8,4,6,4,0,0,1,1,0,0,0,0,0,0,0
2021,12,16,4,5,3,1,0,1,0,0,0,0,1,1,2,0
2021,9,18,5,5,3,0,0,0,0,1,0,0,0,0,1,1
2018,3,17,1,2,6,0,1,1,0,0,0,0,0,0,0,0
2021,11,9,6,2,6,0,0,1,0,0,0,1,1,0,2,0
2020,8,11,5,0,2,0,1,0,0,0,0,0,0,0,1,0
2018,8,20,5,3,6,0,1,0,0,0,0,0,0,0,0,0
2020,1,7,6,6,4,1,0,1,1,0,0,0,1,0,0,1
2021,6,13,6,8,1,0,0,0,0,0,1,0,0,0,1,0
2019,3,13,7,5,3,0,0,1,0,0,0,0,0,0,0,0
2019,5,17,3,5,3,0,1,1,0,0,0,0,0,0,0,0
2020,11,5,2,0,1,2,0,0,0,1,0,0,1,1,2,0
2018,7,20,1,6,4,1,1,0,1,0,0,0,0,0,0,0
2019,8,20,3,5,3,2,1,1,0,0,0,0,0,0,0,0
2021,7,9,6,9,1,0,0,1,0,0,1,0,1,0,1,1
2018,6,17,6,5,3,0,0,1,0,1,0,0,0,0,0,0
2019,12,8,1,5,3,0,0,1,0,0,0,0,1,0,0,0
2021,7,18,6,5,3,0,1,1,0,0,0,0,0,0,1,0
2019,9,9,2,6,2,0,0,1,1,0,0,0,1,0,0,0
2018,7,19,6,5,3,0,1,0,0,0,0,0,0,0,0,0
2018,12,20,5,6,7,2,0,1,1,0,0,0,1,0,0,1
2021,1,19,3,6,2,2,0,1,1,0,0,0,1,1,2,0
2020,8,20,4,0,7,1,0,0,0,1,0,0,1,0,1,0
2018,6,14,3,6,4,0,0,1,1,0,0,0,0,0,0,0
2021,7,16,1,5,2,0,0,1,0,1,0,0,0,0,1,1
2020,8,16,1,3,5,0,1,0,0,0,0,1,0,0,1,0
2021,5,12,5,5,7,0,1,1,0,0,0,0,0,1,2,0
2021,11,15,7,5,3,0,0,1,0,0,0,0,0,0,2,0
2020,7,11,6,5,3,0,1,1,0,0,0,0,0,0,1,0
2021,10,15,4,0,2,0,1,1,0,0,0,0,0,0,1,0
2018,5,12,7,5,3,0,1,0,0,0,0,1,0,0,0,0
2020,3,11,3,1,5,0,1,1,0,0,0,0,0,1,1,0
2019,7,10,4,1,5,0,1,1,0,0,0,0,0,0,0,0
2020,9,12,2,2,6,0,0,1,0,0,0,0,0,0,1,0
2021,10,15,1,1,5,0,0,1,0,1,0,0,0,0,1,0
2018,10,18,5,3,6,1,0,0,0,1,1,0,0,0,0,0
2020,9,16,3,5,2,0,1,1,0,0,0,0,0,0,1,0
2020,5,11,5,5,3,0,1,1,0,0,0,0,0,1,1,0
2021,12,17,5,5,3,2,0,1,0,0,0,1,0,1,2,0
2020,11,19,7,0,2,0,1,1,0,0,0,0,0,1,2,0
2020,12,15,4,3,6,0,0,1,0,0,0,0,1,1,2,0
2019,1,23,1,5,3,2,1,1,0,0,0,0,0,0,0,1
2020,7,13,2,5,3,0,0,1,0,1,0,0,0,0,1,0
2018,7,15,4,5,2,0,0,1,0,1,0,0,0,0,0,1
2019,11,13,2,2,6,0,0,1,0,0,0,0,1,0,0,0
2018,3,20,4,6,7,2,0,1,1,0,0,0,0,0,0,0
2019,8,14,3,6,4,0,0,1,1,0,0,0,0,0,0,0
2019,1,4,1,5,3,2,0,1,0,0,0,1,0,0,0,0
2019,12,8,6,5,3,0,0,0,0,1,1,0,1,0,0,0
2019,10,19,5,5,2,2,1,1,0,0,0,0,0,0,0,0
2021,11,9,3,5,3,0,1,0,0,1,0,0,0,0,2,0
2021,9,17,7,0,5,0,0,0,1,0,0,1,1,0,1,0
2020,8,7,7,5,3,0,1,1,0,0,0,0,0,0,1,0
2019,4,22,3,0,6,2,0,1,0,1,0,0,0,0,0,0
2018,12,7,3,6,4,1,0,1,1,0,0,0,1,0,0,0
2020,1,13,1,5,3,0,0,1,0,0,0,0,0,0,0,0
2018,4,15,5,3,6,0,0,1,0,0,1,0,0,0,0,0
2018,4,5,2,2,6,1,0,1,0,0,0,0,0,0,0,0
2019,12,10,7,2,6,0,0,1,0,0,0,0,1,0,0,0
2018,4,14,4,0,3,0,1,0,0,0,1,0,0,0,0,1
2020,9,2,1,0,1,2,0,0,0,0,0,1,0,0,1,1
2019,5,18,2,5,7,0,0,1,0,0,0,0,1,0,0,0
2018,1,17,1,2,7,2,1,1,0,0,0,0,0,0,0,0
2019,2,8,6,5,3,0,0,1,0,0,0,1,0,0,0,0
2019,4,13,1,0,1,0,0,0,0,1,0,0,0,0,0,0
2018,5,6,4,2,6,0,0,1,0,1,0,0,0,0,0,0
2020,6,18,2,6,4,0,0,1,1,0,0,0,0,0,1,0
2018,2,12,3,0,2,0,0,0,0,0,0,1,0,0,0,0
2018,10,21,3,6,2,2,0,0,1,0,0,1,1,0,0,0
2018,9,15,1,2,7,0,0,1,0,1,0,0,0,0,0,0
2018,9,22,1,5,3,2,0,1,0,0,0,1,1,0,0,0
2021,11,12,4,6,4,0,0,0,1,0,0,1,0,0,2,0
2018,10,11,1,1,7,0,0,1,0,1,0,0,0,0,0,1
2019,4,15,3,6,4,0,0,1,1,0,0,0,0,0,0,0
2018,7,12,5,5,7,0,0,1,0,0,0,0,1,0,0,0
2018,1,18,5,6,4,2,0,1,1,0,0,0,1,0,0,1
2018,1,22,4,2,6,2,0,1,0,0,0,0,1,0,0,0
2019,5,15,4,6,2,0,0,1,1,0,0,0,0,0,0,0
2019,2,13,3,3,6,0,1,1,0,0,0,0,0,0,0,0
2021,8,16,7,5,2,0,0,1,0,0,0,0,0,0,1,0
2020,10,9,4,5,3,0,0,1,0,0,0,0,1,1,1,0
2018,8,13,6,1,5,0,1,1,0,0,0,0,0,0,0,0
2021,4,9,4,5,2,0,1,1,0,0,0,0,0,1,2,0
2021,4,9,7,5,3,0,1,1,0,0,0,0,0,1,2,0
2019,3,8,3,5,3,0,1,1,0,0,0,0,0,0,0,0
2021,12,19,2,6,2,2,0,1,1,0,0,0,0,1,2,0
2019,10,8,4,0,3,0,0,1,0,1,0,0,1,0,0,0
2020,3,12,3,0,4,0,0,0,1,0,0,1,1,1,1,0
2020,4,18,5,6,4,0,0,1,1,0,0,0,0,1,2,0
2018,2,6,3,0,1,0,0,1,0,0,0,0,1,0,0,0
2021,4,18,4,5,2,0,1,1,0,0,0,0,0,1,2,0
2018,10,9,2,5,3,0,1,0,0,0,0,0,0,0,0,0
2021,4,18,5,5,3,0,1,1,0,0,0,0,0,1,2,0
2021,7,18,3,2,7,0,0,1,0,1,0,0,0,0,1,0
2018,3,15,3,5,3,0,0,1,0,0,0,0,0,0,0,0
2019,6,1,7,8,1,2,0,1,0,0,0,0,0,0,0,0
2020,9,17,7,2,6,0,0,1,0,0,0,0,0,0,1,0
2020,9,13,5,5,3,0,0,1,0,0,0,0,0,0,1,0
2021,8,13,3,5,2,0,1,0,0,0,1,0,0,0,1,1
2018,7,16,4,1,5,0,1,0,0,0,0,1,0,0,0,1
2021,7,11,2,9,1,0,0,0,0,0,0,1,1,0,1,0
2018,9,7,2,5,2,0,1,1,0,0,0,0,0,0,0,0
2018,9,8,6,0,1,0,1,0,0,0,0,0,0,0,0,0
2019,12,14,4,5,3,0,1,1,0,0,0,0,0,0,0,0
2020,6,15,2,0,2,0,0,1,0,0,0,1,0,0,1,1
2019,4,18,2,6,4,0,0,1,1,0,0,0,0,0,0,0
2021,8,13,6,2,6,0,0,1,0,0,0,0,1,0,1,0
2021,4,11,2,1,5,0,0,1,0,0,0,0,0,1,2,0
2019,3,15,2,5,3,0,0,1,0,0,0,0,1,0,0,0
2021,6,14,6,5,2,0,0,1,0,1,0,0,0,0,1,0
2021,6,8,4,5,2,0,1,1,0,0,0,0,0,0,1,0
2019,11,12,6,4,6,0,0,1,0,0,0,0,1,0,0,1
2020,9,12,2,5,3,0,0,1,0,0,0,0,0,0,1,0
2021,9,18,5,0,1,0,1,0,0,0,0,0,0,0,1,0
2019,11,21,3,6,2,2,0,1,1,0,0,0,1,0,0,0
2020,9,15,2,2,2,0,1,1,0,0,0,0,0,0,1,0
2019,4,9,4,6,4,0,1,0,1,0,0,0,0,0,0,0
2019,9,10,2,1,5,0,0,1,0,0,0,1,0,0,0,0
2021,3,5,3,5,2,2,1,1,0,0,0,0,0,0,2,0
2021,11,7,2,0,1,0,1,0,0,0,0,0,1,0,2,1
2018,6,14,1,5,3,0,1,1,0,0,0,0,0,0,0,0
2019,11,14,4,6,4,0,0,0,1,0,0,1,1,0,0,0
2018,4,15,6,8,1,0,0,1,0,0,0,0,0,0,0,1
2021,6,19,7,5,2,0,0,1,0,0,0,0,0,0,1,0
2019,10,19,3,5,3,2,0,1,0,0,0,0,1,0,0,0
2020,9,19,6,5,3,0,1,1,0,0,0,0,0,0,1,0
2019,4,10,5,5,2,0,1,1,0,0,0,0,0,0,0,0
2019,6,12,1,0,1,0,0,0,0,1,0,0,0,0,0,0
2020,5,16,1,0,6,0,1,0,0,0,0,0,0,1,1,0
2018,3,20,5,3,6,2,1,1,0,0,0,0,0,0,0,0
2021,6,21,3,0,3,1,0,1,0,1,0,0,0,0,1,0
2018,9,8,2,5,2,0,0,1,0,0,0,0,0,0,0,0
2018,12,13,2,1,5,0,0,1,0,0,0,0,0,0,0,0
2020,8,19,4,2,6,0,1,1,0,0,0,0,0,0,1,0
2018,5,13,7,1,5,0,1,1,0,0,0,1,0,0,0,0
2020,3,13,4,5,2,0,0,1,0,0,0,0,0,1,1,0
2018,5,13,4,2,2,0,0,1,0,0,0,0,0,0,0,0
2021,12,14,5,5,3,0,0,1,0,0,0,0,0,1,2,0
2018,11,7,5,1,5,0,1,1,0,0,0,0,0,0,0,0
2021,7,6,5,5,2,0,0,1,0,0,0,0,0,0,1,0
2019,6,17,6,5,2,0,1,1,0,0,0,0,0,0,0,0
2020,11,10,4,2,6,0,0,1,0,0,0,0,0,1,2,0
2020,10,19,4,5,3,2,1,1,0,0,0,0,1,1,1,0
2019,11,4,4,0,1,2,0,0,0,0,0,1,1,0,0,0
2019,7,11,2,5,3,0,1,1,0,0,0,0,0,0,0,0
2018,2,16,6,2,6,0,0,1,0,0,0,0,0,0,0,0
2019,1,11,4,5,2,0,1,1,0,0,0,0,0,0,0,0
2021,9,19,1,5,2,1,1,1,0,0,0,0,0,0,1,0
2019,11,10,4,2,6,0,1,1,0,0,0,0,1,0,0,1
2021,10,20,7,6,7,0,0,1,1,0,0,0,0,0,1,0
2018,9,16,3,6,4,0,0,1,1,0,0,0,0,0,0,0
2018,7,19,1,2,6,0,0,1,0,0,0,0,0,0,0,0
2018,12,5,4,5,2,2,1,1,0,0,0,0,0,0,0,0
2018,6,13,3,5,3,0,1,1,0,0,0,0,0,0,0,0
2018,5,19,1,2,6,1,0,1,0,0,0,0,0,0,0,0
2018,8,15,7,5,2,0,1,1,0,0,0,0,1,0,0,0
2018,12,16,2,2,6,2,0,1,0,0,0,0,1,0,0,0
2020,11,7,5,6,4,1,0,1,1,0,0,0,0,1,2,0
2021,6,12,2,6,4,0,1,0,1,0,0,0,0,0,1,0
2019,1,2,7,5,3,2,0,1,0,0,0,1,0,0,0,1
2019,1,14,4,6,4,0,1,0,1,0,0,0,0,0,0,0
2019,11,7,6,6,4,2,0,1,1,0,0,0,1,0,0,0
2019,3,9,3,0,5,0,0,1,0,0,0,1,0,0,0,0
2018,5,17,5,3,6,0,0,1,0,0,1,0,0,0,0,0
2018,6,23,7,2,6,2,0,1,0,0,0,0,1,0,0,0
2021,1,12,7,2,6,0,0,1,0,0,0,0,1,1,2,0
2020,6,17,3,5,2,0,1,1,0,0,0,0,0,0,1,0
2020,4,14,3,2,5,0,0,1,0,0,0,0,0,1,2,0
2018,1,13,2,1,7,0,0,1,0,0,0,0,0,0,0,0
2019,8,16,5,5,2,0,1,1,0,0,0,0,0,0,0,0
2018,4,16,3,5,2,0,0,1,0,1,0,0,0,0,0,1
2019,12,14,2,2,2,0,0,1,0,0,0,1,0,0,0,0
2020,6,12,4,3,6,0,1,0,0,0,0,0,0,0,1,0
2021,11,2,5,5,3,2,0,1,0,0,0,0,0,0,2,0
2020,10,20,7,0,1,2,1,0,0,0,0,0,0,1,1,0
2018,6,18,2,5,3,0,1,0,0,1,0,0,0,0,0,1
2018,1,20,7,2,6,2,0,1,0,0,0,0,0,0,0,0
2018,9,22,4,5,3,2,0,1,0,0,0,0,0,0,0,0
2019,2,21,7,6,4,2,0,1,1,0,0,0,0,0,0,0
2018,7,11,5,5,2,0,0,1,0,0,0,0,0,0,0,0
2019,10,19,3,5,7,2,0,1,0,1,0,0,0,0,0,0
2018,5,16,4,2,7,0,0,1,0,0,0,0,0,0,0,0
2021,12,14,2,0,7,0,0,0,0,1,0,0,1,1,2,0
2018,8,20,7,1,5,2,0,1,0,0,0,1,0,0,0,0
2018,8,15,5,5,3,0,1,1,0,0,0,0,0,0,0,0
2019,11,18,4,8,1,2,0,1,0,0,0,0,1,0,0,0
2018,3,15,1,5,3,0,0,1,0,0,0,1,0,0,0,0
2018,2,13,4,6,4,0,0,1,1,0,0,0,0,0,0,0
2020,8,2,1,8,1,2,0,1,0,0,0,0,0,0,1,1
2021,7,8,6,2,6,0,0,1,0,0,0,0,0,0,1,0
2018,10,15,2,0,6,0,0,1,0,1,0,0,1,0,0,1
2020,7,17,2,3,6,0,1,0,0,0,0,0,0,0,1,0
2019,12,15,1,5,3,1,0,1,0,0,0,0,1,0,0,0
2021,9,9,2,5,3,0,1,0,0,0,0,1,0,0,1,0
2021,11,8,2,5,2,0,1,1,0,0,0,0,0,0,2,0
2020,6,8,6,5,2,0,1,1,0,0,0,0,0,0,1,0
2020,12,7,4,6,4,2,0,1,1,0,0,0,1,1,2,0
2018,6,13,4,5,2,0,1,1,0,0,0,0,0,0,0,0
2020,12,13,4,5,3,0,0,1,0,1,0,0,0,1,2,0
2019,8,16,2,2,2,0,0,1,0,0,0,1,0,0,0,0
2020,8,18,2,6,7,0,1,0,1,0,0,0,0,0,1,0
2021,8,7,3,0,2,0,1,0,0,0,0,1,1,0,1,0
2018,8,9,5,6,4,0,0,0,1,1,0,0,0,0,0,1
2018,11,17,3,0,3,2,0,1,0,0,0,1,1,0,0,0
2019,6,16,7,5,2,0,0,0,0,0,0,1,0,0,0,0
2018,1,17,2,2,6,2,0,1,0,0,0,1,0,0,0,1
2020,8,18,4,0,6,0,0,1,0,1,0,0,1,0,1,0
2019,9,12,5,0,7,0,0,1,0,0,0,1,0,0,0,1
2020,2,13,6,2,6,0,0,1,0,0,0,0,0,0,0,0
2021,8,7,6,2,2,0,0,1,0,1,0,0,1,0,1,0
2019,3,19,1,5,7,2,0,1,0,0,0,0,0,0,0,0
2019,7,13,7,2,2,0,0,1,0,0,0,0,0,0,0,0
2020,11,7,5,5,3,2,1,1,0,0,0,0,0,1,2,0
2019,4,14,6,2,2,0,0,1,0,0,0,0,0,0,0,0
2020,4,1,1,9,1,2,0,1,0,0,0,0,0,1,2,0
2020,6,21,5,5,2,1,0,1,0,0,0,0,0,0,1,0
2018,4,21,6,0,1,2,1,0,0,0,0,0,0,0,0,1
2020,7,8,7,6,2,0,0,1,1,0,0,0,0,0,1,1
2018,2,17,4,1,5,2,0,1,0,0,0,1,0,0,0,0
2021,5,21,5,5,3,1,0,1,0,0,0,0,1,1,2,0
2019,7,20,2,1,5,1,1,1,0,0,0,0,0,0,0,0
2019,12,20,2,5,2,2,0,1,0,0,0,0,1,0,0,1
2018,8,20,4,5,2,1,0,1,0,0,0,0,0,0,0,1
2020,6,16,7,2,6,0,0,1,0,0,0,0,0,0,1,0
2019,4,11,6,5,3,0,1,1,0,0,0,0,0,0,0,0
2019,6,7,3,5,2,0,1,1,0,0,0,0,0,0,0,0
2018,2,9,3,5,3,0,0,1,0,0,0,0,1,0,0,0
2019,3,17,5,5,3,1,0,1,0,1,0,0,1,0,0,0
2019,1,2,1,1,7,2,0,1,0,0,0,0,1,0,0,0
2019,7,16,4,9,1,0,0,1,0,0,0,0,0,0,0,0
2021,12,8,2,2,6,0,0,1,0,0,0,0,0,1,2,0
2020,9,6,4,5,7,1,1,1,0,0,0,0,0,0,1,0
2021,8,22,6,5,3,2,0,1,0,0,0,0,0,0,1,0
2018,7,14,2,6,3,0,0,0,1,0,0,1,0,0,0,0
2018,6,12,7,0,2,0,1,1,0,0,0,0,0,0,0,0
2018,5,16,1,0,1,0,1,0,0,0,0,0,0,0,0,1
2018,1,7,6,6,2,0,0,1,1,0,0,0,0,0,0,0
2018,1,17,4,3,6,0,0,1,0,1,0,0,0,0,0,0
2018,5,10,3,2,2,0,0,1,0,0,0,1,0,0,0,0
2020,4,14,4,2,3,0,0,1,0,1,0,0,0,1,2,0
2018,8,13,3,3,6,0,0,1,0,0,1,0,0,0,0,0
2018,4,17,7,3,6,0,0,1,0,1,0,0,0,0,0,0
2018,5,15,5,6,2,0,0,1,1,0,0,0,0,0,0,0
2018,5,13,3,5,2,0,0,1,0,1,0,0,0,0,0,0
2021,11,20,3,3,6,2,0,1,0,0,0,0,1,0,2,0
2020,7,16,6,2,6,0,0,1,0,0,0,1,1,0,1,0
2018,3,7,3,5,2,0,0,1,0,0,0,0,1,0,0,0
2019,10,17,4,0,1,0,0,0,0,1,0,0,0,0,0,1
2021,11,19,2,0,6,2,0,1,0,0,0,1,0,0,2,0
2018,5,1,5,5,3,2,1,1,0,0,0,0,0,0,0,0
2021,3,16,3,2,2,0,0,1,0,0,0,0,0,0,2,0
2019,6,11,2,5,2,0,1,1,0,0,0,0,0,0,0,0
2020,10,17,5,5,3,0,1,1,0,0,0,0,0,1,1,0
2018,6,19,1,0,1,0,0,0,0,1,0,0,1,0,0,1
2020,3,12,3,0,1,0,1,0,0,0,0,0,1,1,1,0
2018,3,11,2,5,7,0,0,1,0,0,0,0,1,0,0,0
2021,8,23,4,2,6,2,0,1,0,0,0,0,1,0,1,0
2018,5,19,7,5,3,0,1,1,0,0,0,0,0,0,0,0
2020,9,13,7,5,3,0,0,1,0,0,0,1,0,0,1,0
2021,9,13,1,1,5,0,0,1,0,1,0,0,0,0,1,0
2019,5,7,5,5,2,0,1,0,0,0,0,1,0,0,0,0
2020,1,12,5,2,6,0,0,1,0,0,0,1,0,0,0,0
2019,2,20,2,1,5,2,0,1,0,0,0,0,0,0,0,0
2020,12,13,3,5,7,0,1,1,0,0,0,0,0,1,2,0
2018,6,17,6,5,2,0,0,1,0,1,0,0,0,0,0,0
2020,4,14,1,4,6,0,1,1,0,0,0,0,0,1,2,0
2021,7,17,2,3,6,0,0,1,0,0,1,0,0,0,1,0
2018,5,15,1,2,6,0,0,1,0,0,0,0,0,0,0,0
2019,9,13,5,0,7,0,1,0,0,0,0,0,0,0,0,1
2021,6,10,6,5,2,0,1,1,0,0,0,0,0,0,1,0
2020,6,8,5,2,6,0,0,1,0,0,1,0,1,0,1,0
2020,10,17,2,5,2,0,1,1,0,0,0,0,0,1,1,0
2021,5,8,2,5,2,0,0,0,0,0,0,1,0,1,2,0
2021,5,19,4,1,5,0,1,1,0,0,0,0,1,1,2,0
2018,2,20,7,6,7,2,0,1,1,0,0,0,0,0,0,0
2018,12,18,5,2,6,2,0,1,0,0,0,1,1,0,0,0
2019,1,20,7,6,2,2,0,1,1,0,0,0,0,0,0,1
2021,8,11,2,5,3,0,1,1,0,0,0,0,0,0,1,1
2018,10,8,5,5,3,0,0,1,0,0,0,0,0,0,0,1
2018,10,15,4,0,2,0,1,1,0,0,0,0,0,0,0,0
2019,7,8,5,6,2,0,0,1,1,0,0,0,0,0,0,0
2018,7,15,4,5,3,0,0,1,0,1,0,0,0,0,0,0
2018,6,11,4,6,7,0,0,0,1,0,1,0,0,0,0,1
2021,3,8,2,5,2,0,0,1,0,1,0,0,0,0,2,1
2020,1,18,2,5,3,2,1,1,0,0,0,0,0,0,0,0
2018,10,13,4,5,3,0,0,1,0,1,0,0,0,0,0,0
2020,12,18,6,2,5,2,0,1,0,0,0,1,0,1,2,0
2018,5,12,5,1,5,0,1,1,0,0,0,1,0,0,0,0
2019,3,18,7,2,6,1,0,1,0,0,0,0,1,0,0,0
2020,8,14,6,6,4,0,0,1,1,0,0,0,0,0,1,0
2020,8,18,6,3,6,0,1,0,0,1,0,0,0,0,1,0
2018,7,18,5,5,2,0,0,0,0,1,0,1,0,0,0,0
2020,7,16,4,4,6,0,1,1,0,0,0,0,0,0,1,0
2018,9,9,7,7,7,0,0,0,0,0,0,1,0,0,0,0
2018,5,19,4,5,2,0,1,1,0,0,0,0,0,0,0,0
2018,5,10,3,5,2,0,0,1,0,0,0,0,0,0,0,0
2020,4,17,3,0,1,0,1,0,0,0,0,0,0,1,2,0
2020,11,6,3,7,7,2,1,0,0,0,0,0,0,1,2,0
2021,1,16,4,6,4,1,1,0,1,0,0,0,1,1,2,0
2021,11,6,6,6,4,2,0,0,1,0,0,1,1,0,2,1
2020,3,22,4,5,3,2,0,1,0,0,0,0,0,1,1,0
2018,5,18,2,5,2,0,0,1,0,0,0,1,0,0,0,1
2019,3,16,5,0,6,0,0,1,0,0,0,1,0,0,0,0
2019,10,14,2,0,1,0,0,0,0,1,0,0,0,0,0,0
2018,10,16,3,2,6,0,0,1,0,1,0,0,1,0,0,0
2018,6,11,3,5,3,0,0,1,0,0,0,0,0,0,0,0
2019,2,7,4,5,3,0,0,1,0,0,0,0,0,0,0,0
2018,6,19,4,3,2,0,0,1,0,0,0,0,0,0,0,0
2021,2,14,1,6,4,0,0,1,1,0,0,0,1,1,2,0
2018,6,15,4,5,2,0,0,1,0,0,0,0,0,0,0,0
2019,3,15,5,2,6,0,0,1,0,0,0,0,0,0,0,0
2018,12,15,4,1,5,0,0,1,0,1,0,0,1,0,0,0
2020,9,18,5,2,6,0,0,1,0,0,0,0,0,0,1,0
2021,7,11,1,0,1,0,0,0,0,1,0,0,0,0,1,0
2019,1,13,3,2,2,0,1,1,0,0,0,0,0,0,0,0
2018,4,17,2,5,2,0,1,1,0,0,0,0,1,0,0,0
2018,1,13,7,6,4,0,0,1,1,0,0,0,0,0,0,0
2018,7,10,3,6,7,0,0,0,1,0,0,1,0,0,0,0
2021,2,17,5,5,2,1,1,1,0,0,0,0,0,1,2,0
2018,1,8,4,5,3,0,0,1,0,1,0,0,1,0,0,0
2021,11,16,3,2,7,2,1,1,0,0,0,0,1,0,2,0
2020,9,15,3,1,5,0,0,1,0,0,0,0,0,0,1,0
2021,6,9,2,5,3,0,0,1,0,0,0,0,0,0,1,0
2018,7,17,3,3,6,0,1,0,0,0,0,0,0,0,0,0
2019,7,17,7,2,6,0,0,1,0,0,0,0,0,0,0,0
2020,2,20,2,4,6,2,0,1,0,0,0,0,1,0,0,0
2021,10,12,6,5,3,0,1,1,0,0,0,0,1,0,1,0
2018,5,11,4,0,7,0,0,1,0,0,0,0,0,0,0,1
2021,3,14,2,5,2,0,1,1,0,0,0,0,1,0,2,0
2018,7,19,1,5,7,0,1,1,0,0,0,0,0,0,0,0
2018,6,16,2,2,6,0,0,1,0,0,0,0,0,0,0,0
2019,8,23,7,2,6,2,0,1,0,0,0,0,0,0,0,0
2019,1,21,2,9,1,2,0,1,0,0,0,0,1,0,0,1
2019,11,12,5,6,4,0,0,1,1,0,0,0,1,0,0,0
2019,3,11,4,5,3,0,1,1,0,0,0,0,0,0,0,1
2018,4,18,3,5,2,0,0,1,0,0,0,0,0,0,0,0
2020,9,0,6,3,2,2,0,1,0,0,0,0,0,0,1,0
2018,7,14,5,2,6,0,0,1,0,0,0,0,1,0,0,0
2021,3,14,6,5,2,0,1,1,0,0,0,0,0,0,2,0
2020,1,16,6,2,2,2,1,1,0,0,0,0,1,0,0,0
2018,6,10,3,1,5,0,1,1,0,0,0,0,0,0,0,0
2019,8,1,3,6,7,2,0,0,1,0,0,1,0,0,0,0
2021,10,19,4,1,5,2,1,1,0,0,0,0,0,0,1,0