UJAHR,UMONAT,USTUNDE,UWOCHENTAG,UART,UTYP1,ULICHTVERH,IstRad,IstPKW,IstFuss,IstKrad,IstGkfz,IstSonstige,USTRZUSTAND,LOCKDOWN,COVID,UKATEGORIE
2018,10,18,3,5,3,1,1,1,0,0,0,0,0,0,0,0
2018,5,12,7,3,6,0,0,1,0,1,0,0,0,0,0,0
2018,4,18,2,5,3,0,1,1,0,0,0,0,0,0,0,0
2018,6,15,3,1,5,0,1,1,0,0,0,0,0,0,0,0
2018,10,11,6,2,6,0,0,1,0,0,0,0,0,0,0,0
2018,11,10,3,5,2,0,1,0,0,0,0,1,0,0,0,0
2018,7,19,3,2,2,0,1,1,0,0,0,0,0,0,0,0
2021,8,21,1,4,6,2,1,1,0,0,0,0,1,0,1,0
2018,6,12,3,6,4,0,0,1,1,0,0,0,0,0,0,0
2018,5,8,3,2,2,0,1,1,0,0,0,0,0,0,0,0
2018,2,16,4,0,6,0,0,1,0,0,0,1,0,0,0,0
2019,11,19,2,0,1,2,1,1,0,0,0,0,0,0,0,0
2020,7,17,6,2,2,0,0,1,0,0,0,0,0,0,1,0
2018,3,20,7,1,5,2,0,1,0,0,0,0,0,0,0,0
2020,7,16,2,7,7,0,1,0,0,0,0,0,0,0,1,0
2020,9,23,7,8,1,2,1,0,0,0,0,0,0,0,1,0
2020,5,18,6,0,1,0,0,1,0,1,0,0,0,1,1,1
2019,10,8,5,1,5,0,1,1,0,0,0,0,0,0,0,0
2020,7,1,6,5,2,2,1,1,0,0,0,0,0,0,1,0
2021,3,18,3,6,4,2,0,1,1,0,0,0,0,0,2,1
2019,11,20,5,6,2,2,0,1,1,0,0,0,1,0,0,0
2018,9,17,3,5,2,0,1,1,0,0,0,0,0,0,0,0
2019,9,19,4,3,6,0,1,0,0,0,0,0,0,0,0,0
2019,10,8,4,5,2,0,1,1,0,0,0,0,1,0,0,0
2020,11,18,4,6,4,2,1,0,1,0,0,0,0,1,2,0
2019,2,11,5,5,3,0,0,1,0,0,0,0,0,0,0,0
2019,1,16,2,6,4,1,0,1,1,0,0,0,1,0,0,0
2019,7,14,4,5,2,0,1,1,0,0,0,0,0,0,0,0
2019,6,13,5,0,1,0,1,1,0,0,0,0,0,0,0,0
2020,2,18,6,5,2,2,1,1,0,0,0,0,1,0,0,1
2019,10,8,3,2,2,0,1,1,0,0,0,0,0,0,0,0
2019,1,17,3,5,3,1,1,1,0,0,0,0,1,0,0,0
2018,7,12,1,2,6,0,1,1,0,0,0,0,0,0,0,0
2019,2,14,5,2,6,0,0,1,0,0,0,1,0,0,0,0
2019,8,18,3,6,4,0,0,1,1,0,0,0,0,0,0,0
2021,8,22,4,5,2,2,0,1,0,0,0,0,1,0,1,0
2018,10,15,3,0,2,0,1,1,0,0,0,0,0,0,0,0
2018,4,15,6,3,6,0,0,1,0,0,0,0,0,0,0,0
2019,12,15,3,4,6,1,1,1,0,0,0,0,1,0,0,0
2020,8,7,2,5,2,0,1,0,0,0,0,1,0,0,1,0
2020,9,16,4,5,2,0,1,1,0,0,0,0,0,0,1,0
2021,8,16,3,5,3,0,0,1,0,1,0,0,1,0,1,1
2020,9,7,3,5,3,0,1,1,0,0,0,0,0,0,1,0
2018,9,8,2,3,6,0,1,0,0,0,0,0,0,0,0,1
2021,11,12,3,5,3,0,0,1,0,0,0,0,1,0,2,0
2020,1,17,7,5,2,2,0,1,0,0,0,0,1,0,0,0
2019,7,15,2,2,2,0,0,1,0,0,0,0,0,0,0,0
2019,2,10,6,5,3,0,0,1,0,0,0,0,0,0,0,0
2020,6,12,1,5,3,0,1,1,0,0,0,0,0,0,1,0
2019,10,15,1,2,6,0,0,1,0,0,0,0,0,0,0,1
2019,12,7,3,5,2,1,1,1,0,0,0,0,0,0,0,0
2021,11,12,2,5,3,0,0,1,0,0,0,1,0,0,2,0
2020,7,14,6,2,6,0,0,1,0,0,0,0,1,0,1,0
2018,8,15,7,0,1,0,1,0,0,0,0,0,0,0,0,0
2018,6,10,3,1,5,0,0,1,0,0,0,1,0,0,0,0
2021,11,0,3,9,1,2,0,1,0,0,0,0,0,0,2,1
2019,4,20,6,5,3,0,1,1,0,0,0,0,0,0,0,0
2020,2,16,7,5,3,1,0,1,0,0,0,0,0,0,0,1
2021,4,14,5,2,6,0,0,1,0,0,0,0,0,1,2,0
2021,7,8,4,5,3,0,0,1,0,0,0,1,1,0,1,0
2019,4,19,5,5,3,1,1,1,0,0,0,0,0,0,0,0
2018,9,9,6,2,6,0,0,1,0,0,1,0,1,0,0,0
2019,6,16,6,5,3,0,0,1,0,1,0,0,0,0,0,0
2020,2,19,2,9,1,2,0,1,1,0,0,0,1,0,0,0
2020,5,10,3,6,4,0,0,1,1,0,0,0,0,1,1,1
2020,9,17,2,2,7,0,0,1,0,0,1,0,0,0,1,0
2020,9,18,3,5,2,0,0,1,0,0,0,0,0,0,1,0
2021,8,17,5,1,5,0,1,1,0,0,0,0,0,0,1,0
2019,6,16,2,4,6,0,1,0,0,0,0,0,0,0,0,0
2020,3,20,6,5,3,2,1,1,0,0,0,0,1,1,1,0
2020,5,11,2,2,6,0,0,1,0,0,0,0,1,1,1,0
2018,5,13,4,6,4,0,0,1,1,0,0,0,0,0,0,1
2021,6,13,7,2,2,0,1,1,0,0,0,0,0,0,1,0
2019,2,9,1,2,6,0,0,1,0,0,0,0,1,0,0,0
2019,12,13,6,3,6,0,1,1,0,0,0,0,0,0,0,0
2019,5,18,6,0,1,0,1,0,0,0,0,0,0,0,0,0
2021,10,16,5,5,2,1,1,1,0,0,0,0,0,0,1,0
2020,12,7,2,5,3,0,1,1,0,0,0,0,1,1,2,0
2021,7,17,6,9,1,0,0,1,0,0,0,0,0,0,1,0
2019,5,17,5,1,5,0,1,1,0,0,0,0,0,0,0,1
2021,5,17,3,2,6,0,0,1,0,0,0,0,0,1,2,0
2018,4,11,1,5,3,0,1,1,0,0,0,0,0,0,0,0
2021,9,14,3,2,2,0,0,1,0,0,0,0,0,0,1,0
2019,6,15,3,5,7,0,0,1,0,0,0,1,0,0,0,0
2018,3,21,2,6,4,2,0,1,1,0,0,0,0,0,0,0
2020,1,6,6,6,2,2,0,1,1,0,0,0,1,0,0,0
2018,5,19,1,2,2,0,1,0,0,0,0,0,0,0,0,0
2018,8,14,2,2,6,0,0,1,0,1,0,0,0,0,0,0
2018,10,10,4,5,2,0,1,1,0,0,0,0,0,0,0,0
2018,11,8,3,6,2,0,0,1,1,0,0,0,1,0,0,1
2018,6,11,6,2,6,0,0,1,0,0,0,1,1,0,0,0
2021,12,17,2,6,4,2,0,1,1,0,0,0,0,1,2,1
2021,3,17,6,5,3,1,1,1,0,0,0,0,0,0,2,0
2020,6,14,3,0,2,0,1,1,0,0,0,0,0,0,1,0
2020,12,11,2,2,6,0,0,1,0,0,1,0,1,1,2,0
2021,8,15,3,5,2,0,1,1,0,0,0,0,1,0,1,0
2021,11,6,3,5,3,1,0,1,0,1,0,0,1,0,2,0
2019,9,7,5,5,2,0,1,1,0,0,0,0,1,0,0,0
2020,7,10,7,5,2,0,0,1,0,1,0,0,0,0,1,1
2019,8,10,4,2,6,0,0,1,0,1,0,0,0,0,0,0
2018,6,9,4,2,2,0,1,1,0,0,0,0,0,0,0,0
2020,2,18,1,0,1,2,0,1,0,0,0,0,0,0,0,0
2021,7,16,3,3,6,0,1,0,0,0,0,0,0,0,1,0
2021,9,16,4,0,2,0,0,1,0,0,0,1,0,0,1,1
2020,11,7,5,2,3,0,0,1,0,0,0,0,0,1,2,0
2021,12,19,3,3,2,2,1,1,0,0,0,0,0,1,2,0
2020,10,10,7,5,2,0,1,1,0,0,0,0,1,1,1,0
2021,7,15,2,2,6,0,0,1,0,1,0,0,0,0,1,0
2021,1,16,2,6,7,1,0,1,1,0,0,0,0,1,2,0
2020,3,22,4,5,7,2,0,1,0,1,0,0,0,1,1,0
2021,8,1,7,9,1,2,0,1,0,0,0,0,1,0,1,0
2019,10,16,5,3,5,0,1,1,0,0,0,0,0,0,0,1
2018,4,8,5,5,3,0,0,1,0,0,0,0,0,0,0,0
2021,11,15,2,1,5,0,1,1,0,0,0,0,1,0,2,0
2019,9,15,6,1,5,0,1,1,0,0,0,0,0,0,0,0
2020,7,17,3,5,2,0,1,0,0,0,0,0,0,0,1,0
2018,2,15,5,5,2,0,1,1,0,0,0,0,0,0,0,0
2019,9,7,2,2,2,0,0,1,0,0,1,0,0,0,0,0
2019,9,16,2,1,5,0,1,1,0,0,0,0,1,0,0,0
2018,4,9,2,1,5,0,0,1,0,1,0,0,0,0,0,0
2018,5,20,7,0,1,1,1,0,0,0,0,0,0,0,0,1
2019,3,17,3,5,2,1,1,1,0,0,0,0,0,0,0,0
2019,7,8,4,5,3,0,1,1,0,0,0,0,0,0,0,0
2018,6,9,4,5,2,0,1,0,0,0,0,1,0,0,0,0
2021,7,15,2,0,1,0,1,0,0,0,0,0,0,0,1,0
2021,12,18,6,2,6,2,0,1,0,0,0,0,1,1,2,0
2021,7,11,2,5,3,0,0,1,0,1,0,0,0,0,1,0
2019,7,8,5,2,2,0,1,1,0,0,0,0,0,0,0,0
2019,10,18,2,5,3,2,0,1,0,0,0,0,1,0,0,0
2019,2,23,7,6,4,2,0,1,1,0,0,0,1,0,0,0
2018,8,15,6,6,4,0,0,0,1,0,0,1,0,0,0,0
2020,2,18,1,0,5,2,1,1,0,0,0,0,1,0,0,0
2021,12,9,3,1,5,0,0,1,0,0,0,0,0,1,2,1
2019,8,12,6,5,2,0,1,1,0,0,0,0,0,0,0,0
2019,9,8,2,0,3,0,1,0,0,1,0,0,0,0,0,0
2019,8,15,6,0,1,0,0,0,0,1,0,0,0,0,0,0
2020,9,11,4,2,6,0,0,1,0,0,0,0,0,0,1,0
2018,9,11,4,5,2,0,0,1,0,0,0,0,0,0,0,0
2018,12,16,4,1,1,2,0,1,0,0,0,0,1,0,0,0
2018,12,9,6,5,2,0,1,0,0,0,1,0,0,0,0,1
2021,12,22,1,2,6,2,0,1,0,0,0,0,1,1,2,0
2021,12,16,7,5,2,1,1,1,0,0,0,0,1,1,2,1
2018,10,13,5,1,1,0,1,1,0,0,0,0,1,0,0,0
2018,8,11,4,5,2,0,1,1,0,0,0,0,0,0,0,1
2019,11,10,3,5,2,0,1,0,0,0,0,1,0,0,0,0
2020,1,13,4,5,5,0,1,1,0,0,0,0,0,0,0,0
2018,2,19,6,5,2,2,0,1,0,0,0,0,0,0,0,0
2020,9,16,1,5,2,0,1,1,0,0,0,0,0,0,1,0
2018,9,12,1,2,2,0,0,1,0,0,0,0,0,0,0,0
2021,7,9,6,1,7,0,0,1,0,0,0,0,0,0,1,0
2019,1,7,4,2,6,0,0,1,0,0,0,0,2,0,0,0
2018,3,19,1,1,5,2,0,1,0,0,0,0,0,0,0,1
2019,7,15,3,6,4,0,1,0,1,0,0,0,0,0,0,0
2020,1,18,7,5,3,2,1,1,0,0,0,0,0,0,0,0
2019,8,14,7,2,3,0,0,1,0,0,0,0,0,0,0,0
2019,2,21,1,5,2,2,0,1,0,1,0,0,0,0,0,1
2020,9,13,7,2,6,0,0,1,0,0,0,0,1,0,1,0
2018,4,6,3,5,3,1,0,1,0,0,0,0,1,0,0,0
2020,8,13,6,1,5,0,1,1,0,0,0,0,0,0,1,0
2019,12,22,6,0,1,2,0,0,0,1,0,0,0,0,0,0
2019,5,13,1,2,6,0,0,1,0,0,0,0,0,0,0,0
2020,8,23,5,1,5,2,1,1,0,0,0,0,0,0,1,1
2019,6,7,6,3,6,0,0,1,0,0,0,1,0,0,0,0
2020,1,18,5,6,4,2,0,1,1,0,0,0,0,0,0,1
2020,2,16,6,1,5,1,0,1,0,1,0,0,1,0,0,1
2021,9,8,5,0,1,0,0,0,0,0,0,1,0,0,1,0
2020,8,13,2,3,6,0,0,1,0,0,0,0,0,0,1,0
2021,10,15,5,5,2,0,1,1,0,0,0,0,1,0,1,0
2018,7,15,4,5,2,0,1,1,0,0,0,0,0,0,0,0
2020,10,19,5,6,4,1,0,0,1,0,0,1,0,1,1,1
2019,7,16,6,5,3,0,1,1,0,0,0,0,0,0,0,0
2018,3,12,5,1,5,0,1,0,0,0,0,1,1,0,0,0
2020,2,13,7,5,3,0,1,1,0,0,0,0,0,0,0,0
2019,10,18,7,2,6,2,0,1,0,1,0,0,0,0,0,1
2021,2,18,1,6,4,2,0,0,1,0,0,1,0,1,2,0
2018,12,8,2,2,6,0,0,1,0,0,0,0,0,0,0,0
2020,12,13,3,5,3,0,0,1,0,0,0,0,0,1,2,0
2021,7,8,6,0,2,0,1,1,0,0,0,0,0,0,1,0
2019,11,7,3,2,6,1,0,1,0,0,0,0,0,0,0,0
2020,12,15,4,2,7,0,1,1,0,0,0,1,1,1,2,0
2018,8,20,6,3,6,0,0,1,0,0,0,0,0,0,0,0
2020,1,8,2,5,2,0,1,1,0,0,0,0,0,0,0,0
2018,11,7,4,2,2,0,0,1,0,0,0,0,1,0,0,0
2019,5,9,5,3,6,0,1,0,0,0,0,1,0,0,0,0
2021,4,19,1,2,6,1,1,0,0,1,0,0,0,1,2,0
2018,1,11,7,5,2,0,1,1,0,0,0,0,0,0,0,1
2018,11,16,4,5,2,1,0,1,0,0,0,0,0,0,0,1
2018,5,6,4,2,2,0,0,1,0,0,0,0,0,0,0,0
2021,10,22,6,5,3,2,0,1,0,0,0,0,0,0,1,0
2020,1,13,7,5,2,0,1,1,0,0,0,0,0,0,0,0
2020,1,10,3,6,4,0,0,1,1,0,0,0,0,0,0,1
2019,1,17,3,5,3,2,1,1,0,0,0,0,1,0,0,0
2020,8,17,3,2,6,0,0,1,0,1,0,0,0,0,1,0
2021,4,15,5,0,7,0,0,0,0,1,0,0,0,1,2,0
2021,11,11,4,5,3,0,0,1,0,0,0,0,1,0,2,0
2019,7,14,3,5,2,0,0,1,0,0,0,1,0,0,0,0
2019,7,19,6,5,3,0,0,1,0,0,0,0,0,0,0,1
2018,5,7,4,2,6,0,0,1,0,0,0,0,0,0,0,0
2018,5,7,4,1,1,0,0,1,0,1,0,1,0,0,0,0
2020,9,15,7,0,2,0,0,0,0,0,0,1,0,0,1,0
2018,10,19,6,5,2,2,1,1,0,0,0,0,0,0,0,0
2019,6,11,6,2,6,0,0,1,0,0,0,0,0,0,0,0
2021,6,7,4,3,6,0,0,1,0,1,0,0,1,0,1,0
2020,2,16,1,1,5,0,1,0,0,1,0,0,0,0,0,0
2020,5,14,2,6,4,0,0,1,1,0,0,0,0,1,1,0
2020,2,21,4,3,6,2,1,1,0,0,0,0,1,0,0,0
2021,5,5,7,5,2,0,1,1,0,0,0,0,0,1,2,0
2020,5,18,7,1,5,0,0,1,0,0,0,0,0,1,1,0
2018,8,8,4,2,6,0,1,0,0,0,0,0,0,0,0,0
2020,9,14,4,5,3,0,0,1,0,0,0,0,1,0,1,0
2018,3,11,5,5,3,0,0,1,0,0,0,0,0,0,0,0
2018,6,23,6,5,3,2,0,1,0,0,0,0,1,0,0,0
2020,6,21,3,5,2,0,0,0,0,1,0,1,0,0,1,0
2018,9,13,5,5,3,0,0,1,0,0,0,1,0,0,0,0
2021,11,17,6,3,6,2,1,1,0,0,0,0,0,0,2,0
2020,9,15,5,2,3,0,1,1,0,0,0,0,0,0,1,0
2019,10,16,4,6,2,0,0,1,1,0,0,0,0,0,0,0
2019,3,21,5,2,6,2,0,1,0,0,0,0,0,0,0,0
2019,9,11,5,1,5,0,0,1,0,0,0,1,0,0,0,0
2019,6,7,7,4,6,0,0,1,0,0,0,0,0,0,0,0
2020,6,11,3,3,6,0,0,1,0,0,0,0,0,0,1,0
2019,11,16,6,1,5,1,1,1,0,0,0,0,0,0,0,0
2020,6,12,7,5,2,0,0,1,0,0,0,0,0,0,1,0
2019,6,14,5,0,1,0,0,0,0,1,0,0,0,0,0,0
2019,6,15,3,2,6,0,0,0,0,1,0,1,0,0,0,0
2020,12,20,2,5,2,2,0,1,0,0,0,0,0,1,2,0
2021,10,14,3,0,1,0,1,0,0,0,0,0,0,0,1,0
2021,7,8,3,0,7,0,0,1,0,0,0,1,0,0,1,0
2020,10,20,5,5,3,2,1,1,0,0,0,0,0,1,1,0
2018,7,16,4,5,2,0,1,1,0,0,0,0,0,0,0,0
2021,1,10,5,3,6,0,0,1,0,0,0,0,1,1,2,0
2021,7,15,7,1,5,0,1,0,0,0,0,1,0,0,1,0
2020,11,14,4,5,2,0,1,1,0,0,0,0,0,1,2,1
2020,11,8,2,5,2,0,1,1,0,0,0,0,1,1,2,0
2020,4,22,4,9,1,2,0,1,0,0,0,0,1,1,2,1
2018,8,13,5,5,3,0,0,0,0,0,1,1,0,0,0,1
2019,6,17,5,5,3,0,1,1,0,0,0,0,0,0,0,0
2020,11,17,5,3,6,2,0,1,0,0,0,0,1,1,2,0
2020,4,17,2,5,2,0,1,1,0,0,0,0,0,1,2,0
2020,7,17,7,2,6,0,1,0,0,0,0,0,0,0,1,0
2021,5,11,6,0,1,0,1,0,0,0,0,0,0,1,2,0
2020,10,15,5,6,3,0,0,1,1,0,0,0,0,1,1,0
2020,7,18,1,5,2,0,1,1,0,0,0,0,1,0,1,0
2018,3,15,2,5,3,0,0,1,0,0,0,0,0,0,0,0
2021,9,9,1,5,2,0,0,1,0,0,0,0,0,0,1,0
2021,8,10,6,2,2,0,1,0,0,0,1,0,1,0,1,0
2019,1,17,3,5,2,1,0,1,0,0,0,0,1,0,0,1
2019,5,12,6,0,7,0,0,0,0,1,0,1,1,0,0,0
2020,9,13,1,5,2,0,1,1,0,0,0,0,0,0,1,0
2021,7,19,2,3,6,0,0,1,0,0,0,0,0,0,1,0
2019,12,15,4,5,3,0,1,1,0,0,0,0,0,0,0,1
2019,7,9,6,5,2,0,1,1,0,0,0,0,0,0,0,0
2020,7,9,5,0,7,0,1,0,1,0,0,0,0,0,1,0
2018,9,15,3,3,6,0,1,1,0,0,0,0,0,0,0,0
2021,8,14,7,5,2,0,0,1,0,1,0,0,0,0,1,0
2018,1,7,4,5,7,1,0,1,0,0,0,0,1,0,0,1
2021,12,14,5,2,6,1,0,1,0,0,0,1,1,1,2,0
2019,6,18,5,1,1,0,0,1,0,0,0,1,0,0,0,1
2019,7,11,5,2,6,0,0,1,0,0,0,1,0,0,0,0
2020,8,8,2,2,6,0,0,1,0,0,0,0,0,0,1,0
2019,3,15,3,5,3,0,0,1,0,0,0,0,1,0,0,0
2021,2,19,2,5,3,2,0,1,0,0,0,0,1,1,2,0
2020,9,13,1,2,7,0,1,0,0,0,0,0,0,0,1,0
2021,3,16,7,6,4,0,0,1,1,0,0,0,0,0,2,0
2018,10,17,6,0,3,1,1,1,0,0,0,0,0,0,0,0
2021,10,18,5,0,1,2,0,1,0,1,0,0,0,0,1,0
2021,12,23,7,0,4,2,0,0,1,0,0,1,1,1,2,0
2019,1,19,7,6,2,2,0,1,1,0,0,0,1,0,0,0
2018,8,20,6,5,3,1,1,1,0,0,0,0,0,0,0,0
2018,7,19,3,5,2,0,1,1,0,0,0,0,0,0,0,0
2018,8,14,6,0,6,0,1,1,0,0,0,0,0,0,0,0
2020,5,16,4,5,7,0,0,1,0,1,0,0,0,1,1,0
2019,10,8,5,5,3,0,1,0,0,0,0,1,1,0,0,0
2021,6,10,3,2,6,0,0,1,0,1,0,0,0,0,1,0
2021,9,9,2,2,6,0,0,1,0,0,0,0,0,0,1,0
2019,5,13,6,5,3,0,0,1,0,1,0,0,0,0,0,1
2018,10,12,5,0,1,0,1,0,0,0,0,0,1,0,0,0
2021,11,13,3,0,1,0,0,0,0,1,0,0,1,0,2,0
2021,7,15,4,0,5,0,1,0,0,0,0,1,0,0,1,0
2018,11,13,2,2,6,0,0,1,0,0,0,0,1,0,0,0
2018,8,12,7,1,5,0,1,1,0,0,0,0,0,0,0,0
2018,1,1,2,5,3,2,0,1,0,0,0,0,0,0,0,0
2019,9,19,7,5,3,2,0,1,0,0,0,0,0,0,0,0
2018,10,16,2,2,6,0,1,1,0,0,0,0,0,0,0,0
2018,8,17,4,0,1,0,1,0,0,0,0,0,0,0,0,1
2021,11,9,3,2,7,0,0,1,0,0,0,0,1,0,2,0
2018,6,19,5,5,2,0,1,1,0,0,0,0,0,0,0,0
2019,9,16,6,5,2,0,1,0,0,0,0,1,0,0,0,0
2018,5,9,3,3,6,0,1,0,0,0,0,1,0,0,0,1
2021,8,22,7,5,7,2,0,1,0,1,0,0,1,0,1,0
2018,10,11,1,5,2,0,0,1,0,1,0,0,0,0,0,1
2018,8,22,6,2,6,2,0,1,0,0,0,0,0,0,0,0
2020,6,18,6,0,1,0,0,1,0,1,0,0,0,0,1,0
2019,9,15,4,5,2,0,1,1,0,0,0,0,0,0,0,0
2018,5,15,4,0,1,0,0,0,0,1,0,0,0,0,0,1
2021,7,11,6,5,2,0,1,1,0,0,0,0,0,0,1,0
2021,6,17,4,5,3,0,1,1,0,0,0,0,0,0,1,1
2020,10,14,3,6,4,0,0,1,1,0,0,0,0,1,1,0
2021,12,20,5,2,1,2,0,1,0,0,0,0,2,1,2,0
2021,7,7,2,5,3,0,0,1,0,1,0,0,0,0,1,0
2020,6,15,4,5,3,0,1,1,0,0,0,0,0,0,1,0
2018,7,10,1,8,1,0,0,0,0,1,0,0,0,0,0,0
2021,9,4,5,2,2,2,0,1,1,0,0,0,0,0,1,0
2021,12,8,2,0,1,0,1,0,0,0,0,0,2,1,2,0
2020,10,7,7,0,7,1,0,0,0,0,0,1,0,1,1,0
2019,10,8,4,5,2,0,0,1,0,0,0,0,1,0,0,1
2019,2,15,5,5,3,0,0,1,0,0,0,0,0,0,0,0
2020,10,8,4,1,5,0,1,1,0,0,0,0,1,1,1,0
2021,5,6,1,9,1,0,0,1,0,0,0,0,0,1,2,0
2018,12,16,5,3,6,1,0,1,0,1,0,0,1,0,0,0
2021,7,18,3,0,7,0,1,0,0,0,0,0,0,0,1,1
2020,2,21,4,6,2,2,0,0,1,0,0,1,1,0,0,0
2019,11,16,6,5,3,2,1,1,0,0,0,0,0,0,0,0
2021,12,20,1,2,6,2,0,1,0,0,0,1,2,1,2,0
2020,3,7,3,5,3,0,1,1,0,0,0,0,1,1,1,0
2020,4,13,7,2,2,0,1,1,0,0,0,0,0,1,2,0
2019,8,5,2,2,6,1,0,1,0,0,0,0,0,0,0,0
2021,6,10,3,3,6,0,0,1,0,0,1,0,0,0,1,0
2021,5,23,3,1,5,2,0,1,0,0,0,1,0,1,2,0
2018,11,7,3,6,2,0,0,1,1,0,0,0,1,0,0,0
2020,2,7,5,6,4,0,0,1,1,0,0,0,0,0,0,0
2019,8,15,3,0,3,0,0,1,0,1,0,0,0,0,0,0
2021,9,15,7,2,6,0,0,1,0,0,0,0,0,0,1,0
2018,5,17,3,3,6,0,1,1,0,0,0,0,0,0,0,0
2019,11,9,4,5,3,0,1,1,0,0,0,0,0,0,0,1
2018,9,23,6,5,3,2,0,1,0,1,0,0,0,0,0,1
2020,6,10,4,2,6,0,0,1,0,0,0,0,0,0,1,0
2018,11,18,5,6,2,2,0,1,1,0,0,0,0,0,0,1
2019,8,22,1,2,6,2,0,1,0,0,0,0,1,0,0,0
2021,11,16,4,2,7,2,0,1,0,0,0,0,1,0,2,0
2020,12,21,6,2,2,2,0,1,0,0,0,0,0,1,2,0
2020,10,14,4,0,2,0,1,0,0,0,1,0,1,1,1,1
2020,2,10,3,1,5,0,1,1,0,0,0,0,0,0,0,0
2019,7,18,7,5,2,0,1,1,0,0,0,0,0,0,0,0
2018,5,21,4,0,1,2,0,0,0,1,0,0,1,0,0,0
2018,1,7,6,5,2,1,1,1,0,0,0,0,1,0,0,0
2021,9,16,6,2,6,0,0,1,0,1,0,0,0,0,1,0
2019,9,7,4,3,6,0,1,1,0,0,0,0,0,0,0,0
2018,6,18,6,2,6,0,0,1,0,1,0,0,0,0,0,0
2020,5,0,1,0,1,2,1,0,0,0,0,0,0,1,1,0
2019,7,19,4,1,5,0,1,1,0,0,0,0,0,0,0,0
2018,5,23,7,0,5,2,0,1,0,0,0,1,0,0,0,0
2020,3,18,5,1,5,2,1,0,0,0,0,1,0,1,1,0
2020,7,12,3,0,7,0,0,0,0,0,0,1,0,0,1,0
2018,8,15,2,5,3,0,0,1,0,0,0,0,0,0,0,0
2021,6,10,6,5,2,0,1,1,0,0,0,0,0,0,1,0
2020,1,15,6,2,6,0,0,1,0,0,1,0,0,0,0,0
2018,6,20,4,5,7,0,1,1,0,0,0,0,0,0,0,0
2020,11,15,6,1,5,0,0,1,0,0,0,0,1,1,2,0
2019,12,7,2,5,3,1,0,1,0,0,0,0,1,0,0,0
2021,8,22,1,5,3,2,0,1,0,0,0,0,1,0,1,1
2020,11,10,5,0,7,0,0,1,1,0,0,0,0,1,2,0
2018,10,15,7,0,1,0,0,0,0,1,0,0,0,0,0,0
2019,1,19,3,0,6,2,0,0,0,1,0,1,1,0,0,0
2020,10,17,1,6,4,1,0,0,1,1,0,0,0,1,1,0
2020,10,14,6,5,3,0,1,1,0,0,0,0,0,1,1,0
2021,8,18,2,6,4,1,0,1,1,0,0,0,0,0,1,0
2018,4,3,1,1,1,2,1,1,0,0,0,0,0,0,0,0
2018,3,10,5,5,2,0,1,1,0,0,0,0,0,0,0,0
2018,4,17,1,0,1,1,0,0,0,1,0,0,0,0,0,0
2018,5,8,2,2,6,0,0,1,0,1,0,0,0,0,0,0
2019,1,8,2,6,4,0,0,1,1,0,0,0,0,0,0,0
2020,10,15,5,3,6,0,1,0,0,0,0,0,0,1,1,1
2020,1,6,6,0,1,2,0,0,0,1,0,0,2,0,0,1
2018,5,14,4,6,7,0,1,0,1,0,0,0,0,0,0,0
2018,10,21,3,8,1,2,0,1,0,0,0,0,1,0,0,1
2020,7,0,1,6,4,2,0,1,1,0,0,0,0,0,1,0
2018,6,11,6,5,2,0,0,1,0,0,0,0,0,0,0,0
2018,1,3,6,1,5,2,0,1,0,1,0,0,1,0,0,0
2018,5,15,3,3,6,0,1,1,0,0,0,0,0,0,0,0
2019,4,15,4,6,4,0,0,1,1,0,0,0,0,0,0,1
2020,9,17,1,0,3,0,0,1,0,1,0,0,0,0,1,0
2021,10,7,3,0,1,2,0,0,0,1,0,0,1,0,1,0
2020,2,17,6,0,3,2,1,1,0,0,0,0,0,0,0,1
2020,2,15,2,5,3,0,0,1,0,0,0,0,1,0,0,0
2018,3,17,4,5,3,0,0,1,0,0,0,0,0,0,0,0
2019,8,16,2,5,3,0,1,0,0,0,0,0,0,0,0,0
2019,1,15,4,2,6,0,0,0,0,1,0,0,0,0,0,0
2019,6,7,2,2,6,0,0,1,0,0,1,0,0,0,0,0
2018,4,7,5,6,4,0,0,1,1,0,0,0,0,0,0,0
2018,3,7,5,5,2,0,0,1,0,0,0,0,1,0,0,0
2021,1,22,4,9,1,2,0,1,0,0,0,0,0,1,2,1
2018,1,19,2,0,7,2,0,0,0,1,0,0,1,0,0,0
2021,12,19,3,2,2,2,0,1,0,0,0,0,1,1,2,0
2021,6,9,5,6,2,0,0,1,1,0,0,0,0,0,1,0
2018,1,18,3,6,4,2,1,0,1,0,0,0,1,0,0,0
2021,1,9,3,5,2,0,1,1,0,0,0,0,1,1,2,0
2020,7,9,2,5,3,0,0,1,0,0,0,0,0,0,1,0
2021,11,16,5,5,3,2,1,1,0,0,0,0,1,0,2,1
2018,9,9,6,5,3,0,1,1,0,0,0,0,0,0,0,1
2018,6,16,3,0,1,0,0,0,0,1,0,0,0,0,0,0
2018,7,23,5,1,1,2,1,1,0,0,0,0,0,0,0,0
2019,8,15,3,2,6,0,0,1,0,0,0,0,0,0,0,0