UJAHR,UMONAT,USTUNDE,UWOCHENTAG,UART,UTYP1,ULICHTVERH,IstRad,IstPKW,IstFuss,IstKrad,IstGkfz,IstSonstige,USTRZUSTAND,LOCKDOWN,COVID,UKATEGORIE
2020,11,9,3,0,1,0,1,0,0,0,0,0,1,1,2,0
2020,8,19,2,0,3,0,0,1,0,0,0,1,0,0,1,0
2020,9,12,1,5,3,0,0,1,0,0,0,0,0,0,1,1
2019,12,12,5,5,2,1,1,0,0,0,1,0,0,0,0,1
2018,9,3,1,9,1,2,0,1,0,0,0,0,1,0,0,0
2020,4,17,7,5,2,0,1,1,0,0,0,0,0,1,2,0
2021,3,14,4,2,7,0,1,1,0,0,0,0,0,0,2,0
2021,8,20,1,5,2,1,0,1,0,0,0,0,0,0,1,0
2020,8,14,2,6,7,0,1,0,1,0,0,0,0,0,1,0
2020,11,8,4,5,3,0,0,1,0,1,0,0,0,1,2,1
2018,6,22,7,0,1,2,0,0,0,1,0,1,1,0,0,1
2018,7,16,5,1,5,0,1,1,0,0,0,1,0,0,0,1
2019,2,13,5,6,4,0,1,0,1,0,0,0,0,0,0,1
2020,5,16,5,5,3,0,0,1,0,0,0,1,0,1,1,0
2019,5,12,2,1,5,0,1,1,0,0,0,0,0,0,0,0
2021,7,15,5,0,2,0,0,1,0,0,0,1,0,0,1,0
2018,3,15,3,9,1,0,0,1,0,0,0,0,0,0,0,0
2021,8,13,5,5,2,0,0,1,0,0,0,0,0,0,1,0
2018,6,18,3,0,4,0,0,1,1,0,0,0,0,0,0,0
2019,4,19,3,5,3,1,1,1,0,0,0,0,0,0,0,1
2021,6,15,6,5,7,0,0,1,0,1,0,0,0,0,1,0
2019,11,22,4,0,7,2,0,1,0,1,0,0,0,0,0,0
2021,7,17,3,8,1,0,1,0,0,0,0,0,0,0,1,1
2021,10,7,6,3,6,1,0,1,0,1,0,0,0,0,1,0
2020,2,20,7,6,2,2,0,1,1,0,0,0,1,0,0,0
2021,6,16,3,6,4,0,0,1,1,0,0,0,0,0,1,0
2020,5,19,3,5,3,0,0,1,0,0,0,0,0,1,1,0
2018,10,22,2,6,4,2,0,0,1,1,0,0,0,0,0,0
2018,7,12,7,2,6,0,0,1,0,0,0,0,0,0,0,1
2020,8,1,6,7,1,2,1,0,0,0,0,0,1,0,1,0
2020,1,15,3,2,6,0,0,1,0,0,0,0,1,0,0,0
2020,4,15,2,5,2,0,1,1,0,0,0,0,0,1,2,0
2019,7,11,4,6,7,0,0,1,1,0,0,0,0,0,0,1
2019,10,16,3,2,6,0,1,1,0,0,0,0,0,0,0,0
2020,8,18,6,5,3,0,0,1,0,1,0,0,0,0,1,0
2019,12,18,2,6,2,2,0,1,1,0,0,0,1,0,0,1
2021,6,12,3,5,3,0,0,1,0,0,0,0,0,0,1,0
2021,11,12,2,6,7,0,0,0,1,0,0,1,1,0,2,0
2019,10,11,6,6,4,0,0,1,1,0,0,0,0,0,0,0
2020,11,8,6,5,2,0,1,0,0,0,1,0,0,1,2,0
2019,12,22,4,4,1,2,0,1,0,0,1,0,0,0,0,0
2019,5,13,6,6,4,0,0,1,1,0,0,0,0,0,0,0
2018,5,12,6,6,4,0,0,1,1,0,0,0,0,0,0,1
2019,8,15,2,2,2,0,0,1,0,0,0,1,0,0,0,0
2018,8,7,4,5,2,0,0,1,0,0,0,0,0,0,0,0
2021,7,7,3,5,2,0,1,1,0,0,0,0,0,0,1,1
2019,8,20,4,0,2,0,0,1,0,1,0,0,0,0,0,0
2019,5,7,3,1,5,0,1,1,0,0,0,0,0,0,0,0
2021,1,18,3,6,2,2,0,1,1,0,0,0,1,1,2,0
2021,2,10,4,3,6,0,1,0,0,0,0,1,0,1,2,0
2019,11,16,3,5,3,2,1,1,0,0,0,0,1,0,0,0
2018,4,16,7,0,3,0,1,0,0,0,0,1,0,0,0,1
2021,8,22,7,2,6,2,1,1,0,0,0,0,0,0,1,0
2019,3,6,3,5,3,0,0,1,0,0,0,0,0,0,0,0
2018,10,15,5,5,3,0,1,1,0,0,0,0,0,0,0,0
2021,12,19,6,0,7,2,0,0,0,1,0,0,1,1,2,1
2021,12,22,6,0,1,2,0,1,0,0,0,0,2,1,2,1
2020,10,8,6,5,2,0,1,1,0,0,0,0,0,1,1,0
2019,9,15,6,4,6,0,0,1,0,1,0,0,1,0,0,0
2018,6,14,6,3,6,0,0,1,0,1,0,0,0,0,0,0
2019,4,17,4,6,7,0,1,0,0,0,0,1,0,0,0,0
2021,6,20,7,0,1,0,1,0,0,0,0,0,0,0,1,0
2018,9,8,4,0,1,0,0,0,0,1,0,0,0,0,0,1
2020,4,21,2,0,1,2,0,0,0,1,0,0,0,1,2,1
2021,2,14,4,4,6,0,1,0,0,0,0,0,0,1,2,1
2019,7,15,4,5,2,0,1,1,0,0,0,0,0,0,0,1
2020,8,20,2,2,7,2,1,1,0,0,0,0,1,0,1,0
2020,6,16,3,1,7,0,0,1,0,1,0,1,0,0,1,1
2020,7,20,5,5,2,0,1,1,0,0,0,0,0,0,1,0
2019,7,3,7,9,1,1,0,0,0,1,0,0,0,0,0,1
2019,11,15,2,2,6,0,1,1,0,0,0,0,0,0,0,0
2019,9,8,4,5,2,0,1,1,0,0,0,0,0,0,0,0
2019,5,9,2,3,6,0,1,1,0,0,0,0,0,0,0,0
2018,6,12,5,1,5,0,0,1,0,0,0,0,0,0,0,0
2020,1,10,6,5,3,0,1,1,0,0,0,0,0,0,0,0
2018,1,8,4,5,3,1,1,1,0,0,0,0,1,0,0,0
2019,1,12,3,4,1,0,0,1,0,0,0,0,1,0,0,0
2019,7,16,4,9,1,0,0,1,0,0,0,0,0,0,0,0
2021,9,3,1,0,1,2,0,0,0,0,0,1,0,0,1,0
2020,6,6,4,5,7,0,0,1,0,1,0,0,0,0,1,0
2020,4,14,5,2,2,0,0,1,0,0,0,0,1,1,2,0
2020,4,22,7,6,2,2,0,1,1,0,0,0,0,1,2,0
2020,8,19,4,6,4,0,0,0,1,1,0,0,0,0,1,0
2020,6,22,2,5,3,2,0,1,0,0,0,0,0,0,1,1
2018,4,8,5,5,3,0,0,1,0,0,0,1,0,0,0,0
2019,1,13,2,5,2,0,0,1,0,0,0,0,0,0,0,0
2020,7,22,3,5,3,2,0,1,0,0,0,1,0,0,1,0
2021,12,17,5,6,2,2,0,1,1,0,0,0,0,1,2,0
2020,4,18,2,0,1,0,1,0,0,0,0,0,0,1,2,0
2018,5,8,2,2,6,0,0,0,0,1,0,1,0,0,0,1
2019,9,7,4,6,7,0,0,0,0,0,0,1,0,0,0,0
2019,2,14,7,5,3,0,1,1,0,0,0,0,0,0,0,0
2018,11,15,3,2,6,0,0,1,0,0,0,0,0,0,0,0
2018,7,10,6,5,3,0,0,1,0,1,0,0,0,0,0,0
2019,10,6,5,0,6,1,0,1,0,1,0,0,0,0,0,0
2019,5,11,2,5,3,0,1,1,0,0,0,0,0,0,0,0
2021,4,15,6,5,2,0,0,1,0,0,0,0,0,1,2,1
2020,5,13,1,5,2,0,1,1,0,0,0,0,0,1,1,0
2020,9,21,2,2,7,2,1,1,0,0,0,0,0,0,1,0
2018,2,20,3,5,2,2,0,1,0,0,0,0,0,0,0,0
2020,12,13,4,6,7,0,0,1,1,0,0,0,0,1,2,1
2018,4,15,1,5,2,0,1,1,0,0,0,0,0,0,0,0
2018,5,8,7,5,2,0,1,1,0,0,0,0,0,0,0,1
2021,8,12,3,5,3,0,1,1,0,0,0,0,0,0,1,0
2019,10,14,6,5,7,0,1,0,0,0,0,1,0,0,0,0
2019,6,10,5,3,6,0,1,1,0,0,0,0,0,0,0,0
2020,1,8,6,3,6,0,0,0,0,0,0,1,0,0,0,0
2018,11,10,7,5,3,0,0,0,0,1,0,1,0,0,0,0
2018,3,5,2,0,2,2,0,1,0,0,0,1,0,0,0,0
2019,10,12,2,5,3,0,0,1,0,0,0,0,0,0,0,0
2019,2,17,3,1,7,2,0,1,0,0,0,1,0,0,0,0
2019,10,14,5,5,3,0,0,1,0,0,0,0,1,0,0,0
2020,4,15,2,3,6,0,1,0,0,0,0,0,0,1,2,0
2019,6,15,5,3,6,0,0,1,0,0,0,0,0,0,0,0
2018,9,7,4,0,7,0,0,1,0,0,0,0,0,0,0,0
2018,2,22,1,5,3,2,0,1,0,0,0,0,1,0,0,0
2018,4,15,6,6,7,0,0,1,1,0,0,0,0,0,0,0
2020,7,19,7,5,3,0,1,1,0,0,0,0,0,0,1,0
2019,11,7,3,0,3,0,1,0,0,1,0,0,0,0,0,0
2019,7,12,6,0,2,0,1,1,0,0,0,0,0,0,0,0
2020,3,16,1,2,6,0,0,1,0,1,0,0,0,1,1,0
2020,9,7,4,6,4,0,0,1,1,0,0,0,1,0,1,0
2018,8,16,4,0,1,0,0,1,0,0,0,0,0,0,0,0
2020,10,16,4,3,6,0,1,1,0,0,0,0,1,1,1,0
2018,7,19,6,1,5,0,1,1,0,0,0,0,0,0,0,1
2019,10,13,6,5,2,0,0,1,0,0,0,0,0,0,0,0
2020,2,0,7,5,2,2,0,1,0,0,0,0,0,0,0,0
2020,9,21,6,0,1,2,0,0,0,1,0,0,0,0,1,0
2019,7,9,4,5,2,0,0,1,0,0,0,0,0,0,0,0
2021,10,13,5,6,4,0,0,1,1,0,0,0,0,0,1,0
2021,8,10,5,5,3,0,0,0,0,1,1,0,0,0,1,1
2019,7,19,2,2,6,0,0,1,0,0,1,0,0,0,0,0
2019,8,16,3,3,6,0,0,1,0,0,0,0,0,0,0,0
2018,8,16,4,2,6,0,1,1,0,0,0,1,0,0,0,0
2019,11,22,6,0,3,2,1,1,0,0,0,0,0,0,0,0
2020,10,15,4,5,3,0,0,1,0,0,0,0,1,1,1,0
2019,7,16,4,5,3,0,1,1,0,0,0,0,0,0,0,0
2020,5,10,3,6,4,0,0,0,1,0,0,1,0,1,1,0
2020,5,20,7,6,4,0,0,0,1,1,0,0,0,1,1,1
2018,6,7,6,1,5,0,1,1,0,0,0,0,0,0,0,1
2020,12,12,4,2,6,0,0,1,0,0,0,1,0,1,2,0
2020,11,15,3,0,6,0,0,1,0,1,0,0,1,1,2,0
2021,1,14,3,1,5,0,1,1,0,0,0,0,1,1,2,0
2019,5,7,2,6,4,0,0,1,1,0,0,0,0,0,0,0
2018,9,10,3,5,2,0,1,0,0,0,1,0,0,0,0,1
2020,8,1,1,6,4,2,1,0,1,0,0,0,0,0,1,0
2020,9,8,4,6,7,0,1,0,1,0,0,0,0,0,1,0
2020,10,17,2,2,6,1,0,1,0,1,0,0,1,1,1,0
2021,5,13,2,2,6,0,0,1,0,1,0,0,0,1,2,0
2021,5,16,3,2,6,0,0,1,0,1,0,0,0,1,2,0
2021,7,9,2,5,2,0,1,0,0,0,0,1,1,0,1,0
2019,1,12,4,2,6,0,0,1,0,0,0,0,1,0,0,0
2018,5,10,6,5,2,0,0,1,0,0,0,0,0,0,0,0
2020,2,5,5,0,7,2,0,1,0,0,0,0,0,0,0,1
2021,7,1,7,8,1,2,0,1,0,0,0,0,1,0,1,0
2020,11,8,5,5,2,0,1,1,0,0,0,0,0,1,2,0
2019,6,16,5,5,2,0,1,1,0,0,0,0,0,0,0,0
2018,12,13,2,5,3,0,0,1,0,1,0,0,1,0,0,1
2018,8,11,5,1,5,0,1,1,0,0,0,0,0,0,0,0
2019,12,6,2,5,3,2,0,1,0,0,0,0,0,0,0,0
2018,10,16,3,5,3,0,0,1,0,0,0,0,1,0,0,0
2019,1,2,1,6,4,2,0,1,1,0,0,0,1,0,0,1
2020,9,12,7,2,6,0,0,1,0,0,0,0,0,0,1,0
2018,4,16,5,2,6,0,0,1,0,0,0,0,1,0,0,0
2019,2,8,5,5,2,0,0,1,0,1,0,0,0,0,0,0
2019,10,17,3,1,5,0,1,1,0,0,0,0,1,0,0,0
2021,6,18,2,2,6,0,0,1,0,1,0,0,0,0,1,0
2021,8,14,7,5,2,0,1,1,0,0,0,0,0,0,1,0
2020,4,13,5,3,6,0,1,0,0,0,0,0,0,1,2,1
2018,1,11,6,3,6,0,1,1,0,0,0,0,1,0,0,0
2018,7,9,6,2,2,0,0,1,0,0,0,0,0,0,0,0
2018,9,7,2,1,5,0,1,1,0,0,0,0,0,0,0,1
2021,7,11,6,0,1,0,1,0,0,0,0,0,1,0,1,0
2020,6,8,5,0,6,0,0,0,0,1,0,1,1,0,1,0
2019,11,0,2,1,5,2,1,1,0,0,0,0,0,0,0,0
2019,12,5,2,0,6,2,0,1,0,1,0,0,1,0,0,0
2019,7,20,3,5,3,0,0,1,0,0,0,0,0,0,0,0
2018,7,12,7,1,5,0,1,1,0,0,0,0,0,0,0,0
2018,8,19,5,0,2,0,1,1,0,0,0,0,0,0,0,0
2018,12,19,7,1,5,2,0,1,0,0,0,0,1,0,0,0
2021,3,7,5,5,3,0,1,1,0,0,0,0,0,0,2,1
2018,9,10,1,0,7,0,0,0,0,1,0,0,0,0,0,0
2020,9,13,2,2,2,0,0,1,0,0,0,0,0,0,1,0
2018,7,19,5,5,3,0,1,1,0,0,0,0,0,0,0,0
2019,8,23,1,2,6,2,0,1,0,0,0,0,0,0,0,0
2020,8,16,5,5,2,0,1,1,0,0,0,0,0,0,1,0
2019,9,16,7,6,7,0,1,0,1,0,0,0,0,0,0,0
2018,8,15,2,0,6,0,0,1,0,1,0,0,0,0,0,0
2018,3,8,2,2,6,0,0,1,0,0,0,0,0,0,0,0
2018,12,6,3,5,3,2,1,1,0,0,0,0,0,0,0,0
2019,12,2,3,2,7,2,1,1,0,0,0,0,1,0,0,0
2018,12,7,3,1,5,2,0,1,0,0,0,0,1,0,0,0
2018,7,16,2,0,1,0,0,0,0,1,0,0,0,0,0,0
2020,10,0,2,5,2,2,1,1,0,0,0,0,0,1,1,0
2019,3,10,4,5,3,0,0,1,0,0,0,1,0,0,0,0
2021,12,16,7,2,6,1,0,1,0,0,1,0,0,1,2,0
2018,10,18,5,5,3,1,1,1,0,0,0,0,0,0,0,0
2021,9,15,5,5,3,0,0,1,0,0,0,0,0,0,1,0
2021,9,13,4,5,2,0,1,1,0,0,0,0,0,0,1,0
2021,8,15,6,5,2,0,1,1,0,0,0,0,0,0,1,0
2020,3,12,3,5,3,0,0,1,0,0,0,0,1,1,1,0
2018,2,22,7,9,1,2,0,1,0,0,0,0,1,0,0,0
2020,10,9,4,0,2,0,1,0,0,1,0,0,1,1,1,0
2019,3,19,3,3,6,2,0,1,0,0,0,0,0,0,0,0
2021,11,16,5,2,4,2,0,1,1,1,0,0,1,0,2,0
2020,7,20,6,2,6,1,0,1,0,0,0,0,0,0,1,0
2020,10,15,2,5,2,0,0,1,0,1,0,0,0,1,1,0
2021,6,9,4,5,2,0,1,1,0,0,0,0,0,0,1,0
2018,6,21,6,5,3,0,1,1,0,0,0,0,0,0,0,0
2018,8,16,3,5,3,0,1,0,0,0,0,0,0,0,0,0
2018,9,17,5,5,3,0,1,1,0,0,0,0,0,0,0,0
2019,8,8,3,6,4,0,0,0,1,0,0,1,0,0,0,0
2020,6,17,3,4,6,0,1,0,0,0,0,0,0,0,1,0
2021,9,18,6,0,6,1,1,1,0,0,0,0,0,0,1,0
2021,11,17,2,6,2,2,0,1,1,0,0,0,1,0,2,0
2020,8,13,3,5,3,0,0,1,0,0,0,0,0,0,1,0
2021,12,2,3,0,6,2,0,1,0,0,0,1,2,1,2,0
2019,12,16,5,0,3,2,1,0,0,1,0,0,1,0,0,0
2020,5,14,7,2,6,0,0,1,0,0,0,1,0,1,1,0
2018,2,11,7,5,2,0,0,1,0,0,0,0,0,0,0,0
2020,10,14,3,5,3,0,0,1,0,0,0,0,0,1,1,0
2019,6,0,1,5,3,2,0,1,0,0,0,0,0,0,0,0
2019,1,19,1,2,6,2,0,1,0,0,0,0,1,0,0,0
2019,2,6,5,5,2,1,0,1,0,1,0,0,1,0,0,0
2021,7,17,4,1,5,0,1,1,0,0,0,0,0,0,1,0
2019,8,17,3,2,6,0,0,1,0,0,0,0,0,0,0,0
2020,6,16,5,3,6,0,1,1,0,0,0,0,1,0,1,0
2021,6,7,2,5,2,0,1,1,0,0,0,0,0,0,1,0
2019,5,16,5,5,7,0,0,1,0,0,0,0,0,0,0,0
2018,6,16,6,6,4,0,0,1,1,0,0,0,0,0,0,0
2018,1,1,7,5,3,2,0,1,0,0,0,0,0,0,0,0
2020,9,12,3,3,6,0,1,1,0,0,0,0,0,0,1,0
2021,12,14,5,6,2,0,0,1,1,0,0,0,1,1,2,0
2021,11,15,4,5,2,0,1,0,0,0,1,0,0,0,2,0
2021,3,12,5,5,2,0,0,1,0,0,0,0,0,0,2,0
2018,5,18,5,5,5,0,1,1,0,0,0,0,0,0,0,0
2019,7,18,4,5,2,0,0,1,0,1,0,0,0,0,0,0
2021,12,4,7,6,7,2,0,1,1,0,0,0,0,1,2,0
2019,10,19,3,5,3,2,1,1,0,0,0,0,0,0,0,0
2018,9,17,6,5,3,0,1,1,0,0,0,0,0,0,0,0
2019,10,17,4,5,2,0,0,1,0,0,0,0,0,0,0,0
2018,4,18,6,6,4,0,0,1,1,0,0,0,0,0,0,0
2021,5,15,2,1,5,0,0,1,0,0,0,0,0,1,2,0
2019,10,15,3,6,7,0,0,0,1,0,0,1,1,0,0,0
2021,5,12,6,5,3,0,0,1,0,0,0,0,1,1,2,0
2020,7,13,4,2,6,0,1,1,0,0,0,0,1,0,1,1
2018,6,13,2,6,4,0,0,1,1,0,0,0,0,0,0,0
2019,3,10,1,5,3,0,0,1,0,0,0,0,0,0,0,0
2020,12,11,4,5,3,0,0,1,0,0,0,0,1,1,2,0
2019,5,7,5,3,6,0,0,1,0,1,0,0,0,0,0,0
2019,9,7,6,6,4,0,0,1,1,0,0,0,0,0,0,1
2021,12,15,7,2,1,0,0,1,0,0,0,0,0,1,2,0
2019,8,0,1,0,1,2,0,0,0,0,0,1,0,0,0,0
2018,6,12,7,5,6,0,0,1,0,1,0,0,0,0,0,0
2020,2,12,6,5,3,0,0,1,0,0,0,0,0,0,0,0
2018,8,18,1,2,6,0,0,1,0,0,0,0,0,0,0,0
2019,6,11,3,5,2,0,1,1,0,0,0,0,0,0,0,0
2019,1,17,7,5,2,1,0,1,0,0,0,0,1,0,0,0
2019,10,10,5,3,6,0,0,1,0,0,1,0,0,0,0,0
2019,4,6,3,1,5,0,0,1,0,0,1,0,0,0,0,0
2020,8,17,3,2,7,0,0,1,0,0,0,0,0,0,1,0
2018,6,13,1,5,2,0,0,1,0,0,0,0,0,0,0,0
2019,6,15,1,1,5,0,1,1,0,0,0,0,0,0,0,0
2018,9,19,1,5,3,2,0,1,0,0,0,0,0,0,0,1
2019,2,18,4,2,2,2,1,1,0,0,0,0,0,0,0,0
2018,11,11,7,0,6,0,0,1,0,0,0,1,0,0,0,0
2021,4,13,4,5,3,0,1,0,0,0,0,0,0,1,2,0
2018,11,17,1,2,7,2,0,1,0,0,0,0,0,0,0,0
2021,9,16,6,5,3,0,0,1,0,0,0,0,0,0,1,0
2020,6,16,3,5,3,0,1,1,0,0,0,0,0,0,1,0
2020,2,14,3,5,3,0,0,1,0,0,0,1,1,0,0,1
2021,6,14,2,5,2,0,0,1,0,0,0,1,0,0,1,0
2021,4,15,3,5,2,0,1,1,0,0,0,0,0,1,2,0
2020,8,18,5,0,7,0,0,1,0,0,0,1,0,0,1,1
2019,8,20,2,5,2,1,0,1,0,1,0,0,1,0,0,1
2021,3,12,4,5,3,0,1,1,0,0,0,0,0,0,2,0
2019,5,10,3,1,5,0,1,1,0,0,0,0,0,0,0,0
2020,6,16,2,1,1,0,1,1,0,0,0,0,0,0,1,0
2020,9,15,4,6,4,0,0,1,1,0,0,0,0,0,1,1
2019,4,23,3,5,2,2,0,0,0,1,0,1,0,0,0,1
2018,4,1,7,5,2,2,0,1,0,0,0,1,0,0,0,0
2018,3,1,3,9,1,2,0,1,0,0,0,0,0,0,0,0
2018,6,17,2,5,2,0,1,1,0,0,0,0,0,0,0,0
2018,12,5,6,5,3,2,1,1,0,0,0,0,1,0,0,0
2020,7,10,2,2,2,0,1,1,0,0,0,0,0,0,1,1
2019,10,16,2,2,6,1,0,1,0,0,0,0,1,0,0,0
2018,1,1,7,0,7,2,0,1,0,0,0,1,0,0,0,0
2018,1,9,3,6,4,0,0,1,1,0,0,0,1,0,0,1
2020,4,9,3,5,2,0,0,1,0,0,0,0,0,1,2,0
2020,5,13,7,1,1,0,1,1,0,0,0,0,0,1,1,0
2018,7,16,4,0,1,0,0,0,0,1,0,0,0,0,0,0
2021,7,15,3,2,6,0,0,1,0,0,0,0,0,0,1,0
2019,9,10,7,5,2,0,0,1,0,0,0,0,0,0,0,0
2020,2,14,2,3,6,0,0,1,0,0,0,1,0,0,0,0
2018,4,15,3,3,6,0,0,1,0,1,0,0,0,0,0,0
2020,6,16,7,5,3,0,0,1,0,0,0,0,1,0,1,0
2020,9,13,1,6,4,0,0,1,1,0,0,0,0,0,1,0
2018,3,17,6,6,2,0,0,1,1,0,0,0,0,0,0,0
2021,6,12,4,1,5,0,1,1,0,0,0,0,0,0,1,1
2021,4,17,5,5,3,0,0,1,0,0,0,0,0,1,2,0
2021,8,19,2,5,3,0,0,1,0,0,0,0,1,0,1,0
2019,12,14,6,3,6,0,1,0,0,0,0,0,0,0,0,0
2020,11,14,5,5,2,0,0,1,0,1,0,0,0,1,2,1
2019,3,13,6,5,2,0,1,0,0,0,0,1,0,0,0,0
2020,5,19,2,6,4,0,0,1,1,0,0,0,1,1,1,0
2019,9,7,2,9,1,0,0,1,0,0,0,0,0,0,0,0
2018,3,11,5,6,3,0,0,1,1,0,0,0,1,0,0,0
2018,5,5,4,5,3,0,0,1,0,0,0,0,0,0,0,0
2019,1,21,7,5,7,2,0,1,0,0,0,0,1,0,0,0
2020,6,17,5,1,1,0,0,1,0,0,0,0,1,0,1,1
2019,3,15,7,0,6,0,0,1,0,1,0,0,1,0,0,0
2021,4,17,3,3,6,0,0,1,0,1,0,0,0,1,2,0
2019,2,16,6,2,7,0,0,1,0,0,0,0,0,0,0,0
2019,7,6,4,5,3,0,1,1,0,0,0,0,0,0,0,0
2020,8,7,5,0,3,0,0,1,0,1,0,0,1,0,1,0
2021,9,17,4,0,7,0,1,0,0,0,0,0,1,0,1,0
2019,2,17,3,5,2,2,0,1,0,1,0,0,1,0,0,1
2020,11,20,2,5,3,2,0,1,0,0,0,1,0,1,2,0
2019,11,16,3,2,6,2,0,1,0,0,0,0,0,0,0,0
2021,5,19,3,9,1,0,0,1,0,0,0,0,1,1,2,0
2019,6,8,6,6,7,0,0,1,1,0,0,0,0,0,0,0
2021,6,17,5,3,6,0,1,1,0,0,0,0,0,0,1,0
2019,2,6,2,2,2,2,0,1,0,0,0,1,1,0,0,0
2018,3,12,4,2,2,0,0,1,0,0,0,0,0,0,0,0
2018,6,9,3,3,6,0,1,0,0,0,0,0,0,0,0,0
2018,8,16,5,5,2,0,0,1,0,0,0,0,0,0,0,0
2018,9,7,2,2,6,0,0,1,0,0,0,0,0,0,0,0
2019,10,18,2,0,1,1,1,0,0,0,0,0,1,0,0,0
2021,6,22,7,0,1,2,0,0,0,0,0,1,0,0,1,0
2019,11,17,1,5,2,2,0,1,0,0,0,0,1,0,0,1
2021,9,16,3,5,2,0,1,1,0,0,0,0,0,0,1,0
2020,7,18,7,5,3,0,1,1,0,0,0,0,0,0,1,0
2019,12,17,2,2,6,2,0,1,0,0,0,0,0,0,0,0
2018,6,15,4,0,6,0,0,1,0,0,0,0,0,0,0,0
2020,4,12,2,2,6,0,0,1,0,0,1,0,0,1,2,0
2021,9,2,2,0,7,2,0,1,0,0,0,0,0,0,1,0
2018,6,15,5,0,4,0,0,0,1,0,0,1,0,0,0,0
2020,7,7,6,5,2,0,1,1,0,0,0,0,0,0,1,0
2021,11,8,2,5,2,0,1,1,0,0,0,0,0,0,2,0
2020,8,9,7,5,2,0,0,1,0,1,0,0,0,0,1,0
2020,3,9,5,6,4,0,0,1,1,0,0,0,0,1,1,0
2018,9,13,2,5,3,0,1,1,0,0,0,0,0,0,0,0
2019,9,16,2,5,3,0,0,1,0,0,0,0,1,0,0,0
2019,11,18,4,5,2,2,1,1,0,0,0,0,0,0,0,0
2019,7,21,7,6,2,2,0,1,1,0,0,0,1,0,0,0
2019,1,10,6,5,5,0,0,1,0,0,0,0,1,0,0,0
2021,7,6,6,2,6,0,0,1,0,0,1,0,1,0,1,1
2020,6,15,4,5,7,0,1,1,0,0,0,0,0,0,1,0
2019,4,12,1,0,1,0,1,0,0,0,0,0,0,0,0,0
2018,7,19,7,2,7,0,0,1,0,0,0,0,0,0,0,1
2018,9,8,6,5,5,0,0,1,0,1,0,0,0,0,0,0
2020,8,14,4,0,7,0,0,0,0,1,0,1,0,0,1,0
2020,8,12,1,5,3,0,1,0,0,0,0,0,0,0,1,0
2020,6,12,1,5,3,0,0,1,0,1,0,0,0,0,1,0
2019,6,8,5,5,2,0,1,1,0,0,0,0,0,0,0,0
2019,4,13,6,2,6,0,0,1,0,0,0,1,0,0,0,0
2021,2,16,7,0,7,1,0,1,0,0,0,0,0,1,2,0
2021,12,9,4,2,6,0,0,1,0,0,0,0,0,1,2,0
2019,8,10,5,0,7,0,0,1,0,0,0,1,0,0,0,0
2018,8,17,5,5,2,0,0,1,0,1,0,0,0,0,0,1
2020,1,12,1,6,7,0,1,0,1,0,0,0,0,0,0,0
2021,8,14,3,3,6,0,1,1,0,0,0,0,0,0,1,1
2020,1,18,2,1,1,2,1,1,0,0,0,0,0,0,0,0
2020,10,10,1,6,4,0,0,0,1,0,0,1,0,1,1,0
2021,8,9,3,0,3,0,1,0,0,0,0,0,0,0,1,0
2019,5,16,6,5,3,0,1,1,0,0,0,0,0,0,0,1
2020,8,0,5,2,2,2,1,1,0,0,0,0,1,0,1,0
2021,7,15,2,0,4,0,0,0,1,0,0,1,0,0,1,0
2021,6,18,4,2,6,0,0,1,0,0,0,1,0,0,1,0
2020,10,9,4,5,2,0,1,1,0,0,0,0,0,1,1,0
2018,9,8,3,5,3,0,0,1,0,1,0,0,0,0,0,0
2019,4,23,6,5,2,2,1,0,0,1,0,0,0,0,0,0
2020,6,6,2,0,5,0,0,0,0,1,0,1,0,0,1,0
2020,10,12,3,6,4,0,0,0,1,1,0,0,0,1,1,0
2020,6,8,5,6,7,0,0,1,1,0,0,0,0,0,1,0
2021,5,17,3,5,3,0,0,1,0,0,0,0,0,1,2,0
2021,7,13,1,5,2,0,1,1,0,0,0,0,0,0,1,0
2019,3,15,4,0,2,0,0,1,0,0,0,1,0,0,0,0
2021,10,16,4,5,2,0,1,1,0,0,0,0,0,0,1,1
2018,1,7,2,5,2,0,1,1,0,0,0,0,0,0,0,0
2020,8,10,2,1,5,0,1,1,0,0,0,0,0,0,1,0
2018,8,19,2,5,2,0,0,1,0,1,0,0,0,0,0,0
2020,9,9,4,0,7,0,1,0,0,0,0,0,0,0,1,0
2018,5,19,7,5,3,0,1,1,0,0,0,0,0,0,0,0
2018,4,14,6,2,2,0,0,1,0,0,0,0,0,0,0,0
2018,6,16,7,5,3,0,0,1,0,0,0,1,1,0,0,0
2018,7,9,2,3,6,0,1,1,0,0,0,0,0,0,0,0
2018,11,15,4,2,6,0,0,1,0,0,0,0,0,0,0,0
2021,10,17,5,1,3,0,0,1,0,0,0,0,1,0,1,0
2018,3,17,1,2,6,0,0,1,0,0,0,0,0,0,0,0
2019,6,23,7,3,6,2,0,1,0,0,0,0,0,0,0,0
2019,4,7,2,0,2,0,1,1,0,0,0,1,1,0,0,0
2021,9,19,4,5,2,2,1,1,0,0,0,0,1,0,1,0