UJAHR,UMONAT,USTUNDE,UWOCHENTAG,UART,UTYP1,ULICHTVERH,IstRad,IstPKW,IstFuss,IstKrad,IstGkfz,IstSonstige,USTRZUSTAND,LOCKDOWN,COVID,UKATEGORIE
2021,10,14,2,1,5,0,1,0,0,0,0,1,0,0,1,1
2020,5,10,5,5,3,0,0,1,0,0,0,0,0,1,1,0
2019,11,16,2,5,2,0,0,1,0,0,0,0,0,0,0,0
2019,5,22,3,1,5,2,1,1,0,0,0,0,0,0,0,0
2018,1,14,5,6,7,0,0,1,1,0,0,0,1,0,0,0
2021,6,16,3,5,2,0,1,1,0,0,0,0,0,0,1,0
2020,9,0,3,2,6,2,0,1,0,0,0,0,0,0,1,0
2021,11,17,6,2,6,1,0,1,0,0,0,0,1,0,2,0
2019,10,14,5,2,6,0,0,1,0,0,0,0,1,0,0,0
2021,4,17,2,2,6,0,0,1,0,0,0,1,0,1,2,0
2021,8,14,7,5,3,0,0,1,0,1,0,0,0,0,1,0
2019,10,10,3,5,2,0,1,1,0,0,0,0,1,0,0,0
2019,4,3,3,5,2,2,0,1,0,1,0,0,0,0,0,1
2021,7,15,2,5,2,0,1,1,0,0,0,0,0,0,1,0
2020,9,16,4,0,6,0,0,1,0,0,0,1,0,0,1,0
2020,3,12,6,5,2,0,1,1,0,0,0,0,1,1,1,0
2019,1,8,3,2,2,0,1,1,0,0,0,0,0,0,0,0
2021,11,20,6,0,2,2,1,1,0,0,0,0,0,0,2,0
2020,5,14,3,5,3,0,0,1,0,0,0,0,1,1,1,0
2021,4,18,7,0,6,0,0,1,0,1,0,0,0,1,2,0
2018,2,9,5,5,3,0,1,1,0,0,0,0,0,0,0,1
2018,10,6,6,6,4,2,0,0,1,0,1,0,0,0,0,0
2021,8,7,2,3,6,0,1,1,0,0,0,0,0,0,1,0
2021,9,14,2,0,6,0,1,1,0,0,0,0,0,0,1,0
2021,8,13,6,5,3,0,0,1,0,0,0,0,1,0,1,0
2019,2,8,6,2,6,0,0,1,0,0,0,1,0,0,0,0
2021,4,2,7,2,6,2,1,1,0,0,0,0,0,1,2,0
2018,4,7,2,6,2,0,0,1,1,0,0,0,0,0,0,0
2019,10,7,4,0,1,2,0,0,0,1,0,0,1,0,0,0
2019,11,14,3,5,3,0,1,1,0,0,0,0,1,0,0,0
2018,1,22,6,2,6,2,0,1,0,0,0,0,0,0,0,0
2018,10,17,2,5,7,0,0,1,0,1,0,0,0,0,0,1
2021,12,21,5,6,2,2,0,1,1,0,0,0,0,1,2,0
2019,9,14,1,3,6,0,1,0,0,0,0,1,0,0,0,1
2021,10,16,2,5,2,0,1,1,0,0,0,0,0,0,1,0
2019,9,14,3,2,6,0,0,1,0,0,0,0,1,0,0,0
2020,12,0,3,0,1,2,1,0,0,0,0,0,0,1,2,1
2019,6,6,4,5,3,0,0,1,0,0,0,0,0,0,0,0
2019,7,10,3,5,2,0,1,1,0,0,0,0,0,0,0,0
2018,9,19,7,5,2,1,0,1,0,0,0,1,0,0,0,1
2018,10,12,5,2,2,0,0,1,0,1,0,0,0,0,0,0
2020,9,8,3,0,6,0,1,0,0,0,0,0,0,0,1,0
2021,4,10,3,5,3,0,0,1,0,0,0,0,0,1,2,0
2018,8,18,2,5,3,0,1,1,0,0,0,0,0,0,0,0
2020,9,10,6,5,2,0,1,1,0,0,0,0,1,0,1,0
2018,12,9,4,5,2,0,0,1,0,1,0,0,0,0,0,1
2019,11,18,2,6,2,2,0,1,1,0,0,0,1,0,0,0
2018,7,14,6,5,3,0,0,1,0,0,0,0,0,0,0,0
2020,6,16,3,5,2,0,0,1,0,1,0,0,0,0,1,1
2020,6,10,3,0,2,0,0,1,0,0,0,1,0,0,1,0
2021,1,9,5,0,1,0,0,0,0,1,0,0,1,1,2,0
2019,4,9,1,5,3,0,0,1,0,0,0,0,1,0,0,0
2018,5,13,2,2,6,0,0,1,0,0,0,0,0,0,0,0
2020,9,9,4,2,6,0,0,1,0,1,0,0,0,0,1,0
2021,6,8,4,0,6,0,0,1,0,0,0,1,0,0,1,0
2020,12,18,5,4,2,2,1,1,0,0,0,0,1,1,2,0
2020,10,13,4,2,6,0,0,1,0,0,0,0,1,1,1,0
2020,9,15,1,0,1,0,0,1,0,1,0,0,0,0,1,0
2020,9,19,5,5,7,1,0,1,0,0,0,0,0,0,1,0
2018,9,22,6,5,3,2,0,1,0,0,0,0,0,0,0,1
2021,8,19,6,1,5,0,0,1,0,0,0,1,0,0,1,0
2019,11,13,4,3,6,0,1,1,0,0,0,0,0,0,0,0
2018,7,7,1,5,3,0,0,1,0,0,0,0,0,0,0,0
2018,8,12,3,6,4,0,1,0,1,0,0,0,0,0,0,0
2021,4,15,5,0,6,0,0,0,0,0,0,1,0,1,2,0
2020,9,8,5,2,6,0,0,1,0,1,0,0,0,0,1,0
2020,8,11,7,5,2,0,1,1,0,0,0,0,0,0,1,0
2020,5,11,6,0,6,0,0,1,0,1,0,0,0,1,1,1
2018,2,0,6,6,4,2,0,0,1,0,0,1,0,0,0,0
2018,1,11,4,5,3,0,0,1,0,0,0,0,1,0,0,0
2020,9,15,2,0,2,0,1,0,0,0,0,1,0,0,1,0
2019,11,11,7,6,4,0,0,1,1,0,0,0,0,0,0,0
2020,10,18,4,2,6,1,0,1,0,0,0,0,1,1,1,0
2019,11,14,3,2,6,0,0,1,0,0,0,0,1,0,0,0
2021,6,20,2,5,3,0,0,1,0,0,0,0,0,0,1,0
2018,11,16,4,5,3,2,0,1,0,0,0,0,0,0,0,0
2019,7,11,5,5,3,0,0,1,0,0,0,1,0,0,0,0
2021,6,19,2,6,7,0,0,0,1,0,0,1,0,0,1,0
2020,11,15,2,5,7,0,0,1,0,1,0,0,0,1,2,0
2019,4,9,2,4,6,0,0,1,0,0,0,0,1,0,0,0
2018,10,17,6,5,2,0,0,1,0,0,0,0,0,0,0,0
2020,8,23,5,0,5,2,1,1,0,0,0,0,0,0,1,0
2019,11,16,5,6,2,2,0,1,1,0,0,0,1,0,0,0
2020,7,17,7,1,5,0,1,1,0,0,0,0,0,0,1,0
2018,12,18,1,5,3,2,0,1,0,0,0,0,1,0,0,0
2018,10,5,2,5,3,2,0,1,0,0,0,0,0,0,0,0
2021,1,14,7,9,7,0,0,1,0,0,0,0,0,1,2,0
2021,9,12,5,5,7,0,0,1,0,0,0,0,0,0,1,0
2019,1,18,2,2,6,2,0,1,0,0,0,0,0,0,0,0
2021,8,11,6,5,3,0,1,0,0,0,0,1,1,0,1,0
2018,8,15,3,6,7,0,0,1,1,0,0,0,0,0,0,0
2020,9,5,2,2,2,1,0,1,0,0,0,0,1,0,1,0
2018,1,19,5,6,2,2,0,1,1,0,0,0,1,0,0,0
2021,8,20,7,6,7,0,0,0,1,0,0,1,0,0,1,1
2019,9,16,2,6,4,0,0,1,1,0,0,0,0,0,0,1
2020,10,8,3,2,6,0,0,1,0,0,1,0,0,1,1,0
2018,8,17,2,5,3,0,1,1,0,0,0,0,0,0,0,0
2021,11,6,2,5,3,2,0,1,0,0,0,0,0,0,2,0
2018,9,10,6,9,1,0,0,0,0,0,0,1,0,0,0,1
2018,6,17,7,0,7,0,0,1,0,0,0,0,0,0,0,1
2018,5,10,4,5,2,0,1,1,0,0,0,0,0,0,0,0
2019,9,8,5,0,1,0,0,0,0,1,0,0,1,0,0,1
2018,9,8,3,0,7,0,0,1,1,0,0,0,0,0,0,1
2020,5,17,5,2,3,0,0,1,0,0,0,0,0,1,1,0
2019,5,13,3,5,2,0,1,1,0,0,0,0,0,0,0,0
2021,4,10,6,5,3,0,0,1,0,0,0,0,0,1,2,0
2019,5,17,1,6,4,0,0,1,1,0,0,0,0,0,0,1
2020,1,7,3,5,2,1,1,0,0,0,0,1,1,0,0,0
2020,7,19,6,5,3,0,1,0,0,0,0,0,0,0,1,0
2020,3,14,4,6,4,0,0,1,1,0,0,0,0,1,1,0
2020,10,9,2,2,6,0,0,1,0,0,0,0,1,1,1,0
2020,7,12,7,3,6,0,1,1,0,0,0,0,0,0,1,1
2020,6,19,4,5,7,0,0,1,0,1,0,0,0,0,1,0
2018,4,12,7,2,6,0,0,1,0,0,0,0,0,0,0,0
2020,9,18,1,2,6,0,0,1,0,0,0,0,0,0,1,0
2019,3,6,4,5,5,2,0,1,0,1,0,0,1,0,0,0
2019,5,8,4,0,1,0,1,1,0,0,0,0,1,0,0,0
2021,3,19,3,5,2,2,0,1,0,0,0,1,0,0,2,0
2019,1,18,5,6,2,2,0,1,1,0,0,0,0,0,0,1
2021,6,21,2,0,3,1,1,0,0,0,0,0,0,0,1,0
2021,7,10,5,2,6,0,0,1,0,0,0,0,1,0,1,0
2021,2,12,4,0,2,0,1,1,0,0,0,0,0,1,2,0
2020,5,11,4,2,2,0,0,1,0,0,0,0,0,1,1,0
2019,6,17,4,5,2,0,1,1,0,0,0,0,0,0,0,0
2020,7,15,5,6,4,0,0,1,1,0,0,0,0,0,1,0
2018,10,12,4,5,3,0,1,1,0,0,0,0,0,0,0,1
2019,11,20,4,5,2,2,0,1,0,0,0,0,1,0,0,0
2020,10,18,3,5,3,2,0,1,0,0,0,1,1,1,1,0
2018,7,10,2,6,2,0,0,1,1,0,0,0,0,0,0,1
2018,4,6,3,5,2,1,0,1,0,1,0,0,0,0,0,1
2021,7,14,7,5,2,0,1,1,0,0,0,0,0,0,1,0
2020,10,14,6,5,3,0,0,0,0,1,0,1,1,1,1,0
2019,8,1,7,6,4,2,0,1,1,0,0,0,0,0,0,1
2021,3,12,4,6,4,0,0,1,1,0,0,0,1,0,2,1
2020,1,14,6,2,6,0,0,1,0,1,0,0,0,0,0,1
2019,9,16,3,5,3,0,1,1,0,0,0,0,0,0,0,0
2020,10,14,6,5,3,0,0,1,0,0,0,1,1,1,1,1
2021,9,14,5,5,3,0,1,1,0,0,0,0,0,0,1,0
2019,2,14,1,1,5,0,0,1,0,0,0,0,0,0,0,0
2020,5,13,7,1,5,0,1,1,0,0,0,0,0,1,1,0
2018,11,15,6,5,3,0,0,1,0,0,0,0,0,0,0,0
2021,12,17,7,6,4,2,0,0,1,0,0,1,0,1,2,0
2018,1,8,3,5,3,0,1,1,0,0,0,0,1,0,0,0
2019,8,3,6,6,4,2,0,1,1,0,0,0,0,0,0,0
2019,12,7,6,5,3,1,1,1,0,0,0,0,0,0,0,0
2019,12,11,3,6,7,0,0,1,1,0,0,0,0,0,0,1
2018,5,9,6,5,2,0,0,1,0,0,0,1,0,0,0,0
2021,6,18,1,6,7,0,0,1,1,0,0,0,0,0,1,0
2018,7,15,2,2,6,0,0,1,0,0,0,0,0,0,0,0
2020,8,15,2,5,3,0,1,1,0,0,0,0,0,0,1,0
2019,10,14,2,2,2,0,0,1,0,0,0,0,0,0,0,0
2020,4,18,4,6,2,0,0,1,1,0,0,0,0,1,2,1
2018,4,17,1,0,6,0,0,1,0,1,0,0,0,0,0,0
2018,6,13,5,5,2,0,0,1,0,1,0,0,0,0,0,0
2020,12,18,4,2,2,2,1,1,0,0,0,0,0,1,2,0
2019,12,14,6,5,2,0,1,1,0,0,0,0,1,0,0,0
2020,6,17,3,5,3,0,0,0,0,1,0,1,0,0,1,1
2018,9,16,4,5,3,0,1,1,0,0,0,0,0,0,0,0
2019,3,0,6,0,7,2,0,1,0,1,0,0,1,0,0,0
2018,4,16,6,5,7,0,0,1,0,1,0,0,0,0,0,1
2019,12,17,5,6,4,2,0,1,1,0,0,0,0,0,0,1
2021,8,16,6,5,3,0,0,1,0,0,0,0,0,0,1,0
2018,2,13,4,2,6,0,0,1,0,0,0,1,0,0,0,0
2021,11,16,1,5,3,1,1,1,0,0,0,0,1,0,2,0
2020,1,22,5,2,6,2,0,1,0,0,0,0,0,0,0,0
2018,5,9,2,5,2,0,0,1,0,1,0,0,0,0,0,0
2019,1,7,3,0,5,0,1,0,0,0,0,0,2,0,0,0
2018,12,16,2,5,3,2,0,1,0,0,0,0,0,0,0,0
2018,8,11,3,2,6,0,0,1,0,0,0,0,0,0,0,0
2021,5,16,3,2,6,0,1,1,0,0,0,0,0,1,2,0
2021,12,19,5,5,2,2,1,1,0,0,0,0,0,1,2,0
2018,10,6,6,0,3,2,0,1,0,1,0,0,0,0,0,1
2019,7,15,6,0,1,0,0,0,0,0,0,1,0,0,0,1
2020,1,19,6,6,2,2,0,1,1,0,0,0,0,0,0,1
2021,2,14,7,5,3,0,0,1,0,1,0,0,0,1,2,1
2020,6,16,5,2,6,0,0,1,0,0,0,0,0,0,1,0
2019,7,0,4,7,7,2,0,1,0,0,0,0,0,0,0,0
2020,11,6,2,2,6,2,0,1,0,0,0,1,1,1,2,0
2020,9,10,3,0,2,0,0,1,0,0,0,1,0,0,1,0
2018,5,10,2,2,6,0,0,1,0,0,0,0,0,0,0,1
2021,8,18,1,5,3,0,0,1,0,0,0,0,0,0,1,1
2020,10,19,6,5,3,2,0,1,0,0,0,0,1,1,1,0
2020,7,17,5,1,5,0,0,1,0,0,0,0,0,0,1,0
2019,9,23,3,2,1,2,0,1,0,1,0,0,0,0,0,0
2018,4,17,5,5,7,0,0,1,0,0,0,1,0,0,0,0
2018,12,19,5,5,3,2,1,1,0,0,0,0,1,0,0,0
2021,10,14,4,2,6,0,0,1,0,0,0,0,0,0,1,0
2019,10,11,3,9,7,0,0,0,0,0,0,1,0,0,0,0
2021,6,9,1,5,2,0,1,0,0,1,0,0,0,0,1,0
2018,11,17,6,6,4,2,0,0,1,0,0,1,1,0,0,1
2018,1,10,5,3,6,0,0,1,0,0,1,0,1,0,0,0
2021,9,14,5,3,6,0,0,1,0,1,1,0,0,0,1,0
2020,7,21,5,0,2,1,0,1,0,1,0,0,0,0,1,0
2019,7,7,4,5,3,0,1,0,0,0,0,1,0,0,0,0
2021,4,19,7,5,3,0,1,1,0,0,0,0,0,1,2,0
2019,5,6,4,2,6,0,0,1,0,0,0,0,0,0,0,0
2021,11,0,1,0,1,2,0,0,0,0,0,1,0,0,2,0
2021,10,11,2,2,2,0,1,1,0,0,0,0,1,0,1,0
2018,7,19,7,1,5,0,1,1,0,0,0,0,0,0,0,0
2019,1,10,2,0,1,0,0,0,0,1,0,0,2,0,0,0
2018,5,11,7,5,3,0,1,1,0,0,0,0,0,0,0,1
2021,8,21,6,0,1,2,0,0,0,0,0,1,1,0,1,0
2018,5,12,4,0,3,0,0,1,0,1,0,0,0,0,0,0
2019,5,9,5,5,3,0,1,1,0,0,0,0,0,0,0,0
2021,1,17,4,1,5,2,0,1,0,0,1,0,1,1,2,0
2018,9,21,3,8,7,2,0,1,0,0,0,0,0,0,0,0
2019,9,17,5,5,2,0,1,1,0,0,0,0,0,0,0,0
2018,4,17,4,1,5,0,0,1,0,0,0,1,0,0,0,0
2018,12,13,6,9,1,0,0,1,0,0,0,0,1,0,0,1
2018,8,11,3,3,6,0,1,0,0,0,0,1,0,0,0,0
2021,3,11,3,2,6,0,0,1,0,0,0,0,0,0,2,0
2020,7,9,3,5,2,0,0,1,0,1,0,0,0,0,1,0
2020,3,21,7,6,7,2,1,0,1,0,0,0,0,1,1,0
2018,5,12,6,5,2,0,1,1,0,0,0,0,0,0,0,0
2021,10,18,6,6,2,1,0,1,1,0,0,0,1,0,1,0
2018,2,12,4,2,6,0,0,1,0,0,0,0,0,0,0,0
2019,5,17,6,2,6,0,0,1,0,1,0,0,0,0,0,0
2019,8,7,4,6,4,0,1,0,1,0,0,0,0,0,0,0
2020,4,15,6,5,3,0,1,1,0,0,0,0,0,1,2,1
2021,6,2,1,1,5,2,0,1,0,0,0,1,0,0,1,0
2020,1,9,6,5,3,0,1,1,0,0,0,0,1,0,0,1
2018,9,16,2,2,6,0,0,1,0,0,0,1,0,0,0,0
2021,11,8,2,6,2,0,0,1,1,0,0,0,1,0,2,0
2019,7,11,7,0,1,0,0,0,0,1,0,0,0,0,0,0
2020,12,15,4,6,7,0,0,1,1,0,0,0,0,1,2,1
2020,12,19,5,5,2,2,0,1,0,1,0,0,0,1,2,1
2020,9,14,5,5,2,0,1,1,0,0,0,0,0,0,1,0
2018,11,10,5,6,4,0,0,0,1,0,0,1,0,0,0,1
2018,3,16,2,4,6,0,0,1,0,0,0,0,0,0,0,0
2020,10,18,2,5,3,2,0,1,0,0,0,0,0,1,1,0
2019,6,2,1,5,3,2,0,1,0,0,0,0,0,0,0,0
2020,3,8,2,5,3,0,0,1,0,0,0,0,0,1,1,0
2020,5,7,5,2,6,0,0,1,0,0,0,0,0,1,1,0
2018,5,19,6,5,2,0,1,1,0,0,0,0,0,0,0,0
2020,9,19,1,2,6,1,0,1,0,1,0,0,0,0,1,1
2020,6,15,2,6,4,0,0,1,1,0,0,0,0,0,1,0
2021,12,7,6,6,2,1,0,1,1,0,0,0,2,1,2,0
2020,6,12,3,0,1,0,1,0,0,0,0,0,0,0,1,1
2021,9,12,3,0,5,0,0,1,0,1,0,0,1,0,1,0
2019,9,20,3,5,3,2,0,1,0,0,0,0,1,0,0,1
2018,6,16,5,5,3,0,1,1,0,0,0,0,0,0,0,1
2019,1,17,2,2,6,1,0,1,0,0,0,0,0,0,0,0
2021,9,19,5,0,6,0,0,1,0,0,0,1,0,0,1,0
2019,5,16,5,6,4,0,0,1,1,0,0,0,1,0,0,0
2019,6,10,5,5,5,0,0,1,0,1,0,0,0,0,0,0
2018,7,15,4,0,2,0,0,1,0,1,0,0,1,0,0,0
2020,2,12,7,5,2,0,0,1,0,0,0,0,1,0,0,1
2018,12,7,6,6,6,2,1,1,1,0,0,0,1,0,0,0
2018,8,16,6,0,1,0,1,0,0,0,0,0,0,0,0,0
2020,11,19,4,5,2,2,0,1,0,1,1,0,0,1,2,0
2018,6,2,7,2,6,2,0,1,0,0,0,0,0,0,0,1
2020,6,15,4,5,2,0,1,0,0,0,0,1,0,0,1,0
2021,10,11,2,5,2,0,0,1,0,1,0,0,0,0,1,0
2019,9,20,2,5,3,2,0,1,0,0,0,0,1,0,0,0
2019,8,12,2,3,6,0,0,1,0,0,1,0,0,0,0,0
2020,10,18,2,5,2,1,1,1,0,0,0,0,1,1,1,0
2021,10,23,3,2,6,2,0,1,0,0,0,0,0,0,1,0
2020,10,6,6,2,6,1,0,1,0,0,0,0,0,1,1,0
2020,5,12,2,5,3,0,0,1,0,0,0,0,1,1,1,0
2018,4,9,3,6,4,0,0,1,1,0,0,0,0,0,0,0
2020,5,13,1,2,6,0,0,1,0,0,0,0,0,1,1,0
2020,3,18,6,6,2,2,0,1,1,0,0,0,1,1,1,0
2019,9,19,6,2,2,0,0,1,0,0,0,0,0,0,0,0
2018,5,8,6,5,2,0,1,1,0,0,0,0,0,0,0,0
2018,12,7,4,5,2,1,1,1,0,0,0,0,0,0,0,0
2018,12,13,6,5,3,0,0,1,0,1,0,0,1,0,0,0
2018,9,11,7,1,6,0,1,0,0,1,0,0,0,0,0,0
2021,2,9,2,6,2,0,0,1,1,0,0,0,0,1,2,0
2021,11,14,2,6,4,0,0,0,1,0,1,0,0,0,2,1
2019,10,13,4,5,3,0,0,1,0,1,0,0,0,0,0,0
2019,4,11,3,6,4,0,0,1,1,0,0,0,0,0,0,0
2019,8,15,5,3,6,0,0,1,0,0,0,0,0,0,0,0
2021,11,18,7,5,7,2,0,1,0,0,0,0,0,0,2,0
2021,3,11,4,5,2,0,1,1,0,0,0,0,0,0,2,0
2021,1,11,2,5,3,0,0,1,0,0,0,0,1,1,2,0
2018,11,13,4,2,6,0,0,1,0,0,0,1,0,0,0,0
2020,6,16,2,2,2,0,0,1,0,0,0,0,0,0,1,0
2020,1,14,7,5,3,0,0,1,0,0,0,0,0,0,0,0
2019,6,7,5,3,6,0,0,1,0,1,0,0,0,0,0,0
2019,10,9,2,2,2,0,1,1,0,0,0,0,0,0,0,0
2020,12,15,6,5,3,0,0,1,0,1,0,0,0,1,2,0
2021,6,15,2,1,5,0,1,1,0,0,0,0,0,0,1,0
2020,8,15,4,2,6,0,0,0,0,0,0,1,0,0,1,0
2021,8,17,3,0,2,0,1,1,0,0,0,0,0,0,1,0
2020,4,9,6,5,2,0,1,1,0,0,0,0,0,1,2,0
2021,5,16,2,0,1,0,1,0,0,0,0,0,0,1,2,0
2021,1,10,7,0,1,0,1,0,0,0,0,0,1,1,2,0
2021,9,8,5,6,4,0,1,0,1,0,0,0,0,0,1,0
2019,8,8,4,6,4,0,1,0,1,0,0,0,0,0,0,1
2018,11,18,6,1,5,2,0,1,0,0,0,0,0,0,0,1
2020,9,11,5,5,7,0,0,1,0,1,0,0,0,0,1,1
2019,5,20,5,5,2,1,1,1,0,0,0,0,0,0,0,0
2018,3,11,5,6,4,0,0,0,1,0,0,1,1,0,0,0
2019,2,20,5,9,1,2,0,1,0,0,0,0,1,0,0,1
2021,8,9,4,5,3,0,1,1,0,0,0,0,0,0,1,0
2019,7,12,4,0,4,0,0,0,1,0,0,1,0,0,0,1
2020,8,18,2,3,2,0,0,1,0,0,0,0,0,0,1,0
2019,7,6,6,1,1,0,0,1,0,0,0,0,0,0,0,0
2021,8,11,3,0,7,0,0,1,0,0,0,0,0,0,1,1
2018,11,19,5,2,6,2,0,1,0,0,0,0,0,0,0,0
2019,10,23,4,5,7,2,0,1,0,1,0,0,0,0,0,1
2020,3,19,3,5,3,2,1,1,0,0,0,0,0,1,1,0
2021,4,16,7,2,2,0,0,1,0,0,0,0,0,1,2,0
2018,2,6,3,1,5,1,1,1,0,0,0,0,1,0,0,0
2020,7,11,3,5,2,0,1,0,0,0,0,1,0,0,1,0
2019,8,15,2,5,2,0,1,0,0,1,0,0,0,0,0,0
2018,12,11,6,1,5,0,0,1,0,0,0,1,1,0,0,0
2020,9,13,4,5,2,0,1,0,0,0,0,0,0,0,1,0
2019,11,11,6,6,4,0,0,1,1,0,0,0,0,0,0,0
2018,11,8,7,1,5,0,0,1,0,0,0,1,0,0,0,0
2018,6,15,3,0,1,0,1,0,0,0,0,0,0,0,0,1
2021,10,16,5,1,5,0,1,1,0,0,0,0,0,0,1,0
2019,3,19,6,5,3,2,0,1,0,0,0,0,0,0,0,0
2018,8,11,4,6,2,0,0,1,1,0,0,0,0,0,0,0
2021,5,9,3,6,7,0,1,0,1,0,0,0,0,1,2,0
2021,6,17,3,0,2,0,1,1,0,0,0,0,1,0,1,0
2021,11,15,6,2,6,0,0,1,0,0,0,0,0,0,2,0
2021,10,23,4,5,3,2,0,1,0,0,0,1,0,0,1,0
2018,9,10,3,3,6,0,0,1,0,0,0,1,0,0,0,0
2020,10,9,5,5,2,0,1,1,0,0,0,0,0,1,1,0
2021,11,15,2,0,1,0,0,0,0,1,0,0,1,0,2,1
2020,8,3,1,8,1,2,0,0,0,0,0,1,0,0,1,1
2020,6,16,2,5,2,0,1,1,0,0,0,0,0,0,1,0
2019,12,8,6,5,2,0,1,1,0,0,0,0,0,0,0,0
2021,8,16,1,6,4,0,0,0,1,0,0,1,1,0,1,0
2021,2,9,3,5,2,0,1,1,0,0,0,0,0,1,2,0
2021,3,14,6,0,3,0,0,1,0,0,0,1,0,0,2,0
2021,5,19,7,5,3,0,0,1,0,0,0,0,0,1,2,0
2021,11,8,4,5,2,0,1,1,0,0,0,0,1,0,2,0
2019,3,20,7,5,3,2,1,1,0,0,0,0,1,0,0,0
2020,9,13,5,6,2,0,0,0,1,0,0,1,0,0,1,0
2021,8,16,6,2,6,0,0,1,0,0,0,0,0,0,1,0
2018,3,14,5,6,4,0,0,1,1,0,0,0,0,0,0,0
2019,4,18,1,1,5,0,1,1,0,0,0,0,0,0,0,0
2018,3,9,3,2,6,0,0,1,0,0,0,0,1,0,0,0
2020,3,20,4,1,5,2,1,1,0,0,0,0,0,1,1,0
2019,8,0,7,0,1,2,0,0,0,0,0,1,0,0,0,0
2018,8,8,1,2,6,0,0,1,0,0,0,0,0,0,0,1
2019,2,18,3,2,6,2,0,1,0,0,0,0,0,0,0,0
2018,2,6,2,6,2,2,0,1,1,0,0,0,1,0,0,0
2018,8,12,5,1,5,0,1,1,0,0,0,0,0,0,0,0
2018,12,18,1,5,2,2,0,1,0,0,0,0,1,0,0,0
2020,8,18,2,5,3,0,0,1,0,0,0,0,0,0,1,0
2018,6,7,2,6,4,0,1,0,1,0,0,0,0,0,0,0
2020,7,12,6,2,6,0,0,1,0,0,0,0,0,0,1,1
2021,9,9,5,5,3,0,0,1,0,0,0,0,1,0,1,0
2019,1,8,4,6,7,2,0,1,1,0,0,0,1,0,0,0
2020,7,9,6,6,2,0,0,0,1,0,0,1,1,0,1,0
2018,12,10,7,5,7,0,1,1,0,0,0,0,1,0,0,0
2019,11,16,6,1,5,0,0,1,0,0,0,0,0,0,0,0
2018,10,16,3,6,2,0,0,1,1,0,0,0,0,0,0,0
2019,6,14,1,5,3,0,0,1,0,1,0,0,0,0,0,0
2018,12,9,3,5,3,0,1,1,0,0,0,0,1,0,0,0
2021,8,6,6,5,2,0,1,1,0,0,0,0,1,0,1,0
2021,11,18,2,5,2,2,0,1,0,1,0,0,0,0,2,1
2018,12,21,1,5,2,2,0,1,0,0,0,0,1,0,0,0
2018,3,18,2,3,6,0,0,1,0,0,0,0,0,0,0,0
2018,12,11,4,6,3,0,0,1,1,0,0,0,0,0,0,0
2020,10,9,4,6,4,0,0,1,1,0,0,0,0,1,1,1
2021,5,14,3,2,1,0,1,1,0,0,0,0,0,1,2,0
2019,9,19,5,2,6,1,0,1,0,0,0,0,0,0,0,0
2019,6,9,6,2,7,0,0,1,0,0,0,0,0,0,0,0
2020,10,17,3,3,6,2,0,1,0,0,0,1,0,1,1,0
2020,11,22,4,5,2,2,1,0,0,0,0,0,0,1,2,0
2018,10,10,3,5,3,0,0,1,0,0,1,0,1,0,0,0
2019,3,12,4,1,5,0,1,1,0,0,0,0,0,0,0,0
2018,5,12,3,3,6,0,0,1,0,1,0,0,0,0,0,1
2018,6,15,2,2,6,0,0,1,0,0,0,0,0,0,0,1
2021,1,14,5,5,2,0,1,0,0,0,0,0,1,1,2,0
2021,9,18,4,5,2,0,1,1,0,0,0,0,0,0,1,0
2020,6,18,3,1,5,0,1,1,0,0,0,0,0,0,1,0
2021,8,14,2,5,3,0,1,1,0,0,0,0,0,0,1,0
2018,10,9,5,3,2,0,0,1,0,0,0,0,0,0,0,0
2020,9,9,3,5,2,0,1,1,0,0,0,0,0,0,1,0
2019,9,0,1,3,6,2,1,1,0,0,0,0,0,0,0,0
2018,10,19,4,1,5,2,1,1,0,0,0,0,0,0,0,0
2019,8,13,6,5,3,0,1,1,0,0,0,0,0,0,0,0
2021,12,10,5,5,3,0,1,1,0,0,0,0,1,1,2,0
2018,4,17,5,5,2,0,0,1,0,0,0,0,0,0,0,0
2019,4,15,1,0,2,0,1,1,0,0,0,0,0,0,0,0
2020,11,13,1,5,3,0,1,1,0,0,0,0,0,1,2,0
2020,9,20,1,5,7,2,0,1,0,0,0,1,0,0,1,0
2021,2,13,2,0,4,0,1,0,1,0,0,0,2,1,2,0
2021,10,16,4,2,6,0,1,0,0,0,1,0,0,0,1,0
2018,8,15,3,5,3,0,0,1,0,0,0,0,0,0,0,0
2020,9,8,3,1,5,0,1,0,0,0,0,1,0,0,1,0
2019,9,13,7,5,3,0,1,1,0,0,0,0,0,0,0,0
2020,4,11,4,2,6,0,0,1,0,0,0,0,0,1,2,0
2019,12,21,7,2,6,2,0,1,0,0,0,0,1,0,0,0
2020,11,15,2,1,5,0,1,1,0,0,0,0,0,1,2,1
2021,1,11,2,6,2,0,0,1,1,0,0,0,1,1,2,1
2018,12,19,3,2,3,2,0,1,0,0,0,0,1,0,0,0
2021,4,13,6,5,3,0,0,1,0,0,0,0,0,1,2,0