UJAHR,UMONAT,USTUNDE,UWOCHENTAG,UART,UTYP1,ULICHTVERH,IstRad,IstPKW,IstFuss,IstKrad,IstGkfz,IstSonstige,USTRZUSTAND,LOCKDOWN,COVID,UKATEGORIE
2018,5,14,5,5,3,0,0,1,0,1,0,0,0,0,0,1
2021,4,14,4,0,1,0,1,0,0,0,0,0,0,1,2,0
2018,7,11,4,5,2,0,1,1,0,0,0,0,0,0,0,0
2020,10,8,4,8,1,0,0,1,0,0,0,0,1,1,1,0
2018,6,18,5,5,2,0,1,1,0,0,0,0,0,0,0,0
2019,9,21,4,5,3,2,0,1,0,0,0,0,0,0,0,0
2019,5,19,2,0,1,0,1,0,0,0,0,0,1,0,0,0
2019,5,16,4,5,2,0,1,0,0,0,0,1,0,0,0,0
2019,12,9,3,5,2,0,1,1,0,0,0,0,0,0,0,1
2021,9,19,1,0,6,2,0,1,0,0,0,1,0,0,1,0
2018,9,13,2,5,7,0,0,1,0,1,0,0,0,0,0,1
2020,7,19,1,2,6,0,0,1,0,0,0,0,1,0,1,0
2019,11,2,7,0,2,2,0,1,0,0,0,0,0,0,0,0
2020,7,6,5,0,2,0,1,1,0,0,0,0,0,0,1,0
2018,6,12,3,6,4,0,0,1,1,0,0,0,0,0,0,1
2019,5,16,4,2,6,0,0,1,0,1,0,0,0,0,0,0
2018,12,14,3,5,3,0,0,1,0,0,0,0,1,0,0,0
2020,1,13,4,6,4,0,0,1,1,0,0,0,1,0,0,0
2018,10,17,5,5,2,0,1,1,0,0,0,0,0,0,0,0
2018,6,22,6,1,1,2,0,1,0,0,0,1,0,0,0,0
2020,5,14,4,2,6,0,0,1,0,0,1,0,0,1,1,0
2018,8,17,3,2,6,0,0,1,0,0,0,0,0,0,0,0
2019,4,15,7,3,6,0,1,1,0,0,0,0,0,0,0,0
2019,7,2,3,1,1,2,0,1,0,0,0,0,0,0,0,0
2021,6,10,3,5,3,0,0,1,0,0,0,0,0,0,1,0
2021,3,14,5,2,6,0,0,1,0,0,0,1,1,0,2,0
2018,11,23,5,5,3,2,0,1,0,0,0,0,0,0,0,1
2020,10,7,5,0,7,0,1,1,0,0,0,0,0,1,1,0
2020,12,18,5,0,7,2,0,0,0,1,0,1,0,1,2,0
2019,2,16,6,6,4,0,0,1,1,0,0,0,0,0,0,0
2019,4,11,3,5,3,0,1,0,0,0,0,1,0,0,0,0
2018,4,8,3,5,7,0,0,1,0,1,0,0,0,0,0,0
2018,10,9,4,2,2,0,0,1,0,0,0,0,0,0,0,0
2019,11,13,2,2,6,0,0,1,0,0,0,0,0,0,0,0
2020,11,8,2,5,3,0,1,0,0,0,1,0,0,1,2,0
2020,4,9,5,5,7,0,1,0,0,0,0,1,0,1,2,0
2018,1,6,2,6,4,2,0,0,1,0,0,1,0,0,0,0
2020,1,17,4,5,2,2,0,1,0,0,0,0,1,0,0,0
2021,9,19,4,2,6,2,0,1,0,0,0,0,1,0,1,0
2018,9,7,4,1,5,0,1,1,0,0,0,0,0,0,0,0
2019,7,3,7,2,6,2,1,1,0,0,0,0,0,0,0,0
2018,5,14,4,3,6,0,0,1,0,0,1,0,0,0,0,1
2019,4,22,5,5,2,2,0,1,0,0,0,1,0,0,0,0
2019,9,9,3,5,2,0,1,0,0,1,0,0,0,0,0,0
2019,10,8,1,1,1,0,0,1,0,0,0,0,0,0,0,1
2021,8,9,3,1,5,0,1,0,0,0,0,1,1,0,1,0
2018,8,19,6,5,3,0,1,0,0,0,0,1,0,0,0,0
2019,7,16,1,4,6,0,0,1,0,1,0,0,0,0,0,0
2021,2,17,7,6,4,1,0,1,1,0,0,0,0,1,2,0
2020,4,13,1,5,2,0,0,1,0,0,0,0,0,1,2,0
2018,11,19,7,6,4,2,0,1,1,0,0,0,0,0,0,1
2021,6,17,7,5,7,0,0,1,0,0,0,1,0,0,1,1
2019,4,15,2,1,5,0,1,1,0,0,0,0,0,0,0,0
2019,3,14,4,5,3,0,0,1,0,0,0,0,0,0,0,0
2019,11,21,5,5,2,2,1,1,0,0,0,0,1,0,0,0
2019,10,15,2,5,5,0,0,1,0,0,0,0,0,0,0,0
2021,8,10,2,8,1,0,0,0,0,1,0,0,0,0,1,0
2019,5,8,6,2,6,0,0,1,0,0,0,0,0,0,0,1
2020,1,20,4,1,5,2,1,1,0,0,0,0,0,0,0,0
2020,9,20,1,2,6,1,0,1,0,0,0,0,0,0,1,0
2021,6,15,3,5,2,0,1,1,0,0,0,0,0,0,1,0
2019,3,15,4,2,6,0,0,1,0,0,0,1,0,0,0,0
2020,6,16,6,2,6,0,0,1,0,0,0,0,0,0,1,0
2021,8,20,7,5,2,1,1,1,0,0,0,0,0,0,1,0
2021,8,22,7,0,7,2,0,1,0,0,0,0,1,0,1,0
2018,12,17,4,0,3,2,0,1,0,0,0,1,1,0,0,0
2019,10,22,5,5,2,2,0,1,0,0,0,1,0,0,0,0
2019,8,13,2,5,3,0,1,1,0,0,0,0,0,0,0,0
2018,6,6,4,0,1,0,1,1,0,0,0,0,0,0,0,0
2021,8,11,6,5,2,0,0,1,0,0,1,0,0,0,1,0
2018,8,17,6,2,6,0,0,1,0,0,0,0,0,0,0,0
2018,10,16,5,1,5,0,1,1,0,0,0,0,0,0,0,0
2021,11,11,7,5,2,0,0,1,0,0,0,0,0,0,2,0
2019,6,7,3,5,2,0,1,1,0,0,0,0,0,0,0,0
2018,11,19,5,2,6,2,1,1,0,0,0,0,0,0,0,0
2020,3,11,2,2,6,0,0,1,0,1,0,0,0,1,1,1
2019,4,17,3,1,5,0,0,1,0,1,0,0,0,0,0,0
2021,8,12,7,5,2,0,1,1,0,0,0,0,0,0,1,0
2019,6,7,3,2,6,0,0,1,0,0,0,0,0,0,0,0
2018,8,14,6,1,5,0,0,1,0,0,0,1,0,0,0,0
2021,3,15,3,5,2,0,1,0,0,0,1,0,0,0,2,0
2019,4,15,1,0,2,0,0,1,0,1,0,0,0,0,0,0
2018,6,18,5,3,6,0,1,1,0,0,0,0,0,0,0,0
2020,2,12,7,2,6,0,0,1,0,0,0,0,1,0,0,0
2020,8,16,4,5,2,0,1,1,0,0,0,0,1,0,1,0
2018,10,17,2,2,6,1,0,1,0,0,0,1,1,0,0,0
2019,1,16,3,3,6,2,0,1,0,1,0,1,1,0,0,0
2019,12,18,1,3,6,2,0,1,0,0,1,0,0,0,0,0
2021,7,13,3,0,6,0,0,1,0,1,0,0,0,0,1,0
2021,10,16,1,5,3,0,0,1,0,0,0,0,0,0,1,0
2018,6,15,6,2,6,0,1,0,0,0,0,1,0,0,0,1
2021,7,23,3,0,1,2,1,0,0,0,0,0,0,0,1,0
2020,10,17,5,6,7,0,0,1,1,0,0,0,0,1,1,0
2018,3,18,3,5,2,0,0,1,0,1,0,0,0,0,0,0
2018,12,17,6,6,2,2,0,1,1,0,0,0,1,0,0,1
2021,12,17,6,4,2,2,0,1,0,0,0,0,0,1,2,0
2018,11,18,6,6,2,2,0,1,1,0,0,0,1,0,0,1
2021,3,8,3,6,4,0,0,1,1,0,0,0,0,0,2,0
2019,4,11,3,2,6,0,0,1,0,0,0,0,0,0,0,1
2019,5,14,4,6,2,0,0,1,1,0,0,0,0,0,0,0
2021,5,12,2,0,6,0,1,0,0,0,0,0,0,1,2,0
2020,3,19,7,6,4,2,0,1,1,0,0,0,0,1,1,1
2021,6,9,4,2,6,0,0,1,0,0,0,0,0,0,1,0
2021,11,11,7,6,4,0,0,1,1,0,0,0,0,0,2,1
2021,3,13,3,0,6,0,0,0,0,0,0,1,0,0,2,0
2021,7,17,2,5,7,0,1,1,0,0,0,0,0,0,1,0
2020,5,7,3,5,3,0,0,1,0,0,0,0,0,1,1,0
2021,4,8,3,2,2,0,0,1,0,0,0,0,0,1,2,0
2020,3,13,2,5,7,0,0,1,0,0,0,0,1,1,1,0
2021,5,13,6,0,3,0,0,1,0,0,0,0,1,1,2,0
2021,8,14,6,5,2,0,1,1,0,0,0,0,0,0,1,0
2018,2,9,3,5,3,0,1,1,0,0,0,0,0,0,0,0
2018,1,18,5,5,2,2,1,1,0,0,0,0,1,0,0,1
2021,3,22,3,3,7,2,0,1,0,0,0,1,0,0,2,1
2021,5,14,1,0,7,0,1,0,0,0,0,0,0,1,2,0
2021,8,13,5,1,5,0,1,1,0,0,0,0,0,0,1,0
2019,11,21,3,1,5,2,1,1,0,0,0,0,0,0,0,0
2019,9,21,5,5,3,2,1,1,0,0,0,0,0,0,0,0
2019,4,4,5,1,1,2,1,1,0,0,0,0,0,0,0,0
2019,1,7,4,5,2,2,1,1,0,0,0,0,1,0,0,0
2019,6,9,2,6,6,0,1,0,1,0,0,0,0,0,0,0
2020,7,10,3,5,3,0,1,1,0,0,0,0,0,0,1,0
2019,1,18,3,6,2,2,0,1,1,0,0,0,1,0,0,0
2019,6,12,7,5,3,0,1,1,0,0,0,0,0,0,0,1
2019,7,13,3,3,1,0,1,0,0,0,0,1,0,0,0,0
2020,8,17,5,2,6,0,0,1,0,0,0,0,0,0,1,0
2020,10,10,7,5,3,0,0,1,0,0,0,0,1,1,1,0
2018,5,16,4,5,3,0,0,1,0,0,0,0,0,0,0,0
2021,1,6,3,6,2,2,0,1,1,0,0,0,0,1,2,1
2019,4,18,2,5,3,0,1,1,0,0,0,0,0,0,0,1
2019,1,20,6,6,4,2,0,1,1,0,0,0,1,0,0,1
2020,9,9,3,3,6,0,1,1,0,0,0,0,0,0,1,0
2018,6,19,2,5,3,0,1,1,0,0,0,0,0,0,0,0
2019,6,20,3,6,7,0,1,0,1,0,0,0,0,0,0,0
2020,2,10,2,5,3,0,0,1,0,0,0,0,1,0,0,0
2020,9,7,2,6,4,0,1,0,1,0,0,0,1,0,1,0
2021,5,15,3,5,3,0,1,1,0,0,0,0,0,1,2,0
2020,1,12,6,5,3,0,0,1,0,0,0,0,0,0,0,0
2019,7,19,2,5,3,0,0,1,0,0,0,1,1,0,0,0
2019,5,19,7,1,5,0,1,1,0,0,0,0,0,0,0,0
2020,5,0,3,1,5,2,0,1,0,0,0,0,0,1,1,0
2018,3,15,4,6,4,0,0,1,1,0,0,0,0,0,0,0
2019,5,15,7,0,1,0,0,0,0,1,0,0,1,0,0,0
2021,1,5,4,1,5,2,1,1,0,0,0,0,1,1,2,0
2019,10,13,2,5,3,0,1,1,0,0,0,0,0,0,0,0
2020,6,18,7,5,3,0,1,1,0,0,0,0,0,0,1,0
2019,5,13,5,2,6,0,0,1,0,0,0,0,0,0,0,0
2020,4,18,5,5,2,0,0,1,0,1,0,0,0,1,2,0
2021,6,6,4,1,5,0,0,1,0,1,0,0,0,0,1,0
2020,12,8,3,0,1,0,1,0,0,0,0,0,1,1,2,1
2018,2,7,3,5,2,0,0,1,0,0,0,0,0,0,0,0
2019,12,18,2,6,2,2,0,1,1,0,0,0,1,0,0,0
2020,10,16,7,0,1,0,0,0,0,0,0,1,0,1,1,0
2021,12,13,4,5,3,0,0,1,0,0,1,0,0,1,2,0
2019,8,16,6,0,4,0,1,0,1,0,0,0,0,0,0,0
2020,3,18,3,6,2,2,0,1,1,0,0,0,1,1,1,1
2020,11,21,6,5,2,2,1,1,0,0,0,0,0,1,2,0
2021,5,6,4,5,2,0,1,1,0,0,0,0,1,1,2,0
2019,2,15,6,0,1,0,1,0,0,0,0,0,0,0,0,1
2021,12,5,3,5,2,1,0,1,0,0,0,1,0,1,2,0
2018,3,8,2,2,6,0,0,1,0,0,0,0,0,0,0,0
2021,12,19,4,5,7,2,1,1,0,0,0,0,1,1,2,0
2019,11,17,3,5,7,2,0,1,0,1,0,0,1,0,0,0
2018,2,6,6,9,1,1,0,0,0,1,0,0,0,0,0,0
2021,9,15,5,6,7,0,0,0,1,0,0,1,0,0,1,0
2019,5,20,5,1,5,1,1,1,0,0,0,1,1,0,0,0
2019,10,19,4,5,3,2,1,1,0,0,0,0,0,0,0,0
2021,1,22,4,5,3,2,0,1,0,0,0,0,1,1,2,1
2020,8,15,4,0,2,0,1,1,0,0,0,0,0,0,1,0
2020,5,19,4,5,3,0,1,0,0,1,0,0,0,1,1,0
2020,1,16,5,5,2,0,1,1,0,0,0,0,0,0,0,0
2021,8,15,3,0,1,0,0,0,0,1,0,0,0,0,1,0
2018,8,15,6,5,3,0,0,1,0,0,0,0,0,0,0,0
2021,10,11,1,5,3,0,0,1,0,1,0,0,0,0,1,1
2019,7,17,4,5,2,0,1,1,0,0,0,0,0,0,0,0
2018,11,4,2,5,7,2,0,1,0,1,0,0,1,0,0,1
2018,2,5,3,6,4,2,0,0,1,0,0,1,0,0,0,0
2018,5,15,2,6,4,0,0,0,1,0,0,1,0,0,0,1
2019,10,17,6,5,3,1,0,1,0,0,0,0,1,0,0,0
2019,9,16,3,1,5,0,0,1,0,0,0,1,0,0,0,0
2020,6,10,3,3,6,0,0,1,0,0,0,0,0,0,1,0
2019,8,17,2,0,2,0,0,1,0,1,0,0,0,0,0,0
2020,6,14,2,5,2,0,1,1,0,0,0,0,0,0,1,0
2021,8,18,5,0,7,0,1,0,0,0,0,0,0,0,1,1
2019,10,1,2,1,7,2,0,1,0,0,0,0,0,0,0,1
2021,10,15,5,5,2,0,0,1,0,1,0,0,0,0,1,0
2018,9,11,1,0,1,0,1,0,0,0,0,0,0,0,0,1
2021,10,13,6,0,7,0,0,0,0,1,0,0,1,0,1,0
2021,12,13,7,5,3,0,0,1,0,0,0,0,1,1,2,0
2021,2,19,2,0,1,2,0,1,0,0,0,0,2,1,2,0
2021,9,15,5,5,5,0,0,1,0,1,0,0,0,0,1,1
2018,9,13,6,2,6,0,0,1,0,0,0,1,0,0,0,0
2018,10,15,3,5,3,0,1,1,0,0,0,0,0,0,0,0
2020,6,15,2,6,7,0,0,0,1,0,0,1,0,0,1,1
2018,9,17,5,5,2,0,1,0,0,0,0,1,0,0,0,0
2019,11,11,1,2,2,0,0,1,0,0,0,0,1,0,0,0
2019,6,16,1,6,7,0,1,0,1,0,0,0,0,0,0,0
2019,9,21,4,1,1,2,1,1,0,0,0,0,0,0,0,0
2019,10,0,6,5,2,2,1,1,0,0,0,0,0,0,0,0
2019,12,16,3,5,3,2,0,1,0,0,0,0,1,0,0,0
2019,2,13,2,5,3,0,1,1,0,0,0,0,0,0,0,0
2018,6,8,5,3,6,0,0,1,0,1,0,0,0,0,0,0
2019,9,9,6,5,2,0,1,1,0,0,0,0,1,0,0,0
2021,8,20,4,0,1,2,0,0,0,1,0,0,1,0,1,1
2018,12,13,4,5,3,0,1,1,0,0,0,0,0,0,0,0
2018,5,14,6,5,3,0,1,1,0,0,0,0,0,0,0,0
2019,6,8,6,5,3,0,0,1,0,1,0,0,0,0,0,0
2019,10,11,2,3,6,0,0,1,0,1,0,0,0,0,0,0
2021,5,10,5,5,7,0,0,1,0,0,0,0,0,1,2,0
2021,5,19,5,1,5,0,1,1,0,0,0,0,0,1,2,0
2018,2,19,5,2,6,2,1,1,0,0,0,0,0,0,0,0
2021,7,16,7,2,6,0,1,1,0,0,0,0,0,0,1,1
2019,12,19,2,6,7,2,1,0,1,0,0,0,0,0,0,0
2021,3,14,6,5,3,0,1,1,0,0,0,0,0,0,2,0
2018,10,18,3,2,6,0,0,1,0,0,0,0,1,0,0,0
2018,8,11,5,2,6,0,0,1,0,1,0,0,0,0,0,0
2019,6,14,2,5,3,0,1,1,0,0,0,0,0,0,0,0
2018,5,8,4,5,2,0,1,1,0,0,0,0,0,0,0,0
2021,8,11,2,2,6,0,0,1,0,1,0,0,0,0,1,0
2018,7,18,4,2,2,0,1,1,0,0,0,0,0,0,0,0
2020,6,18,1,0,3,0,1,0,0,0,0,0,1,0,1,0
2020,8,21,2,5,2,1,0,1,0,0,0,0,0,0,1,1
2019,11,16,3,3,6,0,0,1,0,1,0,0,1,0,0,0
2020,8,4,3,0,7,2,1,0,0,0,0,0,0,0,1,0
2018,6,12,3,3,6,0,1,1,0,0,0,0,0,0,0,0
2021,7,16,5,3,6,0,1,0,0,0,0,1,0,0,1,0
2020,11,18,5,5,3,2,0,0,0,0,0,1,1,1,2,0
2020,9,16,6,6,4,0,0,1,1,0,0,0,0,0,1,1
2018,7,17,5,6,4,0,0,1,1,0,0,0,1,0,0,0
2020,1,18,4,1,5,2,0,1,0,0,0,0,0,0,0,0
2021,10,16,6,5,3,0,1,1,0,0,0,0,0,0,1,0
2019,11,10,7,2,6,0,0,1,0,0,0,0,0,0,0,0
2018,12,17,5,8,1,2,0,0,0,1,0,0,0,0,0,1
2021,9,14,3,0,1,0,0,0,0,1,0,0,0,0,1,1
2021,11,17,2,6,7,2,0,1,1,0,0,0,1,0,2,0
2019,8,12,6,5,3,0,1,1,0,0,0,0,0,0,0,0
2020,6,8,4,5,3,0,0,1,1,0,0,1,0,0,1,0
2021,9,11,7,0,1,0,1,0,0,0,0,0,0,0,1,0
2020,10,23,3,5,5,2,0,1,0,1,0,0,1,1,1,0
2018,3,10,3,5,2,0,1,1,0,0,0,0,0,0,0,1
2018,5,23,5,0,7,2,1,0,0,0,0,0,0,0,0,1
2018,8,13,5,0,7,0,0,1,0,0,0,0,0,0,0,0
2018,7,20,2,2,2,1,0,0,0,1,0,1,0,0,0,0
2019,6,6,6,5,2,0,1,1,0,0,0,0,0,0,0,0
2021,4,10,4,2,6,0,0,1,0,0,0,1,1,1,2,0
2019,5,11,2,5,2,0,0,1,0,1,0,0,0,0,0,0
2018,10,14,5,5,3,0,1,1,0,0,0,0,1,0,0,0
2020,5,15,3,2,6,0,0,1,0,0,0,1,0,1,1,1
2018,10,8,2,5,3,0,0,1,0,0,0,0,0,0,0,0
2020,5,10,3,5,3,0,1,1,0,0,0,0,0,1,1,1
2020,4,17,6,6,6,0,1,0,1,0,0,0,0,1,2,0
2020,3,15,4,2,6,0,1,1,0,0,0,0,0,1,1,0
2018,6,6,6,5,2,0,1,1,0,0,0,0,0,0,0,0
2021,5,12,6,6,7,0,0,1,1,0,0,0,0,1,2,1
2018,3,16,6,1,5,0,0,1,0,0,0,0,1,0,0,0
2021,10,5,5,2,2,2,0,1,0,0,0,1,0,0,1,0
2019,6,7,5,3,6,0,1,0,0,0,0,1,0,0,0,0
2019,1,17,7,6,2,1,0,1,1,0,0,0,1,0,0,0
2018,9,12,2,3,6,0,0,0,0,1,0,1,0,0,0,0
2021,9,15,6,5,2,0,0,1,0,0,0,0,1,0,1,0
2020,1,16,6,6,7,1,0,1,0,0,0,1,0,0,0,0
2018,1,18,6,0,4,2,0,1,1,0,0,0,1,0,0,0
2021,11,17,4,2,6,1,0,1,0,0,0,0,1,0,2,0
2020,7,20,7,0,1,0,0,0,0,1,0,0,1,0,1,1
2021,12,18,5,5,2,2,0,1,0,0,0,1,1,1,2,0
2021,9,15,6,2,6,0,0,1,0,0,0,0,0,0,1,0
2018,7,18,4,2,6,0,0,1,0,0,0,0,0,0,0,0
2019,9,6,4,5,2,0,1,1,0,0,0,0,0,0,0,0
2021,9,13,3,2,6,0,0,1,0,1,0,0,0,0,1,0
2019,8,13,1,2,6,0,0,1,0,1,0,0,0,0,0,0
2018,7,7,5,4,6,0,0,1,0,0,0,1,0,0,0,1
2020,7,17,7,2,6,0,0,1,0,0,0,0,0,0,1,0
2018,1,19,4,6,2,2,0,1,1,0,0,0,1,0,0,0
2020,8,12,4,5,2,0,1,1,0,0,0,0,0,0,1,0
2021,9,10,3,6,4,0,0,1,1,0,0,0,0,0,1,0
2020,4,14,5,5,3,0,0,1,0,0,0,1,0,1,2,0
2020,9,8,7,0,1,0,0,0,0,1,0,0,1,0,1,0
2021,6,8,4,5,3,0,0,1,0,0,0,0,0,0,1,0
2019,9,15,4,0,7,0,1,1,0,0,0,0,0,0,0,1
2021,7,16,6,5,2,0,0,1,0,0,0,1,0,0,1,0
2020,9,8,2,5,3,0,1,1,0,0,0,0,0,0,1,0
2018,1,14,5,6,4,0,0,1,1,0,0,0,1,0,0,0
2021,12,7,2,2,6,1,0,1,0,0,0,0,1,1,2,0
2021,8,9,5,6,7,0,1,0,1,0,0,0,0,0,1,0
2020,9,18,1,2,6,0,1,1,0,0,0,0,0,0,1,0
2021,10,10,5,0,1,0,0,0,0,1,0,0,1,0,1,0
2018,1,17,5,8,1,2,0,1,0,0,0,0,0,0,0,0
2019,11,12,7,3,6,0,1,1,0,0,0,0,0,0,0,0
2020,5,16,2,5,3,0,0,1,0,1,0,0,1,1,1,0
2019,4,16,5,2,6,0,0,1,0,0,0,0,0,0,0,0
2018,8,21,7,2,6,2,0,1,0,0,0,0,0,0,0,0
2021,10,21,3,5,2,2,0,1,0,0,0,0,0,0,1,0
2020,8,18,2,0,1,0,0,0,0,1,0,0,0,0,1,0
2021,7,12,4,3,6,0,0,1,0,1,0,0,0,0,1,0
2018,4,17,6,5,2,0,1,1,0,0,0,0,0,0,0,1
2021,10,14,6,1,5,0,0,1,0,1,0,0,0,0,1,0
2020,1,15,4,0,6,0,0,1,0,1,0,0,1,0,0,0
2018,5,22,4,5,3,2,1,0,0,1,0,0,0,0,0,0
2018,9,6,5,5,7,0,0,1,0,1,0,0,0,0,0,1
2019,1,12,4,5,7,0,0,1,0,0,0,1,0,0,0,0
2019,12,15,5,3,6,2,0,1,0,0,0,0,1,0,0,0
2021,11,19,2,2,6,1,0,1,0,0,0,0,1,0,2,0
2019,2,17,4,5,2,0,1,1,0,0,0,0,0,0,0,0
2018,11,16,3,5,3,1,0,1,0,0,0,0,1,0,0,0
2018,5,14,5,5,3,0,1,1,0,0,0,0,0,0,0,0
2018,9,15,3,1,5,0,1,1,0,0,0,0,0,0,0,0
2018,12,20,7,6,4,2,0,1,1,0,0,0,1,0,0,0
2019,6,14,6,2,6,0,0,1,0,0,0,0,0,0,0,0
2018,10,8,6,5,3,0,1,1,0,0,0,0,0,0,0,0
2021,6,15,2,5,2,0,0,1,0,1,0,0,0,0,1,0
2021,1,15,3,2,6,0,0,1,0,0,0,0,1,1,2,0
2018,7,11,3,5,5,0,0,1,0,0,0,0,0,0,0,0
2018,8,20,4,6,4,0,0,0,1,0,0,1,0,0,0,1
2020,9,5,6,5,2,2,1,1,0,0,0,0,1,0,1,0
2018,3,10,6,2,2,0,0,1,0,0,0,0,0,0,0,0
2020,5,10,3,1,5,0,1,0,0,0,0,1,0,1,1,0
2020,2,20,4,4,1,2,0,1,0,0,0,0,1,0,0,0
2021,6,13,6,5,2,0,1,1,0,0,0,0,0,0,1,0
2020,9,7,6,5,2,0,1,0,0,0,0,1,1,0,1,0
2019,10,10,5,0,1,0,1,0,0,0,0,0,0,0,0,0
2018,3,18,3,5,3,2,1,1,0,0,0,0,1,0,0,0
2020,1,18,5,5,3,2,1,0,0,0,0,1,1,0,0,0
2021,6,10,5,3,6,0,0,1,0,0,1,0,0,0,1,0
2019,10,21,7,0,1,2,0,0,0,0,0,1,0,0,0,0
2020,10,15,5,3,6,0,1,0,0,0,0,0,1,1,1,0
2018,10,17,4,8,1,2,0,1,0,0,0,0,0,0,0,1
2020,6,7,4,0,7,0,0,1,0,0,0,0,0,0,1,0
2020,3,8,3,5,2,0,1,1,0,0,0,0,0,1,1,0
2019,4,8,6,5,2,0,0,1,0,1,0,0,0,0,0,1
2021,6,7,6,6,4,0,0,0,1,0,0,1,0,0,1,0
2019,10,10,4,2,6,0,1,1,0,0,0,0,0,0,0,0
2019,2,17,2,6,4,1,1,0,1,0,0,0,0,0,0,0
2020,9,17,1,5,3,0,0,1,0,0,0,0,0,0,1,0
2018,12,16,2,3,6,2,1,1,0,0,0,0,0,0,0,0
2018,2,15,3,2,2,0,0,1,0,0,0,0,0,0,0,0
2019,12,17,3,1,5,2,1,1,0,0,0,1,0,0,0,0
2021,3,12,2,5,2,0,0,1,0,0,0,1,0,0,2,0
2020,11,23,7,6,7,2,0,1,1,0,0,0,0,1,2,1
2021,6,6,5,2,6,0,0,1,0,0,0,0,0,0,1,0
2020,12,10,3,2,6,0,0,1,0,0,0,1,0,1,2,0
2021,10,14,1,1,5,0,0,1,0,1,0,0,0,0,1,1
2020,11,18,3,0,1,2,0,0,0,1,0,0,1,1,2,0
2018,8,15,4,6,4,0,0,0,1,1,0,0,0,0,0,1
2021,11,1,3,0,1,2,0,0,0,0,0,1,0,0,2,1
2019,7,7,4,1,5,0,0,1,0,0,0,1,0,0,0,0
2019,11,15,2,6,7,0,0,1,1,0,0,0,0,0,0,1
2019,5,9,1,5,3,0,0,1,0,0,0,0,0,0,0,0
2018,1,23,2,5,3,2,1,1,0,0,0,0,1,0,0,1
2021,5,16,3,2,6,0,0,1,0,1,0,0,0,1,2,0
2021,4,14,1,6,4,0,0,1,1,0,0,0,0,1,2,0
2018,2,16,6,5,3,0,1,1,0,0,0,0,0,0,0,0
2020,10,14,6,2,6,0,0,1,0,0,0,0,1,1,1,0
2018,3,15,3,5,3,0,0,1,0,0,0,0,0,0,0,0
2019,5,12,4,6,7,0,0,1,1,0,0,0,0,0,0,0
2018,8,13,6,5,2,0,1,1,0,0,0,0,0,0,0,0
2021,2,14,2,0,6,0,0,1,0,1,0,0,0,1,2,0
2021,3,21,7,5,3,2,1,0,0,0,0,0,1,0,2,1
2018,6,8,6,0,2,0,1,1,0,0,0,0,0,0,0,1
2020,8,12,4,3,6,0,0,1,0,0,1,0,0,0,1,1
2019,10,22,4,2,6,2,0,1,0,0,0,0,0,0,0,0
2018,4,17,6,5,2,0,0,1,0,0,0,1,0,0,0,0
2020,9,15,2,5,7,0,0,1,0,0,0,1,0,0,1,0
2019,10,6,2,2,6,2,0,1,0,0,0,0,0,0,0,0
2020,5,16,6,3,2,0,0,1,0,0,1,0,0,1,1,0
2021,6,10,4,2,2,0,0,0,0,0,1,1,1,0,1,0
2019,8,19,3,1,1,0,0,1,0,0,0,0,0,0,0,0
2020,12,9,6,5,2,0,1,1,0,0,0,0,1,1,2,0
2019,11,12,2,5,3,0,0,1,0,0,0,0,0,0,0,0
2018,4,8,5,5,2,0,0,1,0,0,0,1,0,0,0,0
2018,7,14,1,2,6,0,0,1,0,0,0,0,0,0,0,0
2021,8,20,7,1,7,1,0,1,0,0,0,0,1,0,1,1
2021,5,8,2,6,4,0,0,1,1,0,0,0,0,1,2,0
2018,3,7,2,5,3,0,1,1,0,0,0,0,0,0,0,0
2020,10,14,3,5,2,0,1,1,0,0,0,0,0,1,1,0
2021,3,17,2,6,7,0,1,0,1,0,0,0,0,0,2,0
2020,10,14,6,5,3,0,1,1,0,0,0,0,0,1,1,0
2020,5,20,4,5,3,0,0,1,0,0,0,0,0,1,1,0
2018,3,14,1,6,2,0,0,1,1,0,0,0,0,0,0,0
2019,11,16,4,6,2,2,0,1,1,0,0,0,1,0,0,0
2018,6,20,4,2,6,0,0,1,0,0,0,0,0,0,0,1
2021,5,13,2,5,2,0,1,0,0,0,1,0,0,1,2,1
2021,3,16,4,5,3,0,1,1,0,0,0,0,1,0,2,0
2021,2,18,6,2,6,2,0,1,0,0,0,0,0,1,2,0
2018,9,0,5,5,3,2,0,1,0,0,0,0,0,0,0,0
2020,6,15,6,1,5,0,1,1,0,0,0,0,0,0,1,0
2020,9,17,2,5,2,0,0,1,0,0,0,1,0,0,1,0
2021,10,20,4,5,2,2,1,0,1,0,0,1,0,0,1,0
2018,3,19,3,1,5,2,1,1,0,0,0,1,0,0,0,0
2018,1,7,2,2,6,1,0,1,0,0,0,0,2,0,0,0
2019,10,13,5,5,3,0,0,1,0,0,0,0,1,0,0,1
2019,9,14,6,5,7,0,0,1,0,0,0,0,0,0,0,0
2021,10,11,6,6,4,0,0,1,1,0,0,0,0,0,1,0
2018,5,20,4,2,6,2,0,1,0,0,0,0,0,0,0,0