UJAHR,UMONAT,USTUNDE,UWOCHENTAG,UART,UTYP1,ULICHTVERH,IstRad,IstPKW,IstFuss,IstKrad,IstGkfz,IstSonstige,USTRZUSTAND,LOCKDOWN,COVID,UKATEGORIE
2021,4,12,6,5,3,0,0,1,0,0,0,0,0,1,2,1
2019,9,13,3,0,5,0,0,1,0,1,0,0,0,0,0,0
2020,6,13,4,2,6,0,0,1,0,1,0,0,0,0,1,0
2019,3,16,2,2,6,1,0,1,0,0,0,0,1,0,0,0
2018,1,7,2,5,3,0,0,1,0,0,0,0,0,0,0,0
2019,8,19,5,6,7,0,0,0,1,0,0,1,0,0,0,0
2018,7,12,3,2,2,0,1,1,0,0,0,0,0,0,0,0
2020,5,8,4,2,6,0,0,1,0,0,0,0,0,1,1,0
2018,12,11,7,6,3,0,0,1,1,0,0,0,0,0,0,1
2019,7,19,5,6,6,0,0,1,1,0,0,0,0,0,0,0
2021,5,16,4,2,6,0,0,1,0,1,0,0,0,1,2,0
2019,6,8,4,5,2,0,1,1,0,0,0,0,0,0,0,0
2021,5,9,7,2,6,0,0,1,0,0,0,1,0,1,2,0
2020,2,9,3,1,5,0,1,1,0,0,0,0,1,0,0,0
2021,1,14,6,2,6,0,0,1,0,0,0,0,0,1,2,0
2018,8,11,2,5,2,0,1,1,0,0,0,0,0,0,0,0
2021,9,20,4,3,6,2,0,1,0,0,0,0,1,0,1,0
2019,3,16,2,2,6,0,0,1,0,0,0,0,1,0,0,0
2019,7,13,4,5,2,0,1,0,0,0,1,0,0,0,0,0
2018,7,15,6,2,6,0,0,1,0,0,0,0,0,0,0,0
2018,5,12,4,0,6,0,1,1,0,0,0,0,0,0,0,0
2019,12,21,4,2,6,2,0,1,0,0,0,0,1,0,0,0
2019,5,6,6,3,6,0,0,1,0,0,0,1,0,0,0,0
2018,5,10,4,2,6,0,0,1,0,0,0,1,0,0,0,0
2018,7,15,2,2,6,0,0,1,0,0,0,0,0,0,0,0
2021,12,10,6,3,6,0,0,1,0,0,1,0,0,1,2,0
2018,6,8,6,5,3,0,1,0,0,0,0,1,0,0,0,0
2020,8,6,4,5,2,0,1,0,0,0,0,1,0,0,1,0
2020,3,12,3,6,4,0,1,0,1,0,0,0,0,1,1,1
2018,5,14,1,0,1,0,0,0,0,1,0,0,0,0,0,1
2020,8,7,3,5,2,0,1,1,0,0,0,0,0,0,1,0
2021,9,14,5,6,3,0,1,0,1,0,0,0,0,0,1,1
2018,4,14,3,5,3,0,1,1,0,0,0,0,0,0,0,0
2018,2,19,2,0,1,2,0,0,0,1,0,0,2,0,0,1
2020,3,14,5,5,2,0,1,1,0,0,0,0,0,1,1,0
2018,8,11,2,1,5,0,1,1,0,0,0,0,0,0,0,0
2021,8,6,6,0,1,0,0,1,0,1,0,0,1,0,1,1
2021,8,18,7,5,3,0,1,0,0,1,0,0,0,0,1,0
2019,10,14,3,6,4,0,1,0,1,0,0,0,1,0,0,0
2018,12,18,2,5,3,2,0,1,0,0,0,0,1,0,0,0
2018,8,17,5,5,7,0,0,1,0,0,0,0,0,0,0,0
2018,4,11,6,5,2,0,1,1,0,0,0,0,0,0,0,1
2020,8,18,3,5,2,0,1,1,0,0,0,0,0,0,1,0
2021,5,16,2,5,2,0,1,1,0,0,0,0,0,1,2,0
2018,4,15,3,1,1,0,0,1,0,0,0,0,0,0,0,0
2019,3,18,5,2,6,0,1,1,0,0,0,0,1,0,0,0
2019,11,15,6,5,2,1,0,1,0,0,0,0,0,0,0,0
2019,12,8,6,5,3,0,1,1,0,0,0,0,1,0,0,0
2021,7,17,4,0,6,0,0,1,0,1,0,0,0,0,1,1
2019,1,0,7,2,2,2,0,1,0,0,1,0,1,0,0,0
2018,10,18,2,2,6,1,1,1,0,0,0,0,1,0,0,0
2021,5,15,7,5,2,0,1,1,0,0,0,0,0,1,2,0
2019,9,9,3,6,2,0,0,1,1,0,0,0,0,0,0,0
2019,9,7,6,5,2,0,0,1,0,0,0,0,0,0,0,0
2021,9,12,5,5,3,0,1,1,0,0,0,0,0,0,1,0
2020,12,14,4,6,3,0,0,1,1,0,0,0,0,1,2,0
2021,7,15,6,1,5,0,1,1,0,0,0,0,0,0,1,1
2021,11,15,5,5,2,1,1,1,0,0,0,0,0,0,2,0
2021,4,5,1,6,2,2,0,0,1,0,0,1,1,1,2,1
2021,10,12,3,6,2,0,0,0,1,0,1,0,1,0,1,0
2019,10,8,4,5,2,0,0,1,0,1,0,0,1,0,0,1
2020,6,19,3,3,6,0,1,1,0,0,0,0,0,0,1,0
2020,2,18,5,5,2,2,1,1,0,0,0,0,0,0,0,1
2020,8,10,3,2,6,0,1,0,0,0,0,0,0,0,1,0
2019,6,7,5,5,3,0,1,1,0,0,0,0,0,0,0,0
2018,6,18,5,5,3,0,0,1,0,1,0,0,0,0,0,0
2021,4,20,5,5,3,2,1,0,0,0,0,1,0,1,2,0
2021,3,8,6,0,3,0,0,1,0,1,0,0,1,0,2,1
2018,8,17,3,6,2,0,0,1,1,0,0,0,0,0,0,0
2019,5,7,6,6,2,0,0,1,1,0,0,0,0,0,0,0
2020,11,18,5,2,6,2,0,1,0,0,1,0,1,1,2,0
2020,1,11,6,0,2,0,1,1,0,0,0,0,0,0,0,0
2018,4,11,3,5,3,0,1,1,0,0,0,0,0,0,0,0
2020,2,19,4,5,5,2,0,1,0,0,0,0,1,0,0,0
2019,8,17,3,6,2,0,0,1,1,0,0,0,0,0,0,0
2018,8,15,2,2,6,0,1,1,0,0,0,0,0,0,0,0
2018,8,20,5,4,6,2,0,1,0,1,0,0,0,0,0,1
2019,9,6,4,5,2,1,1,0,0,0,0,1,0,0,0,0
2018,9,11,7,6,4,0,0,1,1,0,0,0,0,0,0,0
2018,1,5,7,0,1,2,0,0,0,1,0,0,0,0,0,0
2019,10,15,3,3,6,0,1,0,0,0,0,0,0,0,0,0
2021,10,8,6,5,7,0,0,1,0,0,0,0,0,0,1,0
2019,1,13,1,5,2,0,0,1,0,0,0,0,0,0,0,0
2021,9,9,3,1,5,0,1,1,0,0,0,0,0,0,1,0
2020,8,22,5,0,1,2,0,0,0,1,0,0,0,0,1,0
2019,2,6,2,2,6,0,0,1,0,0,0,1,0,0,0,0
2021,9,18,6,5,7,1,0,1,0,0,0,0,0,0,1,0
2020,4,10,5,6,4,0,1,0,1,0,0,0,0,1,2,0
2018,4,11,7,2,6,0,0,1,0,0,0,0,0,0,0,0
2018,8,8,5,0,3,0,0,1,0,1,0,0,0,0,0,0
2018,8,15,4,1,5,0,1,1,0,0,0,0,0,0,0,0
2021,10,15,4,4,6,0,0,1,0,0,0,0,0,0,1,0
2020,6,18,7,1,5,0,1,1,0,0,0,0,1,0,1,0
2021,8,17,5,0,1,0,1,0,0,0,0,0,1,0,1,0
2021,9,19,2,5,2,1,0,1,0,0,0,0,0,0,1,0
2018,8,6,3,5,3,0,1,1,0,0,0,0,0,0,0,0
2019,5,0,4,5,3,2,0,1,0,0,0,0,1,0,0,0
2018,10,8,4,5,2,0,1,1,0,0,0,0,0,0,0,0
2019,3,11,4,5,7,0,1,1,0,0,0,0,0,0,0,0
2018,3,9,7,3,6,0,1,0,0,0,0,1,0,0,0,0
2021,5,14,7,2,6,0,1,1,0,0,0,0,0,1,2,0
2018,3,10,6,5,2,0,0,1,0,0,0,0,1,0,0,0
2020,1,11,4,3,6,0,0,1,0,0,1,0,1,0,0,1
2019,5,14,4,5,3,0,1,1,0,0,0,0,1,0,0,0
2018,10,6,4,5,3,1,1,1,0,0,0,0,0,0,0,0
2021,2,7,5,5,2,0,0,1,0,0,0,0,1,1,2,0
2020,6,23,4,1,1,2,0,1,0,1,0,0,0,0,1,0
2020,2,14,6,5,2,0,1,1,0,0,0,0,1,0,0,0
2018,6,15,3,2,6,0,0,1,0,1,0,0,0,0,0,0
2019,6,18,3,2,6,0,0,1,0,1,0,0,0,0,0,0
2020,8,2,1,5,5,2,1,1,0,0,0,0,0,0,1,0
2020,12,13,3,3,2,0,0,1,0,0,0,0,1,1,2,0
2018,10,7,5,6,4,1,0,0,1,1,0,0,0,0,0,0
2021,5,17,1,2,6,0,0,1,0,0,0,0,0,1,2,0
2020,8,14,5,2,6,0,0,1,0,0,0,0,0,0,1,0
2021,4,12,2,1,5,0,1,1,0,0,0,0,0,1,2,0
2020,10,16,4,6,4,0,0,1,1,0,0,0,1,1,1,1
2020,6,10,3,5,3,0,0,1,0,0,0,0,0,0,1,0
2019,11,1,5,5,2,2,0,1,0,0,1,0,0,0,0,0
2021,3,12,4,5,2,0,0,1,0,0,0,0,0,0,2,0
2021,4,17,7,1,5,0,0,1,0,0,0,0,0,1,2,0
2019,12,17,4,5,2,2,1,1,0,0,0,0,0,0,0,0
2020,2,16,6,6,7,1,0,1,1,0,0,0,1,0,0,1
2019,5,10,6,5,3,0,1,1,0,0,0,0,0,0,0,0
2019,9,21,7,1,1,2,0,1,0,0,0,0,1,0,0,0
2019,9,17,3,1,5,0,1,1,0,0,0,0,0,0,0,0
2021,8,20,2,5,2,2,0,1,0,1,0,0,1,0,1,0
2021,10,12,6,1,7,0,1,1,0,0,0,0,0,0,1,0
2018,3,18,5,5,3,2,0,1,0,0,0,0,0,0,0,0
2021,6,0,4,5,3,2,0,1,0,0,0,0,0,0,1,0
2019,7,19,2,0,7,0,0,1,0,0,0,0,1,0,0,0
2019,9,14,5,6,4,0,1,0,1,0,0,0,0,0,0,0
2021,12,13,6,5,7,0,0,1,0,1,0,0,0,1,2,0
2018,8,16,3,2,6,0,0,1,0,1,0,0,0,0,0,0
2021,10,11,7,0,1,0,1,0,0,0,0,0,0,0,1,0
2020,2,6,5,5,2,2,1,1,0,0,0,0,1,0,0,0
2020,1,16,2,2,6,1,0,1,0,0,0,0,0,0,0,0
2019,6,16,2,5,7,0,0,0,0,1,0,1,0,0,0,0
2020,12,12,4,0,7,0,0,1,0,0,0,1,0,1,2,1
2019,7,9,3,5,2,0,1,1,0,0,0,0,0,0,0,0
2020,10,17,2,2,6,1,0,1,0,0,0,0,0,1,1,0
2021,6,19,6,0,6,0,1,0,0,0,0,0,0,0,1,0
2019,2,15,5,5,2,0,1,1,0,0,0,0,0,0,0,0
2019,4,17,5,6,4,0,0,1,1,0,0,0,0,0,0,0
2018,1,0,2,6,7,2,0,0,1,0,0,1,1,0,0,1
2018,1,9,3,2,6,0,0,1,0,0,0,1,1,0,0,0
2020,4,12,4,5,2,0,0,1,0,1,0,0,0,1,2,0
2019,7,1,1,9,1,2,0,1,0,0,0,0,1,0,0,0
2021,6,18,1,5,3,0,0,1,0,0,0,0,0,0,1,0
2020,11,16,6,6,4,0,1,0,1,0,0,0,0,1,2,0
2020,3,18,5,2,7,2,1,1,0,0,0,0,0,1,1,0
2019,7,6,6,5,3,0,0,1,0,0,0,0,1,0,0,0
2019,11,22,3,0,3,2,1,1,0,0,0,0,1,0,0,0
2018,3,21,3,3,6,2,1,1,0,0,0,0,1,0,0,0
2019,4,18,2,3,6,1,1,0,0,0,0,0,0,0,0,0
2020,1,6,6,6,2,2,0,1,1,0,0,0,1,0,0,0
2019,9,10,3,5,2,0,1,1,0,0,0,0,0,0,0,0
2018,9,9,4,2,6,0,0,1,0,0,0,0,0,0,0,0
2019,4,13,7,2,6,0,0,1,0,0,0,0,0,0,0,0
2020,11,10,2,2,6,0,0,1,0,0,0,1,0,1,2,0
2018,5,14,5,5,3,0,1,0,0,1,0,0,0,0,0,0
2018,9,15,7,6,7,0,0,1,1,0,0,0,0,0,0,1
2021,6,19,5,5,3,0,1,0,0,0,0,0,0,0,1,0
2020,8,16,4,1,5,0,1,1,0,0,0,0,0,0,1,0
2020,9,14,4,3,6,0,1,0,0,0,0,0,0,0,1,0
2020,3,14,5,2,6,0,0,1,0,0,0,0,0,1,1,0
2018,7,15,2,5,3,0,1,1,0,0,0,0,0,0,0,0
2019,12,12,1,5,2,0,1,1,0,0,0,0,0,0,0,1
2021,6,18,3,0,1,0,1,0,0,0,0,0,0,0,1,0
2021,1,17,2,6,2,2,0,1,1,0,0,0,1,1,2,1
2018,4,16,1,1,5,0,1,0,0,0,0,1,0,0,0,0
2019,11,10,6,8,7,0,0,1,0,0,0,0,1,0,0,0
2018,11,13,7,5,3,0,0,1,0,0,0,0,0,0,0,0
2018,6,16,3,6,4,0,0,1,1,0,0,0,0,0,0,1
2019,7,11,2,6,2,0,0,1,1,0,0,0,0,0,0,0
2018,7,15,3,5,3,0,1,1,0,0,0,0,0,0,0,0
2018,2,12,7,5,2,0,0,1,0,0,0,1,0,0,0,1
2020,3,16,6,6,4,0,0,1,1,0,0,0,1,1,1,1
2020,5,4,6,9,1,2,0,1,0,0,0,0,0,1,1,1
2020,10,8,5,5,2,0,1,1,0,0,0,0,1,1,1,0
2018,12,9,1,5,3,0,1,1,0,0,0,0,0,0,0,0
2020,10,17,6,0,2,1,1,0,0,1,0,0,1,1,1,0
2021,11,10,5,5,2,0,1,1,0,0,0,0,1,0,2,0
2019,4,20,3,0,1,2,1,0,0,0,0,0,0,0,0,0
2019,2,9,3,5,2,0,1,1,0,0,0,0,0,0,0,0
2019,6,12,7,0,7,0,1,0,0,0,0,0,0,0,0,0
2018,11,18,2,0,2,2,0,0,0,0,0,1,0,0,0,0
2019,6,7,6,5,2,0,0,1,0,0,0,0,0,0,0,0
2021,12,10,1,3,2,0,0,1,0,0,1,0,1,1,2,0
2020,6,5,2,0,1,0,0,0,0,1,0,0,0,0,1,1
2021,6,17,2,0,1,0,1,0,0,0,0,0,0,0,1,0
2021,4,10,4,5,7,0,0,1,0,0,0,0,0,1,2,0
2020,6,11,2,3,6,0,0,1,0,0,1,0,0,0,1,1
2019,6,18,6,5,2,0,1,1,0,0,0,0,0,0,0,0
2021,8,12,3,5,2,0,1,1,0,0,0,0,0,0,1,0
2019,10,17,5,5,3,2,1,1,0,0,0,0,0,0,0,0
2020,12,20,4,5,2,2,0,1,0,0,0,0,0,1,2,0
2021,10,18,6,3,2,1,0,0,0,0,0,1,1,0,1,0
2020,7,14,6,6,2,0,0,1,1,0,0,0,1,0,1,1
2021,5,12,3,0,7,0,0,1,0,1,0,0,1,1,2,1
2020,2,11,5,5,3,0,1,1,0,0,0,0,1,0,0,0
2021,6,16,2,5,2,0,1,1,0,0,0,0,0,0,1,0
2020,8,13,4,2,6,0,0,1,0,0,0,0,1,0,1,0
2019,12,17,6,6,4,2,0,1,1,0,0,0,1,0,0,0
2018,7,21,5,5,3,2,1,1,0,0,0,0,0,0,0,1
2019,4,14,1,0,6,0,0,1,0,1,0,0,0,0,0,0
2020,8,14,5,5,3,0,1,1,0,0,0,0,0,0,1,0
2020,10,10,1,3,6,0,1,1,0,0,0,0,0,1,1,0
2018,4,7,4,0,6,0,1,0,0,0,0,0,1,0,0,0
2020,11,16,4,0,1,1,1,0,0,0,0,0,0,1,2,0
2019,5,12,2,5,2,0,1,1,0,0,0,0,0,0,0,0
2019,5,9,5,5,3,0,1,1,0,0,0,0,0,0,0,1
2018,4,12,7,2,6,0,0,1,0,0,0,0,0,0,0,0
2021,3,19,3,2,7,2,1,1,0,0,0,0,0,0,2,0
2020,6,12,3,5,7,0,0,1,0,0,1,0,0,0,1,1
2020,10,18,3,5,3,2,0,1,0,1,0,0,0,1,1,0
2018,11,17,3,5,3,2,1,1,0,0,0,0,0,0,0,0
2018,4,10,6,5,7,0,0,1,0,1,0,0,0,0,0,0
2020,8,7,4,5,3,0,1,1,0,0,0,0,0,0,1,0
2018,6,22,7,5,2,2,0,1,0,0,0,0,0,0,0,0
2018,1,18,6,6,4,2,0,1,1,0,0,0,1,0,0,0
2020,11,15,1,9,1,0,0,1,0,0,0,0,0,1,2,1
2018,2,8,2,2,6,0,0,1,0,0,0,0,0,0,0,0
2019,4,17,5,6,4,0,0,1,1,0,0,0,0,0,0,0
2021,6,12,2,6,2,0,0,1,1,0,0,0,0,0,1,0
2019,7,19,3,5,3,0,0,0,0,1,0,1,0,0,0,0
2021,2,10,3,6,4,0,0,1,1,0,0,0,0,1,2,1
2020,11,16,3,0,5,1,0,1,0,1,0,0,0,1,2,0
2018,12,19,7,2,6,2,0,1,0,0,0,1,1,0,0,0
2019,7,22,1,0,4,2,0,0,1,1,0,0,0,0,0,0
2019,2,17,4,2,6,2,1,1,0,0,0,0,0,0,0,0
2018,9,13,5,3,6,0,1,1,0,0,0,0,0,0,0,0
2019,9,13,7,0,7,0,1,0,0,0,0,0,0,0,0,0
2019,8,19,2,1,5,0,1,1,0,0,0,0,0,0,0,0
2021,10,15,6,6,7,0,0,0,1,0,1,0,0,0,1,0
2018,3,17,3,6,4,0,0,1,1,0,0,0,1,0,0,0
2019,1,21,6,0,7,2,0,1,0,0,0,1,0,0,0,1
2018,10,4,2,5,3,2,0,1,0,0,0,0,0,0,0,0
2020,4,14,5,2,7,0,0,1,0,0,0,0,0,1,2,1
2020,6,18,2,0,7,0,1,1,0,0,0,0,0,0,1,0
2019,7,7,5,2,6,0,0,0,0,1,1,0,0,0,0,0
2018,4,23,2,8,1,2,0,1,0,0,0,0,0,0,0,0
2019,4,13,7,2,6,0,0,1,0,0,0,0,0,0,0,0
2018,11,17,3,2,6,2,0,1,0,0,0,1,0,0,0,0
2021,3,8,5,0,2,0,1,1,0,0,0,0,1,0,2,0
2020,12,15,3,6,7,1,0,1,1,0,0,0,0,1,2,1
2021,6,12,6,5,3,0,0,1,0,1,0,0,0,0,1,0
2021,5,8,3,3,6,0,0,1,0,0,1,0,0,1,2,1
2020,6,13,1,3,5,0,0,1,0,1,0,0,1,0,1,0
2019,11,8,3,5,3,0,0,1,0,0,0,0,1,0,0,0
2020,5,17,4,5,3,0,1,1,0,0,0,0,0,1,1,0
2018,1,18,3,2,2,2,1,1,0,0,0,0,0,0,0,0
2019,8,11,7,5,3,0,1,1,0,0,0,0,0,0,0,0
2018,11,6,4,2,2,0,0,1,0,0,0,0,0,0,0,0
2020,11,7,6,5,7,1,1,1,0,0,0,0,0,1,2,0
2018,6,15,5,5,5,0,0,1,0,1,0,0,0,0,0,0
2019,7,17,3,2,6,0,0,1,0,0,0,0,0,0,0,0
2019,5,7,3,4,6,0,1,0,0,0,0,0,0,0,0,0
2019,7,15,3,3,6,0,1,0,0,0,0,1,0,0,0,0
2019,4,12,7,5,2,0,1,1,0,0,0,0,0,0,0,0
2020,11,8,2,6,7,0,1,0,1,0,0,0,1,1,2,0
2018,1,7,6,6,2,1,0,1,1,0,0,0,1,0,0,0
2020,2,7,6,6,4,0,0,0,1,0,0,1,0,0,0,0
2019,9,17,5,5,7,0,0,1,0,0,0,0,0,0,0,0
2020,1,6,4,5,2,2,0,1,0,0,0,1,1,0,0,0
2019,2,14,3,6,7,0,0,1,1,0,0,0,0,0,0,0
2019,5,15,5,3,6,0,1,1,0,0,0,0,0,0,0,0
2018,3,8,6,2,6,0,0,1,0,0,0,0,1,0,0,0
2020,10,14,3,2,6,0,0,1,0,1,0,0,0,1,1,0
2020,9,14,7,5,3,0,1,1,0,0,0,0,0,0,1,1
2020,7,10,2,0,4,0,0,0,1,0,0,1,0,0,1,0
2021,4,14,5,5,3,0,0,1,0,0,0,0,0,1,2,0
2021,10,18,2,5,2,2,0,0,0,1,0,0,0,0,1,0
2019,5,17,6,6,4,0,0,1,1,0,0,0,0,0,0,1
2018,10,12,5,2,6,0,0,1,0,1,0,0,0,0,0,0
2020,2,8,5,5,2,0,1,1,0,0,0,0,0,0,0,0
2020,3,12,4,5,2,0,0,0,0,0,0,1,0,1,1,0
2020,7,20,6,5,2,0,1,1,0,0,0,0,0,0,1,0
2019,8,23,7,5,2,2,0,1,0,1,0,0,0,0,0,0
2018,7,13,2,6,4,0,0,1,1,0,0,0,0,0,0,1
2019,9,17,1,0,4,0,0,0,1,1,0,0,1,0,0,0
2021,8,8,6,0,6,0,0,1,0,0,0,1,0,0,1,0
2020,10,17,2,5,2,1,1,1,0,0,0,0,1,1,1,0
2021,9,21,4,0,7,2,0,0,0,1,0,0,0,0,1,0
2021,2,15,4,1,5,0,0,1,0,0,0,0,1,1,2,0
2018,9,18,3,5,3,0,1,0,0,0,0,1,0,0,0,0
2021,7,17,5,2,1,0,0,1,0,0,0,1,0,0,1,0
2020,2,16,3,5,2,0,0,1,0,0,0,0,1,0,0,0
2018,8,13,6,5,3,0,0,1,0,0,0,0,0,0,0,0
2020,1,12,4,2,6,0,0,1,0,0,0,0,1,0,0,0
2019,3,20,1,5,7,2,0,1,0,0,0,0,1,0,0,1
2020,6,9,4,5,2,0,0,1,0,1,0,0,0,0,1,0
2020,6,20,5,3,6,0,1,0,0,0,0,0,0,0,1,1
2020,5,11,7,5,3,0,0,1,0,1,0,0,0,1,1,0
2018,6,7,3,6,4,0,0,1,1,0,0,0,0,0,0,1
2018,12,9,6,3,6,0,1,0,0,0,0,0,0,0,0,0
2020,9,15,2,5,3,0,0,1,0,1,0,0,0,0,1,0
2021,9,21,6,4,6,2,1,0,0,0,0,1,0,0,1,1
2018,1,7,2,0,3,0,1,0,0,0,0,0,0,0,0,1
2018,2,21,4,0,1,2,0,1,0,0,0,0,0,0,0,0
2018,2,6,3,5,2,0,0,1,0,0,0,0,1,0,0,0
2020,2,12,1,6,4,0,0,1,1,0,0,0,1,0,0,0
2019,12,14,7,2,2,0,0,1,0,0,0,0,1,0,0,0
2021,3,8,5,3,2,0,0,1,0,0,1,0,0,0,2,0
2019,6,19,1,5,7,0,1,1,0,0,0,0,0,0,0,0
2018,9,17,4,2,6,0,0,1,0,0,0,0,0,0,0,0
2020,9,0,2,1,5,2,1,1,0,0,0,0,0,0,1,1
2021,8,18,4,0,7,0,0,0,0,0,0,1,0,0,1,1
2019,11,16,6,0,1,0,1,0,0,0,0,0,1,0,0,0
2020,4,17,5,5,2,0,1,1,0,0,0,0,0,1,2,0
2018,6,16,4,2,6,0,0,1,0,0,1,0,0,0,0,0
2021,10,14,7,6,7,0,0,0,1,0,0,1,0,0,1,1
2020,9,14,3,6,2,0,0,1,1,0,0,0,0,0,1,0
2018,3,13,3,5,3,0,1,1,0,0,0,0,0,0,0,0
2019,10,6,2,3,6,2,0,1,0,0,1,0,0,0,0,0
2021,8,8,6,5,2,0,1,1,0,0,0,0,1,0,1,0
2020,7,8,5,5,3,0,1,1,0,0,0,0,0,0,1,0
2019,5,9,3,5,2,0,1,1,0,0,0,0,0,0,0,0
2020,8,8,5,0,1,0,1,0,0,0,0,0,0,0,1,0
2020,1,21,5,5,7,2,0,1,0,0,0,0,0,0,0,0
2019,10,10,4,5,3,0,1,0,0,0,0,0,0,0,0,0
2021,5,18,4,2,6,0,0,1,0,0,0,0,0,1,2,0
2018,9,13,3,0,1,0,0,0,0,1,0,0,0,0,0,0
2020,1,11,6,5,7,0,0,1,0,0,0,0,0,0,0,0
2019,5,8,5,6,2,0,0,1,1,0,0,0,0,0,0,0
2019,6,7,5,0,6,0,1,0,0,0,1,0,0,0,0,0
2021,8,8,3,1,5,0,0,1,0,0,0,0,0,0,1,0
2020,8,8,2,5,3,0,0,1,0,0,0,0,1,0,1,0
2021,7,9,3,5,2,0,0,1,0,0,0,1,0,0,1,0
2018,2,16,4,2,6,0,0,0,0,0,0,1,0,0,0,0
2020,2,3,7,9,1,2,0,1,0,0,0,0,0,0,0,0
2021,5,7,6,0,1,0,0,0,0,1,0,0,1,1,2,0
2019,4,15,3,5,7,0,1,1,0,0,0,0,0,0,0,1
2020,4,18,5,2,7,0,0,1,0,1,0,0,0,1,2,0
2019,9,17,6,6,7,0,0,0,1,0,0,1,0,0,0,1
2018,9,15,3,5,2,0,1,1,0,0,0,0,0,0,0,0
2018,4,19,3,2,3,0,1,1,0,0,0,0,0,0,0,0
2020,4,19,7,5,2,0,0,1,0,0,0,0,0,1,2,0
2020,1,5,6,6,2,2,0,1,1,0,0,0,1,0,0,0
2019,10,13,7,2,6,0,0,1,0,0,0,0,0,0,0,0
2019,3,20,2,5,7,2,0,1,0,0,0,0,1,0,0,0
2020,5,8,2,0,4,0,0,1,1,0,0,0,0,1,1,0
2018,9,8,2,2,2,0,1,1,0,0,0,0,0,0,0,0
2021,12,12,2,0,1,0,0,1,0,1,0,0,1,1,2,0
2018,12,16,1,2,6,1,0,1,0,0,0,0,0,0,0,0
2018,12,17,6,5,3,2,0,1,0,0,0,0,1,0,0,0
2021,8,13,7,2,2,0,1,1,0,0,0,0,0,0,1,0
2018,10,15,3,3,5,0,1,1,0,0,0,0,0,0,0,0
2018,3,10,1,5,2,0,0,1,0,0,0,0,0,0,0,0
2021,9,14,7,5,3,0,1,0,0,0,0,0,0,0,1,0
2020,9,21,7,9,1,2,0,1,0,0,0,0,1,0,1,0
2018,4,14,4,2,6,0,0,1,0,1,0,0,0,0,0,0
2019,4,18,3,2,6,0,0,1,0,0,0,0,0,0,0,0
2020,10,7,4,0,2,1,0,0,0,0,1,1,1,1,1,0
2018,2,17,6,6,7,1,0,1,1,0,0,0,0,0,0,1
2020,8,17,5,5,3,0,1,1,0,0,0,0,0,0,1,0
2018,12,9,3,6,4,0,0,1,1,0,0,0,1,0,0,0
2020,7,12,2,2,2,0,0,1,0,0,0,1,0,0,1,1
2019,1,4,3,5,2,2,0,1,0,0,0,0,1,0,0,0
2018,1,7,3,8,1,1,0,1,0,0,0,0,0,0,0,0
2018,10,21,2,6,4,2,0,1,1,0,0,0,0,0,0,0
2021,6,16,4,5,2,0,0,1,0,1,0,0,0,0,1,0
2018,11,10,4,2,2,0,1,1,0,0,0,0,0,0,0,1
2018,8,13,7,0,2,0,1,1,0,0,0,0,0,0,0,0
2021,12,17,2,6,2,2,1,0,1,0,0,0,0,1,2,0
2021,9,10,7,5,2,0,1,1,0,0,0,0,1,0,1,0
2020,4,13,4,5,2,0,1,0,0,0,0,1,0,1,2,0
2018,12,0,3,2,6,2,0,1,0,0,0,0,0,0,0,0
2020,5,16,7,2,6,0,0,1,0,0,0,0,0,1,1,0
2018,8,10,5,3,6,0,0,0,0,1,1,0,0,0,0,0
2019,7,8,3,1,5,0,1,1,0,0,0,0,0,0,0,0
2021,5,14,5,5,2,0,1,1,0,0,0,0,1,1,2,0
2021,5,15,3,1,5,0,1,1,0,0,0,0,1,1,2,0
2019,8,13,5,5,2,0,0,1,0,1,0,0,0,0,0,0
2019,12,7,5,2,6,1,0,1,0,0,0,0,1,0,0,0
2018,2,7,3,5,3,0,0,1,0,0,0,0,1,0,0,0
2019,7,20,4,0,3,0,1,0,0,0,0,1,0,0,0,0
2018,11,11,5,6,2,0,0,1,1,0,0,0,0,0,0,0
2020,11,9,2,6,4,0,1,1,1,0,0,0,0,1,2,0
2018,5,0,2,5,3,2,1,1,0,0,0,0,0,0,0,1
2019,8,12,3,2,6,0,0,1,0,0,0,0,0,0,0,0
2018,1,12,5,4,6,0,0,0,0,0,0,1,1,0,0,0
2019,1,15,4,5,2,0,1,1,0,0,0,0,0,0,0,0
2021,9,2,7,5,3,2,1,1,0,0,0,0,0,0,1,1
2018,5,19,4,2,6,0,0,1,0,0,0,0,0,0,0,0
2018,5,15,3,5,3,0,0,1,0,0,0,0,0,0,0,0
2021,10,17,7,6,4,1,0,1,1,0,0,0,0,0,1,1
2021,9,18,5,5,2,0,1,1,0,0,0,0,0,0,1,0
2018,6,14,5,3,6,0,1,1,0,0,0,0,0,0,0,0
2018,10,15,5,5,2,0,1,0,0,1,0,0,0,0,0,0
2020,8,19,4,6,4,0,1,0,1,0,0,0,0,0,1,0
2021,10,7,3,5,3,1,1,1,0,0,0,0,1,0,1,1
2021,3,12,4,5,3,0,1,1,1,0,0,0,0,0,2,0
2019,10,18,3,0,1,1,0,0,0,1,0,0,0,0,0,0