UJAHR,UMONAT,USTUNDE,UWOCHENTAG,UART,UTYP1,ULICHTVERH,IstRad,IstPKW,IstFuss,IstKrad,IstGkfz,IstSonstige,USTRZUSTAND,LOCKDOWN,COVID,UKATEGORIE
2019,1,15,3,5,7,0,0,1,0,0,0,0,1,0,0,0
2020,12,15,5,6,4,0,0,1,1,0,0,0,0,1,2,0
2021,7,15,2,5,2,0,1,1,0,0,0,0,0,0,1,0
2018,4,9,4,6,4,0,0,1,1,0,0,0,0,0,0,1
2020,10,20,5,3,6,2,1,1,0,0,0,0,0,1,1,0
2019,5,8,6,1,5,0,1,1,0,0,0,0,0,0,0,0
2018,4,11,4,2,6,0,0,1,0,0,0,0,0,0,0,0
2021,8,17,3,0,3,0,0,1,0,1,0,0,0,0,1,0
2020,4,19,4,5,7,0,0,1,0,1,0,0,0,1,2,0
2020,8,0,7,5,2,2,0,1,0,1,0,0,0,0,1,1
2018,12,8,6,6,2,0,0,1,1,0,0,0,1,0,0,0
2019,4,15,5,5,2,0,1,1,0,0,0,0,0,0,0,0
2020,8,15,6,6,7,0,1,0,1,0,0,0,0,0,1,1
2020,1,5,3,5,2,2,0,1,0,0,0,0,1,0,0,0
2018,4,14,5,6,4,0,0,1,1,0,0,0,0,0,0,0
2018,12,16,3,5,2,2,1,1,0,0,0,0,1,0,0,0
2019,12,17,1,6,7,2,1,0,1,0,0,0,1,0,0,0
2019,4,16,4,0,5,0,1,1,0,0,0,0,0,0,0,0
2019,1,18,3,2,6,2,0,1,0,0,0,0,1,0,0,0
2018,6,12,7,5,7,0,1,1,0,0,0,0,0,0,0,0
2021,3,18,4,0,2,2,0,1,0,1,0,0,0,0,2,0
2019,11,16,7,6,4,0,0,1,1,0,0,0,0,0,0,0
2021,4,16,2,1,3,0,0,1,0,0,0,0,0,1,2,0
2020,5,14,3,5,2,0,1,0,0,0,0,1,0,1,1,0
2019,7,11,4,2,6,0,0,1,0,0,0,0,0,0,0,0
2019,4,11,3,6,2,0,0,1,1,0,0,0,0,0,0,0
2021,6,7,2,5,2,0,0,0,0,0,0,1,0,0,1,0
2018,4,11,7,3,6,0,0,1,0,0,0,0,0,0,0,0
2018,7,17,3,5,2,0,1,1,0,0,0,0,0,0,0,0
2018,12,16,3,5,7,2,0,1,0,0,0,1,1,0,0,0
2018,5,14,3,2,3,0,1,0,0,0,0,0,0,0,0,0
2018,8,11,5,0,7,0,0,0,0,1,0,0,0,0,0,0
2019,2,18,7,5,3,2,0,1,0,0,0,0,1,0,0,1
2021,9,12,3,5,7,0,0,1,0,1,0,0,0,0,1,0
2020,8,11,2,2,2,0,0,1,0,0,0,0,0,0,1,0
2018,3,12,5,1,7,0,0,1,1,0,0,0,0,0,0,0
2019,6,15,5,1,5,0,0,1,0,0,0,0,1,0,0,0
2018,8,10,6,1,5,0,1,1,0,0,0,0,0,0,0,0
2021,9,8,4,7,7,0,1,0,0,0,0,0,0,0,1,0
2020,4,7,4,5,2,0,0,1,0,1,0,0,0,1,2,0
2018,7,18,2,6,4,0,1,0,1,0,0,0,0,0,0,0
2018,5,14,7,1,5,0,0,1,0,0,0,1,0,0,0,0
2018,6,8,6,6,2,0,0,1,1,0,0,0,0,0,0,0
2020,10,13,6,2,6,0,0,1,0,0,0,0,0,1,1,0
2018,2,15,5,3,2,0,0,1,0,0,0,0,0,0,0,0
2021,8,11,7,5,3,0,1,1,0,0,0,0,0,0,1,0
2021,5,9,2,2,6,0,0,1,0,0,0,1,0,1,2,0
2020,8,17,1,5,2,0,1,1,0,0,0,0,0,0,1,0
2019,2,17,4,5,7,2,1,0,0,0,0,1,0,0,0,0
2019,9,17,6,5,3,0,1,1,0,0,0,0,0,0,0,0
2018,2,9,3,5,3,0,1,1,0,0,0,0,0,0,0,0
2020,12,10,5,5,3,0,1,0,0,0,0,1,0,1,2,0
2019,1,9,7,6,2,0,0,1,1,0,0,0,0,0,0,0
2020,8,6,7,5,4,0,0,0,1,0,0,1,0,0,1,1
2020,8,13,3,5,2,0,1,1,0,0,0,0,1,0,1,0
2019,5,8,6,2,6,0,0,1,0,0,0,0,0,0,0,1
2020,6,9,5,6,4,0,0,1,1,0,0,0,1,0,1,0
2019,10,12,3,5,2,0,0,0,0,1,0,1,0,0,0,0
2019,11,19,4,6,4,2,0,1,1,0,0,0,1,0,0,0
2018,4,16,6,6,4,0,0,1,1,0,0,0,1,0,0,0
2018,5,7,3,6,4,0,0,1,1,0,0,0,0,0,0,1
2021,4,18,4,1,5,0,0,1,0,0,0,1,1,1,2,1
2021,9,12,7,2,6,0,0,1,0,0,0,0,0,0,1,0
2018,10,15,3,5,2,0,1,1,0,0,0,0,0,0,0,0
2020,8,8,4,5,2,0,0,1,0,0,0,0,0,0,1,0
2018,6,11,1,5,3,0,0,1,0,0,0,0,1,0,0,0
2020,8,17,5,5,3,0,0,1,0,0,1,0,0,0,1,0
2021,11,16,7,0,1,2,0,0,0,1,0,0,1,0,2,1
2019,3,17,7,5,3,2,0,1,0,1,0,0,1,0,0,0
2018,12,17,6,2,6,2,1,1,0,0,0,0,1,0,0,0
2019,4,16,6,2,6,0,0,1,0,0,0,1,0,0,0,0
2021,8,16,7,2,6,0,0,1,0,1,0,0,0,0,1,0
2020,8,15,7,1,5,0,1,0,0,0,0,1,0,0,1,0
2020,8,11,2,5,3,0,0,1,0,1,0,0,0,0,1,0
2019,4,13,1,6,4,0,0,1,1,0,0,0,0,0,0,0
2021,8,10,3,5,2,0,1,1,0,0,0,0,0,0,1,0
2021,8,16,7,5,2,0,1,1,0,0,0,0,0,0,1,0
2018,3,18,6,0,1,1,1,0,0,0,0,0,0,0,0,1
2019,2,15,1,2,6,0,1,1,0,0,0,0,0,0,0,0
2018,11,20,7,5,3,2,0,1,0,1,0,0,0,0,0,1
2019,3,14,7,3,6,0,0,1,0,0,0,0,1,0,0,0
2020,10,19,6,0,2,1,0,1,0,0,0,1,0,1,1,0
2019,7,14,5,5,3,0,0,1,0,1,0,0,0,0,0,1
2018,4,19,5,5,7,0,0,1,0,1,0,0,0,0,0,0
2020,3,15,7,0,1,0,1,0,0,0,0,0,0,1,1,1
2019,8,14,6,0,6,0,1,0,0,0,0,0,0,0,0,0
2020,1,15,2,2,6,1,0,1,0,0,0,0,1,0,0,0
2019,8,17,6,6,4,0,0,1,1,0,0,0,1,0,0,0
2021,6,17,4,6,4,0,0,1,1,0,0,0,0,0,1,0
2021,7,19,6,2,6,0,0,1,0,0,0,0,0,0,1,0
2018,4,21,3,5,2,2,1,1,0,0,0,0,0,0,0,0
2020,7,6,2,8,1,0,0,0,0,0,1,0,0,0,1,0
2019,10,16,4,1,5,0,1,1,0,0,0,0,1,0,0,0
2019,11,18,4,5,2,2,1,1,0,0,0,0,0,0,0,0
2019,3,9,4,2,2,0,0,1,0,0,0,0,0,0,0,0
2018,6,6,6,1,5,0,1,1,0,0,0,0,0,0,0,0
2020,9,9,6,5,2,0,1,0,0,0,1,0,1,0,1,0
2020,6,17,2,5,3,0,1,1,0,0,0,0,0,0,1,1
2018,2,11,5,6,4,0,0,1,1,0,0,0,0,0,0,0
2020,12,0,5,1,5,2,0,1,0,0,0,1,1,1,2,1
2020,11,23,3,1,1,2,0,1,0,0,0,0,1,1,2,0
2018,7,14,3,1,5,0,0,1,0,0,0,1,0,0,0,0
2018,4,12,5,5,2,0,1,1,0,0,0,0,0,0,0,0
2020,12,16,7,2,6,0,0,1,0,0,0,0,0,1,2,0
2019,6,9,4,3,6,0,1,0,0,0,0,0,0,0,0,0
2019,4,10,4,5,2,0,1,1,0,0,0,0,0,0,0,1
2018,11,12,6,3,6,0,0,1,0,0,1,0,1,0,0,1
2020,10,10,5,2,2,0,0,1,0,1,0,0,0,1,1,1
2021,5,6,2,5,3,0,0,1,0,0,0,0,0,1,2,0
2018,8,13,3,0,6,0,0,1,0,0,0,1,0,0,0,0
2019,5,7,2,2,7,0,0,1,0,0,0,1,0,0,0,0
2018,9,11,2,5,2,0,1,0,0,0,1,0,0,0,0,1
2021,11,17,5,5,3,1,0,1,0,0,0,0,1,0,2,0
2020,6,15,5,0,7,0,1,0,0,0,0,0,0,0,1,0
2021,12,14,3,5,2,0,0,1,0,0,0,0,1,1,2,0
2018,8,9,2,2,6,0,0,1,0,1,0,0,0,0,0,0
2021,6,10,5,5,2,0,1,1,0,0,0,0,0,0,1,0
2020,10,16,6,5,3,0,0,1,0,0,0,0,1,1,1,0
2021,9,0,2,6,6,2,0,1,1,0,0,0,0,0,1,0
2018,10,14,3,1,3,0,0,1,0,0,0,0,1,0,0,0
2021,7,13,6,5,2,0,0,0,0,0,0,1,0,0,1,0
2021,3,9,4,0,1,0,0,0,0,1,0,0,0,0,2,1
2021,9,19,5,5,2,2,0,1,0,1,0,0,0,0,1,1
2019,10,22,2,5,2,2,0,1,0,0,0,1,0,0,0,0
2020,10,9,2,0,7,0,0,1,0,0,1,0,1,1,1,0
2018,4,19,7,5,3,1,0,1,0,0,0,1,0,0,0,0
2021,5,6,4,0,3,0,1,1,0,0,0,0,0,1,2,0
2020,1,11,6,6,4,0,0,1,1,0,0,0,0,0,0,0
2021,6,0,4,6,4,2,0,0,1,1,0,0,0,0,1,0
2018,3,14,2,2,6,0,0,1,0,0,0,1,0,0,0,0
2018,9,7,6,5,7,0,1,1,0,0,0,0,0,0,0,0
2020,1,7,5,5,2,0,0,1,0,0,0,0,1,0,0,0
2021,10,9,3,6,7,0,1,0,1,0,0,0,1,0,1,0
2021,4,9,2,3,6,0,1,0,0,0,0,1,1,1,2,0
2021,3,8,4,2,6,0,0,1,0,0,1,0,0,0,2,0
2019,2,12,6,5,2,0,1,1,0,0,0,0,0,0,0,0
2021,8,17,6,6,7,0,0,0,1,0,0,1,0,0,1,0
2019,4,17,6,3,2,0,1,0,0,0,0,1,0,0,0,0
2021,8,14,3,3,6,0,0,1,0,0,1,0,0,0,1,0
2021,8,20,5,6,4,2,0,1,1,0,0,0,1,0,1,1
2021,1,7,4,2,2,2,0,1,0,0,0,0,1,1,2,0
2021,9,17,4,0,6,0,1,0,0,0,0,1,0,0,1,0
2019,2,8,3,5,3,0,1,1,0,0,0,0,1,0,0,0
2018,9,6,3,2,6,2,0,1,0,1,0,0,0,0,0,1
2019,4,17,4,5,3,0,1,1,0,0,0,0,0,0,0,0
2020,11,10,3,2,2,0,0,1,0,0,0,0,0,1,2,0
2020,5,14,3,6,7,0,0,0,1,0,0,1,0,1,1,0
2019,7,21,3,3,6,0,1,1,0,0,0,0,0,0,0,0
2018,9,14,4,6,4,0,0,1,1,0,0,0,0,0,0,0
2018,6,9,4,0,6,0,1,0,0,0,1,0,0,0,0,0
2019,10,1,5,2,3,2,0,1,0,0,0,0,0,0,0,1
2018,7,19,2,5,3,0,1,1,0,0,0,0,0,0,0,0
2019,9,6,1,2,6,1,0,1,0,1,0,0,0,0,0,0
2018,12,15,4,5,3,0,0,1,0,0,0,0,1,0,0,0
2021,9,16,7,2,6,0,0,1,0,0,0,0,1,0,1,0
2020,11,12,7,5,2,0,0,1,0,0,0,0,0,1,2,1
2018,5,11,4,6,7,0,0,1,1,0,0,0,0,0,0,0
2021,2,2,7,9,1,2,0,1,0,0,0,0,0,1,2,1
2019,8,12,2,5,3,0,0,1,0,1,0,0,0,0,0,0
2020,10,3,6,8,1,2,0,1,0,1,0,0,1,1,1,1
2019,6,23,5,5,3,2,0,1,0,0,0,0,1,0,0,0
2018,8,17,1,5,2,0,0,1,0,0,0,1,0,0,0,0
2021,6,17,6,2,6,0,0,1,0,0,0,0,0,0,1,0
2019,4,17,3,0,7,0,0,0,0,1,0,0,0,0,0,0
2020,5,18,5,5,3,0,1,1,0,0,0,0,0,1,1,0
2018,5,8,6,2,1,0,1,1,0,0,0,0,0,0,0,1
2019,10,0,6,5,3,2,0,1,0,0,0,0,0,0,0,0
2020,8,20,6,5,2,1,0,1,0,0,0,0,0,0,1,0
2018,10,15,3,5,2,0,1,0,0,0,0,1,0,0,0,0
2018,4,13,4,5,3,0,0,1,0,0,0,0,0,0,0,0
2018,4,5,5,5,3,0,0,1,0,0,0,0,0,0,0,0
2019,3,17,3,2,6,1,0,1,0,0,0,0,0,0,0,0
2019,8,18,2,5,2,0,1,1,0,0,0,0,0,0,0,0
2020,6,12,4,1,5,0,0,1,0,1,0,0,0,0,1,0
2019,9,8,2,5,2,0,1,1,0,0,0,0,0,0,0,0
2021,6,8,6,5,2,0,1,1,0,0,0,0,0,0,1,0
2018,4,11,6,5,3,0,0,1,0,0,1,0,1,0,0,1
2018,11,17,1,3,6,1,0,1,0,0,1,0,1,0,0,1
2018,12,13,4,2,6,0,0,1,0,0,0,0,0,0,0,0
2019,6,13,4,5,3,0,1,1,0,0,0,0,0,0,0,0
2020,10,18,5,5,3,1,1,1,0,0,0,0,0,1,1,1
2019,6,9,3,3,6,0,1,0,0,0,0,1,0,0,0,0
2019,5,7,2,5,2,0,1,1,0,0,0,0,0,0,0,0
2019,8,18,5,1,5,0,1,1,0,0,0,0,0,0,0,0
2020,9,18,5,5,2,0,1,1,0,0,0,0,0,0,1,0
2018,9,12,4,5,7,0,0,1,0,0,0,0,0,0,0,0
2019,5,12,4,5,3,0,1,1,0,0,0,0,1,0,0,0
2018,7,9,3,0,1,0,1,0,0,0,0,0,0,0,0,0
2018,11,19,3,0,2,2,1,1,0,0,0,0,1,0,0,0
2021,9,17,7,6,4,0,0,1,1,0,0,0,0,0,1,0
2020,11,6,2,2,2,2,0,0,0,1,1,0,0,1,2,0
2019,6,9,4,5,2,0,1,1,0,0,0,0,0,0,0,0
2018,4,21,6,0,2,2,1,1,0,0,0,0,0,0,0,0
2018,4,17,7,2,7,0,0,1,0,1,0,0,0,0,0,0
2018,6,22,4,0,5,2,1,1,0,0,0,0,0,0,0,0
2019,9,15,7,2,6,0,0,1,0,0,0,0,1,0,0,0
2020,8,18,6,5,3,0,1,1,0,0,0,0,0,0,1,0
2018,2,21,4,5,7,2,0,0,0,1,0,1,0,0,0,1
2019,9,17,5,0,5,0,0,1,0,1,0,0,0,0,0,0
2020,3,8,2,2,6,0,0,1,0,0,0,0,1,1,1,0
2018,3,9,1,2,6,0,0,1,0,0,0,1,0,0,0,0
2018,6,18,7,5,2,0,0,1,0,0,0,0,0,0,0,0
2018,5,18,3,3,6,0,1,1,0,0,0,0,0,0,0,0
2018,2,9,3,2,6,0,0,1,0,0,1,0,0,0,0,0
2021,11,16,7,5,3,2,1,1,0,0,0,0,1,0,2,0
2020,10,19,7,5,3,2,0,1,0,0,0,0,0,1,1,0
2021,9,11,1,5,2,0,1,1,0,0,0,0,0,0,1,0
2019,4,14,2,2,6,0,0,1,0,0,0,0,0,0,0,0
2018,9,17,2,0,2,0,1,1,0,0,0,0,0,0,0,0
2019,6,13,3,5,2,0,1,1,0,0,0,0,0,0,0,0
2018,1,20,5,6,2,2,0,1,1,0,0,0,1,0,0,0
2020,9,7,3,5,2,0,1,1,0,0,0,0,0,0,1,0
2020,6,10,3,1,5,0,1,0,0,0,0,1,0,0,1,0
2020,10,14,2,6,7,0,0,0,1,0,0,1,0,1,1,0
2021,3,19,3,2,6,0,0,1,0,0,0,1,0,0,2,0
2020,4,15,5,5,2,0,0,1,0,0,0,0,0,1,2,0
2018,1,20,4,6,4,2,0,1,1,0,0,0,1,0,0,0
2018,12,18,2,3,6,2,0,1,0,0,0,0,1,0,0,0
2018,12,23,2,5,3,2,0,1,0,0,0,0,1,0,0,0
2020,7,16,4,0,1,0,1,0,0,0,0,0,0,0,1,0
2018,4,10,2,5,2,0,0,1,0,1,0,0,0,0,0,0
2018,4,19,6,0,5,0,0,1,0,1,0,0,0,0,0,0
2018,5,18,6,1,5,0,1,1,0,0,0,0,0,0,0,1
2020,5,22,2,5,2,2,0,1,0,1,0,0,0,1,1,0
2018,1,18,5,6,2,2,0,1,1,0,0,0,1,0,0,0
2020,8,15,6,4,5,0,0,1,0,1,0,0,0,0,1,0
2020,6,18,5,1,1,0,0,1,0,0,0,0,1,0,1,0
2019,6,18,2,2,6,0,0,1,0,0,0,1,0,0,0,0
2021,3,17,6,5,2,0,0,1,0,1,0,0,0,0,2,0
2021,10,11,5,5,2,0,0,1,0,0,0,1,1,0,1,0
2020,11,12,1,0,1,0,0,0,0,1,0,0,1,1,2,0
2018,8,19,6,0,1,0,0,1,0,1,0,0,0,0,0,0
2019,8,19,2,6,4,0,1,0,1,0,0,0,0,0,0,0
2019,5,14,1,6,4,0,1,0,1,0,0,0,0,0,0,0
2021,6,19,6,3,6,0,1,1,0,0,0,0,0,0,1,1
2019,7,6,6,5,2,0,0,1,0,1,0,0,1,0,0,1
2020,1,14,5,3,7,0,0,1,0,0,1,0,1,0,0,1
2019,4,16,5,6,6,0,0,1,1,0,0,0,0,0,0,0
2021,2,17,7,6,6,2,0,1,1,0,0,0,2,1,2,0
2021,1,14,4,2,6,0,0,1,0,0,0,0,1,1,2,0
2020,8,22,3,0,1,2,1,0,0,0,0,0,0,0,1,1
2020,9,11,2,5,3,0,0,1,0,0,0,1,0,0,1,0
2021,2,18,6,6,2,2,0,1,1,0,0,0,2,1,2,0
2019,5,2,6,9,1,2,0,1,0,0,0,0,0,0,0,1
2018,9,18,6,6,4,1,1,0,1,0,0,0,0,0,0,1
2018,12,16,4,6,4,2,0,1,1,0,0,0,1,0,0,0
2018,5,17,5,0,3,0,1,0,0,0,0,1,0,0,0,0
2020,12,17,2,2,7,2,1,1,0,0,0,0,1,1,2,0
2019,6,18,5,2,6,0,0,1,0,0,0,0,0,0,0,0
2021,8,18,1,6,7,0,0,1,1,0,0,0,0,0,1,0
2021,1,16,2,3,6,1,0,1,0,0,0,0,0,1,2,0
2019,6,13,4,6,4,0,0,1,1,0,0,0,0,0,0,1
2021,10,5,5,5,2,2,0,0,0,1,0,1,0,0,1,0
2021,12,8,2,0,1,0,0,0,0,0,0,1,1,1,2,1
2021,6,17,3,5,3,0,1,0,0,0,0,0,0,0,1,0
2021,11,19,6,5,2,2,1,1,0,0,0,0,1,0,2,0
2020,5,18,4,5,2,0,1,0,0,0,0,0,0,1,1,0
2021,9,18,5,6,4,0,0,1,1,0,0,0,0,0,1,0
2019,6,15,2,5,3,0,0,1,0,0,0,0,0,0,0,0
2018,3,8,2,3,6,0,0,1,0,0,1,0,2,0,0,0
2018,2,15,2,2,6,0,0,1,0,0,0,1,0,0,0,0
2018,8,14,7,0,6,0,0,1,0,0,0,1,0,0,0,0
2021,8,8,5,5,3,0,1,0,0,0,0,0,0,0,1,0
2018,7,16,2,5,2,0,0,1,0,1,0,0,0,0,0,1
2019,10,8,2,2,2,0,0,1,0,0,0,1,0,0,0,0
2021,1,13,4,5,3,0,1,1,0,0,0,0,1,1,2,0
2020,10,0,6,2,7,2,0,1,0,0,0,0,1,1,1,0
2018,10,14,5,1,5,0,0,1,0,0,0,1,0,0,0,1
2019,9,14,4,3,3,0,1,1,0,0,0,0,0,0,0,0
2021,10,9,5,5,3,0,1,0,0,0,0,0,0,0,1,0
2021,9,18,1,6,7,0,1,0,1,0,0,0,0,0,1,0
2018,3,11,1,2,7,0,0,1,0,0,0,0,0,0,0,0
2019,5,17,6,5,3,0,0,1,0,0,0,0,0,0,0,0
2021,8,16,2,5,2,0,1,1,0,0,0,0,0,0,1,0
2019,7,16,3,2,2,0,0,1,0,1,0,0,0,0,0,0
2018,2,13,1,5,3,0,0,1,0,0,0,0,0,0,0,0
2020,9,16,2,1,5,0,0,1,0,0,0,0,0,0,1,1
2018,9,10,7,9,1,0,0,1,0,0,0,0,0,0,0,0
2020,12,20,2,9,1,2,0,1,0,0,0,0,2,1,2,0
2018,10,13,3,0,1,0,0,0,0,1,0,0,1,0,0,0
2021,10,10,4,5,5,0,0,1,0,0,0,1,0,0,1,0
2021,7,6,7,5,3,0,0,1,0,0,0,0,1,0,1,1
2021,10,21,6,0,1,2,1,0,0,0,0,0,0,0,1,0
2019,12,18,1,5,7,2,0,1,0,0,0,1,0,0,0,0
2021,2,14,4,2,6,0,0,1,0,0,0,0,1,1,2,0
2021,12,15,2,6,4,0,0,1,1,0,0,0,0,1,2,0
2020,9,14,6,6,7,0,1,0,1,0,0,0,0,0,1,0
2018,6,15,3,5,3,0,1,1,0,0,0,0,0,0,0,0
2019,4,9,6,1,6,0,0,1,0,0,0,1,0,0,0,0
2018,11,17,6,6,4,2,1,0,1,0,0,0,1,0,0,1
2021,3,15,3,5,3,0,1,0,0,0,0,0,0,0,2,0
2020,8,16,1,6,4,0,0,1,1,0,0,0,0,0,1,0
2019,10,22,6,5,2,2,1,1,0,0,0,0,1,0,0,0
2018,4,12,5,5,2,0,1,1,0,0,0,0,0,0,0,0
2020,10,13,1,2,6,0,0,1,0,1,0,0,0,1,1,0
2019,4,8,1,1,5,0,1,1,0,0,0,0,1,0,0,0
2021,11,19,4,0,6,2,0,1,0,1,0,0,1,0,2,0
2018,6,13,7,3,6,0,0,0,0,1,1,0,0,0,0,0
2020,11,18,6,2,3,2,0,1,0,0,0,0,0,1,2,0
2019,12,16,7,2,6,2,0,1,0,0,0,0,0,0,0,0
2019,12,6,2,5,3,2,0,1,0,0,0,1,0,0,0,0
2018,10,11,4,1,5,0,0,1,0,1,0,0,0,0,0,1
2021,12,13,5,5,2,0,1,1,0,0,0,0,0,1,2,0
2020,11,12,3,5,3,0,0,1,0,0,0,0,0,1,2,0
2019,10,19,4,6,4,2,0,0,1,1,0,0,1,0,0,1
2020,9,9,6,5,2,0,0,1,0,0,0,0,1,0,1,0
2018,2,9,4,2,6,0,0,1,0,1,0,0,0,0,0,0
2020,6,9,2,0,7,0,1,0,0,0,0,1,0,0,1,0
2020,12,16,2,6,4,2,0,1,1,0,0,0,0,1,2,0
2019,4,17,5,1,5,0,1,1,0,0,0,0,0,0,0,0
2019,11,20,6,5,2,2,0,1,0,0,0,0,1,0,0,0
2019,10,17,7,5,2,2,1,1,0,0,0,0,0,0,0,0
2018,4,16,6,0,2,0,1,1,0,0,0,0,0,0,0,0
2021,8,17,2,5,7,0,0,1,0,1,0,0,0,0,1,0
2021,8,12,4,1,5,0,1,1,0,0,0,0,0,0,1,0
2018,4,8,5,6,4,0,0,1,1,0,0,0,0,0,0,0
2020,9,20,4,2,6,2,0,1,0,0,0,0,0,0,1,0
2020,5,15,2,2,6,0,0,1,0,0,0,0,1,1,1,0
2019,7,17,2,0,1,0,0,0,0,1,0,0,0,0,0,0
2020,9,11,2,5,5,0,0,1,0,0,0,0,0,0,1,0
2019,9,16,1,0,1,0,0,0,0,0,0,1,0,0,0,0
2021,8,8,2,5,3,0,0,1,0,0,0,0,1,0,1,0
2021,11,9,5,5,7,0,1,0,0,0,0,1,0,0,2,0
2020,10,12,5,0,2,0,1,0,0,1,0,0,0,1,1,0
2019,8,15,2,8,1,0,0,1,0,0,0,0,0,0,0,0
2020,6,14,5,2,6,0,0,1,0,0,0,0,0,0,1,1
2021,9,8,6,5,3,0,0,0,0,0,1,1,0,0,1,0
2021,5,8,4,5,2,0,1,1,0,0,0,0,0,1,2,0
2019,8,11,3,3,6,0,1,0,0,0,0,1,0,0,0,0
2019,2,13,7,6,7,0,0,1,1,0,0,0,0,0,0,0
2021,4,14,4,5,2,0,1,1,0,0,0,0,0,1,2,0
2020,5,14,5,4,7,0,1,0,0,0,0,1,0,1,1,0
2019,6,16,7,5,2,0,0,1,0,1,0,0,0,0,0,0
2018,8,12,5,2,6,0,1,0,0,0,0,1,0,0,0,0
2018,2,22,6,2,6,2,0,1,0,0,0,0,0,0,0,1
2021,10,14,2,2,6,0,0,0,0,1,0,1,0,0,1,0
2019,8,9,2,2,6,0,0,1,0,0,0,0,0,0,0,0
2018,1,23,3,5,2,2,1,1,0,0,0,0,1,0,0,0
2021,5,19,6,0,7,0,1,0,1,0,0,0,0,1,2,0
2021,7,19,7,2,2,0,1,1,0,0,0,0,0,0,1,1
2020,5,19,6,0,1,0,1,0,0,0,0,0,0,1,1,0
2018,10,22,7,3,6,2,1,0,0,0,0,1,0,0,0,0
2020,7,12,2,5,5,0,1,1,0,0,0,0,0,0,1,0
2019,4,7,5,0,7,0,0,0,1,1,0,0,0,0,0,0
2020,7,6,3,6,2,0,0,1,1,0,0,0,0,0,1,1
2018,6,14,7,1,5,0,1,1,0,0,0,1,0,0,0,0
2019,8,8,6,6,4,0,0,1,1,0,0,0,0,0,0,0
2021,4,14,6,5,2,0,1,1,0,0,0,0,0,1,2,0
2019,3,17,6,5,3,0,0,1,0,0,0,0,0,0,0,0
2019,12,12,5,0,3,0,0,0,0,0,0,1,0,0,0,0
2019,2,17,1,5,2,1,1,1,0,0,0,0,0,0,0,0
2020,9,23,2,2,6,2,0,1,0,0,1,0,0,0,1,0
2020,4,7,6,6,4,0,0,1,1,0,0,0,0,1,2,1
2018,9,19,5,0,7,0,0,0,0,1,0,0,0,0,0,0
2018,5,16,1,1,5,0,1,1,0,0,0,1,0,0,0,0
2020,10,19,3,5,2,2,1,1,0,0,0,0,0,1,1,0
2019,1,17,1,5,2,2,0,1,0,0,0,0,1,0,0,0
2021,7,14,3,0,1,0,0,0,0,1,0,0,0,0,1,1
2020,12,14,2,3,6,0,0,1,0,0,0,1,0,1,2,0
2019,10,16,2,5,3,0,1,0,0,0,0,1,0,0,0,0
2018,6,22,6,2,6,2,0,1,0,0,0,0,0,0,0,0
2021,12,18,2,2,6,2,1,1,0,0,0,0,0,1,2,0
2021,6,8,5,2,2,0,0,1,0,1,0,0,0,0,1,0
2021,8,2,6,0,7,2,0,1,0,0,0,1,1,0,1,1
2020,6,10,7,1,5,0,1,1,0,0,0,0,1,0,1,0
2018,3,19,7,9,1,2,0,0,0,1,0,0,0,0,0,1
2018,11,21,6,2,6,2,0,1,0,0,0,0,0,0,0,0
2018,11,21,3,5,2,2,1,1,0,0,0,0,0,0,0,0
2018,5,15,3,5,2,0,0,1,0,0,0,0,0,0,0,1
2019,4,5,2,5,3,1,1,1,0,0,0,0,0,0,0,0
2020,2,17,1,6,2,2,0,1,1,0,0,0,1,0,0,1
2018,11,11,7,5,2,0,1,1,0,0,0,0,0,0,0,0
2018,1,13,5,2,1,0,0,1,0,0,0,0,1,0,0,0
2020,9,17,3,5,2,0,1,1,0,0,0,0,0,0,1,0
2020,1,12,6,1,5,0,0,1,0,1,0,0,1,0,0,0
2021,7,16,3,0,1,0,0,0,0,0,0,1,0,0,1,0
2021,9,17,3,6,4,0,0,0,1,0,0,1,0,0,1,0
2021,5,18,4,5,3,0,1,1,0,0,0,0,1,1,2,0
2021,8,0,3,5,2,2,1,1,0,0,0,0,0,0,1,0
2021,12,21,3,5,2,2,0,1,0,1,0,0,0,1,2,0
2020,8,7,6,5,2,0,1,1,0,0,0,0,0,0,1,0
2019,6,9,6,1,5,0,0,1,0,0,1,0,0,0,0,0
2019,5,19,6,9,1,0,0,1,0,0,0,0,1,0,0,1
2018,11,12,6,4,6,0,1,0,0,0,0,0,0,0,0,0
2018,2,18,3,2,6,2,0,1,0,0,0,0,0,0,0,0
2021,3,7,3,2,3,0,0,1,0,0,0,0,0,0,2,0
2020,2,20,4,5,2,2,1,1,0,0,0,0,0,0,0,0
2019,10,18,2,5,2,1,1,1,0,0,0,0,0,0,0,0
2019,5,11,2,5,2,0,0,1,0,0,0,0,0,0,0,0
2018,6,13,2,1,5,0,1,1,0,0,0,0,0,0,0,0
2020,8,15,1,5,3,0,0,1,0,1,0,0,0,0,1,1
2021,3,7,6,2,6,0,0,1,0,1,0,0,1,0,2,0
2020,9,11,1,0,7,0,1,0,0,0,0,0,0,0,1,1