UJAHR,UMONAT,USTUNDE,UWOCHENTAG,UART,UTYP1,ULICHTVERH,IstRad,IstPKW,IstFuss,IstKrad,IstGkfz,IstSonstige,USTRZUSTAND,LOCKDOWN,COVID,UKATEGORIE
2019,5,13,4,1,5,0,1,1,0,0,0,1,0,0,0,0
2018,9,18,3,2,6,1,0,1,0,1,0,0,0,0,0,0
2020,11,10,7,5,3,0,1,1,0,0,0,0,1,1,2,0
2019,11,18,4,6,7,2,0,0,1,0,0,1,1,0,0,0
2021,6,20,5,2,3,0,0,1,0,0,0,0,0,0,1,0
2021,1,15,6,6,4,0,0,1,1,0,0,0,1,1,2,0
2020,11,15,1,5,3,0,1,1,0,0,0,0,0,1,2,0
2018,10,19,2,1,5,1,1,1,0,0,0,1,0,0,0,0
2021,7,8,4,5,2,0,1,1,0,0,0,0,0,0,1,1
2020,9,13,5,6,2,0,0,1,1,0,0,0,0,0,1,0
2021,9,2,2,2,6,2,0,1,0,1,0,0,0,0,1,1
2020,9,12,4,2,6,0,0,1,0,0,0,1,0,0,1,0
2021,3,10,3,6,4,0,0,1,1,0,0,0,0,0,2,1
2019,8,18,3,0,7,0,0,1,0,0,0,1,0,0,0,0
2021,12,18,2,6,2,2,0,1,1,0,0,0,1,1,2,0
2021,12,17,3,3,6,2,1,1,0,0,0,0,0,1,2,0
2021,5,11,2,5,3,0,0,1,0,0,0,0,0,1,2,0
2020,9,13,2,0,3,0,0,1,0,0,0,0,0,0,1,0
2021,3,10,2,2,6,0,0,1,0,0,0,0,0,0,2,0
2020,7,17,5,2,2,0,0,1,0,0,0,1,1,0,1,0
2020,5,12,1,5,2,0,1,1,0,0,0,0,0,1,1,0
2021,8,10,3,5,2,0,0,1,0,0,0,1,0,0,1,0
2018,10,15,7,2,6,0,0,1,0,0,0,0,0,0,0,0
2019,2,17,4,0,3,0,1,1,0,0,0,0,0,0,0,0
2020,4,17,4,1,5,0,1,1,0,0,0,0,0,1,2,0
2019,6,19,4,5,2,0,1,1,0,0,0,0,0,0,0,0
2021,8,17,5,5,7,0,0,1,0,0,0,1,0,0,1,0
2018,12,10,5,6,4,0,0,1,1,0,0,0,1,0,0,0
2018,6,18,2,6,4,0,0,1,1,0,0,0,0,0,0,0
2020,12,16,7,1,6,2,0,1,0,0,0,0,0,1,2,0
2018,7,19,1,1,5,0,0,1,0,0,0,0,0,0,0,0
2018,3,5,6,5,2,2,0,1,0,0,0,0,1,0,0,0
2019,2,11,2,2,6,0,0,1,0,0,0,0,1,0,0,0
2020,10,21,5,2,6,2,0,1,0,0,0,0,1,1,1,0
2018,4,20,2,6,4,2,1,0,1,0,0,0,0,0,0,1
2019,9,17,5,0,2,0,1,1,0,0,0,0,0,0,0,0
2021,6,12,6,5,3,0,0,1,0,1,0,0,1,0,1,0
2020,1,12,2,0,1,0,1,0,0,0,0,0,0,0,0,0
2018,10,7,5,5,7,1,0,1,0,1,0,0,0,0,0,1
2019,5,14,5,0,6,0,1,1,0,0,0,0,0,0,0,0
2021,5,17,6,5,2,0,1,1,0,0,0,0,1,1,2,0
2020,4,15,1,5,3,0,0,1,0,1,0,0,0,1,2,1
2021,5,12,6,5,3,0,1,1,0,0,0,0,0,1,2,0
2020,4,17,4,0,1,0,1,0,0,0,0,0,1,1,2,0
2018,6,19,4,5,3,0,1,1,0,0,0,0,0,0,0,0
2018,8,17,3,5,2,0,0,1,0,1,0,0,0,0,0,1
2021,6,16,6,2,2,0,0,1,0,0,0,1,0,0,1,0
2018,9,11,4,5,2,0,1,1,0,0,0,0,0,0,0,0
2021,7,19,5,6,4,0,0,1,1,0,0,0,0,0,1,1
2021,7,9,2,5,3,0,0,1,0,0,0,0,0,0,1,0
2020,4,15,5,5,3,0,1,1,0,0,0,0,0,1,2,1
2019,8,12,4,1,5,0,1,1,0,0,0,1,0,0,0,0
2019,10,10,4,5,2,0,0,1,0,0,0,0,1,0,0,0
2018,5,11,7,5,3,0,1,0,0,0,0,1,0,0,0,0
2019,5,8,5,5,3,0,1,1,0,0,0,0,0,0,0,0
2018,5,16,5,5,3,0,1,1,0,0,0,0,0,0,0,1
2021,10,4,7,0,1,2,0,0,0,0,0,1,0,0,1,0
2019,1,18,6,5,3,2,1,1,0,0,0,0,1,0,0,0
2020,5,12,4,5,7,0,0,0,0,1,0,1,0,1,1,0
2019,8,17,3,6,4,0,0,1,1,0,0,0,0,0,0,0
2021,11,9,5,3,6,0,1,0,0,0,0,0,0,0,2,0
2018,5,7,4,5,3,0,0,1,0,0,0,0,0,0,0,0
2020,9,1,6,5,2,2,0,1,0,1,0,0,0,0,1,0
2020,9,20,2,0,7,2,1,0,0,0,0,0,0,0,1,0
2020,10,8,4,5,2,0,1,1,0,0,0,0,1,1,1,0
2020,7,15,1,3,1,0,0,1,0,1,0,0,0,0,1,0
2019,9,9,5,2,6,0,0,1,0,0,1,0,0,0,0,0
2018,9,1,7,8,1,2,0,1,0,0,0,0,0,0,0,1
2018,10,7,3,2,2,0,1,1,0,0,0,0,0,0,0,0
2019,11,11,4,2,6,0,0,1,0,0,0,1,0,0,0,0
2021,6,12,4,5,2,0,0,1,0,1,0,0,0,0,1,0
2020,3,13,5,5,2,0,0,0,0,1,0,1,0,1,1,1
2018,1,19,1,6,4,2,0,0,1,0,0,1,1,0,0,0
2019,8,20,1,5,2,1,1,1,0,0,0,0,0,0,0,1
2021,11,16,5,6,2,2,0,1,1,0,0,0,1,0,2,0
2019,11,11,4,9,1,0,0,1,0,0,0,0,1,0,0,0
2021,9,15,6,6,4,0,1,0,1,0,0,0,0,0,1,0
2020,10,15,7,5,3,0,0,1,0,0,0,0,0,1,1,1
2021,7,14,5,5,2,0,1,1,0,0,0,0,0,0,1,0
2020,9,6,5,0,5,0,0,1,0,1,0,0,1,0,1,0
2019,10,19,4,3,6,2,0,1,0,0,1,0,1,0,0,0
2021,10,9,7,0,1,0,0,0,0,1,0,0,0,0,1,0
2018,3,8,6,5,3,0,0,1,0,0,0,0,0,0,0,1
2019,3,18,1,6,2,2,0,1,1,0,0,0,1,0,0,1
2021,7,19,1,2,6,0,0,1,0,1,0,0,0,0,1,0
2019,5,9,6,2,6,0,0,1,0,1,0,0,0,0,0,1
2019,2,11,5,2,6,0,0,1,0,0,0,1,0,0,0,0
2020,4,9,4,0,5,0,1,1,0,0,0,0,0,1,2,0
2021,8,13,1,1,5,0,0,1,0,0,0,0,0,0,1,0
2019,8,18,3,0,1,0,1,0,0,0,0,0,0,0,0,0
2019,6,1,2,5,2,2,0,1,0,0,0,0,0,0,0,0
2020,6,18,4,5,2,0,1,1,0,0,0,0,0,0,1,0
2018,11,18,4,6,7,2,0,1,1,0,0,0,0,0,0,0
2019,4,12,4,2,6,0,0,1,0,1,0,0,0,0,0,0
2021,10,18,5,6,2,1,0,1,1,0,0,0,0,0,1,0
2021,12,16,6,5,3,2,1,1,0,0,0,0,0,1,2,0
2021,9,16,6,5,2,0,0,1,0,1,0,0,0,0,1,0
2019,7,11,4,5,5,0,1,1,0,0,0,0,0,0,0,0
2021,9,19,3,0,3,1,0,0,0,1,0,0,0,0,1,0
2021,4,13,3,5,2,0,0,1,0,1,0,0,0,1,2,0
2018,6,14,7,0,6,0,0,1,0,0,0,1,0,0,0,0
2019,8,17,4,0,3,0,1,1,0,0,0,0,0,0,0,0
2021,9,1,6,5,3,2,1,1,0,0,0,0,0,0,1,0
2019,1,19,7,8,1,2,0,0,0,1,0,0,1,0,0,0
2021,4,11,7,3,6,0,0,1,0,1,0,0,0,1,2,0
2021,11,14,3,2,2,0,0,1,0,0,0,0,0,0,2,0
2020,12,23,1,0,1,2,0,0,0,1,0,0,1,1,2,0
2020,6,16,5,6,2,0,0,1,1,0,0,0,0,0,1,0
2018,6,8,6,5,3,0,1,0,0,0,0,0,0,0,0,0
2021,11,12,3,5,7,0,0,1,0,0,0,0,1,0,2,0
2020,7,16,4,5,2,0,1,1,0,0,0,0,1,0,1,0
2020,1,17,6,5,3,2,1,1,0,0,0,0,0,0,0,0
2018,5,12,3,5,7,0,0,1,0,1,0,0,0,0,0,1
2020,6,18,5,5,2,0,1,1,0,0,0,0,0,0,1,0
2019,8,19,6,5,3,0,0,1,0,1,0,0,0,0,0,0
2019,4,11,6,5,3,0,1,1,0,0,0,0,0,0,0,0
2019,9,19,3,5,3,2,0,1,0,1,0,0,0,0,0,1
2019,5,15,4,2,6,0,0,1,0,0,0,0,0,0,0,0
2019,6,7,7,2,2,0,1,0,0,0,0,0,0,0,0,0
2020,6,9,5,5,2,0,1,0,0,0,0,1,1,0,1,0
2020,1,11,7,0,4,0,1,0,1,0,0,0,1,0,0,0
2019,7,13,2,2,6,0,0,1,0,1,0,0,0,0,0,0
2020,7,20,5,5,2,1,1,1,0,0,0,0,0,0,1,0
2018,6,17,3,1,5,0,1,1,0,0,0,0,0,0,0,0
2018,1,16,2,5,3,1,1,1,0,0,0,0,0,0,0,0
2021,8,8,5,2,6,0,1,1,0,0,0,1,0,0,1,0
2020,4,9,6,6,4,0,0,1,1,0,0,0,0,1,2,0
2021,5,17,4,0,1,0,0,0,0,1,0,0,0,1,2,0
2021,12,7,4,6,2,2,0,1,1,0,0,0,1,1,2,1
2018,11,15,5,0,3,1,0,1,0,0,0,1,0,0,0,0
2018,12,22,5,3,6,2,0,1,0,0,0,1,1,0,0,1
2020,10,14,6,5,2,0,0,1,0,1,0,0,1,1,1,0
2020,5,11,2,5,3,0,0,1,0,0,0,0,1,1,1,0
2018,10,8,5,0,6,0,0,0,0,0,0,1,0,0,0,0
2021,8,0,4,1,5,2,0,1,0,0,0,1,0,0,1,1
2018,2,7,5,1,5,0,0,1,0,0,0,0,0,0,0,0
2019,11,19,6,3,5,2,0,1,0,1,0,0,1,0,0,0
2018,10,13,3,1,5,0,1,1,0,0,0,0,0,0,0,0
2020,9,10,6,5,2,0,0,1,0,0,0,1,0,0,1,0
2020,6,23,6,2,2,2,1,1,0,0,0,0,0,0,1,0
2021,11,8,2,5,3,0,1,1,0,0,0,0,1,0,2,0
2018,1,18,3,5,2,0,1,1,0,0,0,0,0,0,0,0
2021,10,11,3,5,2,0,0,1,0,0,0,1,0,0,1,0
2021,9,17,4,5,3,0,1,1,0,0,0,0,0,0,1,0
2019,7,14,5,0,1,0,0,0,0,1,0,0,0,0,0,0
2018,12,13,7,6,4,0,0,0,1,0,0,1,0,0,0,1
2021,6,22,7,2,6,2,0,0,0,0,0,1,0,0,1,0
2019,11,5,7,0,3,2,0,1,0,0,0,1,0,0,0,0
2021,4,16,2,5,3,0,1,1,0,0,0,0,0,1,2,0
2018,11,8,3,5,5,0,0,1,0,0,0,0,1,0,0,0
2021,5,9,6,5,3,0,1,1,0,0,0,0,1,1,2,0
2019,8,14,5,5,3,0,0,1,0,0,0,0,0,0,0,1
2021,10,8,7,5,3,0,0,1,0,0,0,0,1,0,1,0
2021,12,9,4,5,3,0,1,1,0,0,0,0,0,1,2,0
2019,7,19,5,5,2,0,0,1,0,1,0,0,0,0,0,0
2019,6,18,4,6,4,0,1,0,1,0,0,0,0,0,0,0
2018,4,20,3,6,4,2,0,1,1,0,0,0,0,0,0,1
2019,4,16,3,5,3,0,1,1,0,0,0,0,0,0,0,0
2020,10,18,4,6,4,1,0,1,1,0,0,0,0,1,1,0
2019,3,7,4,0,2,0,1,0,0,0,0,1,0,0,0,0
2018,6,18,3,1,5,0,1,1,0,0,0,0,0,0,0,0
2021,11,14,7,6,4,0,0,1,1,0,0,0,1,0,2,0
2020,3,8,4,5,3,0,1,1,0,0,0,0,0,1,1,0
2020,8,21,5,5,2,2,1,1,0,0,0,0,0,0,1,0
2020,7,20,6,5,3,0,0,1,0,1,0,0,0,0,1,0
2021,6,13,4,3,6,0,1,1,0,0,0,0,0,0,1,0
2020,2,16,6,2,6,0,0,1,0,0,0,0,1,0,0,0
2018,3,19,3,5,3,2,1,1,0,0,0,0,0,0,0,0
2021,6,7,3,5,3,0,0,1,0,0,0,0,0,0,1,0
2019,11,15,2,5,2,0,1,1,0,0,0,0,0,0,0,0
2018,4,7,5,5,2,0,1,1,0,0,0,0,0,0,0,1
2018,4,7,3,2,2,0,0,1,0,1,0,0,0,0,0,0
2020,5,14,1,5,3,0,0,1,0,0,0,0,1,1,1,0
2019,8,15,6,5,3,0,1,1,0,0,0,0,0,0,0,0
2020,5,15,3,2,6,0,1,1,0,0,0,0,0,1,1,0
2021,11,14,5,5,3,0,0,1,0,0,0,0,1,0,2,0
2019,7,8,3,3,6,0,1,1,0,0,1,0,0,0,0,1
2020,7,6,3,5,7,0,0,1,0,1,0,0,0,0,1,0
2018,7,15,2,5,7,0,0,1,0,0,0,0,0,0,0,0
2018,5,7,2,3,6,0,0,1,0,1,0,0,0,0,0,1
2019,4,15,3,6,4,0,0,1,1,0,0,0,0,0,0,1
2018,7,15,7,6,4,0,0,1,1,0,0,0,0,0,0,0
2021,3,17,7,6,4,0,0,1,1,0,0,0,0,0,2,0
2021,7,22,4,5,2,2,0,1,0,0,0,0,0,0,1,0
2021,12,17,2,2,6,2,0,1,0,0,0,0,1,1,2,0
2019,2,22,2,5,2,2,1,1,0,0,0,0,0,0,0,0
2018,7,13,2,5,7,0,0,1,0,1,0,0,0,0,0,1
2020,9,17,2,2,6,0,0,1,0,1,0,0,0,0,1,0
2020,9,18,5,1,5,0,1,1,0,0,0,0,0,0,1,0
2019,4,14,6,5,2,0,0,1,0,1,0,0,0,0,0,0
2021,8,11,4,2,6,0,1,1,0,0,0,0,0,0,1,0
2018,9,19,6,6,7,1,1,0,1,0,0,0,0,0,0,0
2020,11,16,6,0,2,1,0,1,0,0,0,1,0,1,2,0
2018,2,8,4,5,3,0,1,1,0,0,0,0,0,0,0,0
2021,5,5,3,0,7,0,1,0,0,0,0,0,0,1,2,0
2018,5,20,5,5,3,0,1,1,0,0,0,0,0,0,0,0
2021,7,16,6,6,7,0,1,0,1,0,0,0,0,0,1,0
2019,5,1,7,5,3,2,0,1,0,0,0,0,1,0,0,0
2020,7,10,4,0,6,0,0,1,0,0,0,0,1,0,1,0
2018,8,11,5,5,3,0,1,1,0,0,0,0,1,0,0,0
2018,11,17,4,5,3,2,1,1,0,0,0,0,0,0,0,0
2019,6,17,5,6,4,0,0,1,1,0,0,0,0,0,0,0
2021,9,12,4,3,6,0,0,1,0,0,0,0,0,0,1,0
2020,7,18,7,5,2,0,1,1,0,0,0,0,0,0,1,0
2018,5,16,6,5,3,0,1,1,0,0,0,0,0,0,0,0
2020,11,8,4,5,3,0,1,1,0,0,0,0,0,1,2,0
2021,11,12,6,2,7,0,0,1,0,1,0,0,0,0,2,0
2020,8,13,1,5,2,0,1,1,0,0,0,0,0,0,1,0
2018,3,8,5,2,6,0,0,1,0,0,0,0,0,0,0,0
2019,11,15,5,2,2,0,0,1,0,0,0,0,0,0,0,0
2021,3,18,3,2,2,2,0,1,0,0,0,1,0,0,2,0
2018,5,16,2,6,4,0,0,1,1,0,0,0,0,0,0,0
2019,6,10,3,1,5,0,1,1,0,0,0,0,0,0,0,0
2019,11,17,5,2,6,2,0,1,0,0,0,0,0,0,0,0
2021,5,16,3,5,7,0,0,1,0,0,0,0,0,1,2,0
2021,10,21,3,5,2,2,0,1,0,0,0,0,0,0,1,0
2021,7,23,5,1,5,2,1,1,0,0,0,0,0,0,1,0
2020,8,21,7,2,6,2,0,1,0,0,0,0,0,0,1,0
2020,3,6,4,2,6,0,0,1,0,0,0,0,0,1,1,0
2020,4,18,1,0,1,0,1,0,0,0,0,0,0,1,2,1
2018,9,18,2,1,5,1,1,1,0,0,0,0,0,0,0,1
2018,10,8,5,5,3,0,1,1,0,0,0,0,0,0,0,0
2019,5,15,4,5,3,0,0,0,0,0,0,1,1,0,0,0
2018,3,7,3,5,2,0,1,1,0,0,0,0,0,0,0,0
2021,9,17,1,5,2,0,1,0,0,0,0,1,0,0,1,0
2018,4,4,1,5,3,2,0,1,0,0,0,0,0,0,0,0
2018,9,16,6,2,6,0,1,1,0,0,0,0,0,0,0,0
2019,11,16,6,5,2,1,1,1,0,0,0,0,1,0,0,0
2021,8,13,5,1,7,0,0,1,0,0,0,1,0,0,1,0
2018,12,18,4,4,1,2,0,1,0,0,0,0,1,0,0,1
2018,5,0,1,1,5,2,1,1,0,0,0,0,0,0,0,0
2019,12,21,4,1,1,2,0,1,0,0,0,0,0,0,0,0
2020,8,15,7,5,2,0,0,1,0,0,0,1,0,0,1,0
2021,11,7,3,5,3,0,1,1,0,0,0,0,1,0,2,0
2020,10,10,5,2,7,0,0,1,0,0,0,0,1,1,1,0
2020,6,13,6,6,7,0,1,0,1,0,0,0,0,0,1,0
2018,12,18,3,2,6,2,0,1,0,0,0,0,0,0,0,0
2019,5,15,6,5,2,0,1,1,0,0,0,0,0,0,0,0
2019,8,13,1,5,3,0,0,1,0,0,0,0,0,0,0,0
2021,9,18,1,0,2,0,0,1,0,1,0,0,0,0,1,0
2018,1,14,5,0,7,0,0,1,0,1,0,0,1,0,0,0
2019,11,14,3,5,3,0,1,1,0,0,0,0,0,0,0,0
2020,10,12,6,0,1,0,0,0,0,1,0,0,1,1,1,0
2019,10,5,2,2,6,1,0,1,0,0,0,0,0,0,0,0
2020,10,17,2,5,2,1,0,1,0,0,0,0,1,1,1,0
2019,8,21,7,2,6,0,0,1,0,0,0,0,0,0,0,0
2020,8,17,5,2,7,0,0,0,0,1,0,1,0,0,1,0
2020,8,17,2,0,6,0,0,1,0,1,0,0,1,0,1,0
2021,6,11,4,2,7,0,1,0,0,0,0,1,0,0,1,0
2021,9,11,4,0,7,0,1,0,0,0,0,0,1,0,1,1
2021,12,13,7,5,2,0,0,1,0,0,0,0,1,1,2,1
2020,11,13,4,1,5,0,0,1,0,0,0,1,0,1,2,1
2019,10,11,3,5,2,0,1,0,0,0,1,0,0,0,0,0
2021,10,14,6,3,6,0,1,1,0,0,0,0,0,0,1,0
2018,7,6,5,5,2,0,1,1,0,0,0,0,0,0,0,0
2019,8,21,1,0,1,2,0,0,0,1,0,0,0,0,0,0
2020,6,14,6,0,3,0,1,1,0,0,0,0,1,0,1,0
2021,7,15,6,5,2,0,0,1,0,1,0,0,0,0,1,0
2019,7,15,4,5,2,0,0,0,0,1,0,1,0,0,0,1
2021,2,8,3,5,2,0,1,1,0,0,0,0,0,1,2,0
2021,5,16,5,2,6,0,0,1,0,0,0,0,1,1,2,0
2019,5,16,3,1,5,0,1,1,0,0,0,0,0,0,0,1
2021,9,8,3,5,3,0,1,0,0,0,0,0,0,0,1,0
2018,9,8,3,2,6,0,1,1,0,0,0,0,0,0,0,0
2018,10,22,4,2,6,2,0,1,0,1,0,0,0,0,0,0
2018,10,20,1,0,6,2,0,1,0,1,0,0,0,0,0,0
2021,9,21,3,0,1,2,0,0,0,1,0,0,0,0,1,0
2021,3,8,7,6,7,0,0,1,1,0,0,0,0,0,2,1
2020,10,18,5,5,3,0,1,1,0,0,0,0,0,1,1,0
2020,12,16,3,0,7,2,0,1,0,0,0,0,1,1,2,1
2018,2,12,4,6,4,0,0,1,1,0,0,1,0,0,0,0
2020,3,17,1,1,5,0,1,1,0,0,0,0,0,1,1,0
2020,12,12,7,2,7,0,0,1,0,0,0,0,0,1,2,0
2018,5,13,7,1,5,0,1,1,0,0,0,0,0,0,0,0
2020,7,15,6,6,2,0,0,1,1,0,0,0,0,0,1,0
2018,10,19,2,2,6,1,0,1,0,1,0,0,0,0,0,0
2020,8,20,3,2,6,1,0,1,0,1,0,0,1,0,1,0
2020,7,13,1,2,6,0,1,0,0,0,0,0,0,0,1,0
2021,5,12,2,5,7,0,1,0,0,0,0,1,0,1,2,1
2019,9,23,3,1,5,2,0,0,0,0,0,1,0,0,0,0
2020,2,14,6,5,2,0,1,1,0,0,0,0,0,0,0,0
2021,6,11,7,2,2,0,1,1,0,0,0,0,0,0,1,0
2020,3,11,7,1,5,0,0,1,0,0,0,0,0,1,1,0
2021,7,22,6,2,6,2,0,1,0,0,0,0,1,0,1,1
2020,2,9,5,2,7,0,1,1,0,0,0,0,0,0,0,0
2018,8,9,4,5,3,0,0,1,0,1,0,0,0,0,0,1
2020,7,11,5,5,2,0,1,1,0,0,0,0,0,0,1,0
2019,1,14,3,0,2,0,0,1,0,0,0,1,1,0,0,0
2018,6,7,4,5,2,0,1,1,0,0,0,0,0,0,0,0
2019,5,12,4,5,2,0,1,1,0,0,0,0,0,0,0,0
2020,10,8,5,1,5,0,1,1,0,0,0,0,0,1,1,0
2018,6,15,2,5,2,0,0,1,0,1,0,0,0,0,0,1
2018,3,11,7,6,2,0,0,1,1,0,0,0,1,0,0,1
2021,7,16,1,5,3,0,0,0,0,0,0,1,0,0,1,0
2020,10,7,6,0,3,0,0,1,0,1,0,0,1,1,1,0
2018,6,17,6,3,2,0,0,1,0,1,0,0,0,0,0,0
2021,9,7,3,0,6,0,1,0,0,0,0,1,0,0,1,0
2021,2,12,2,1,7,0,0,1,0,0,0,0,0,1,2,0
2020,4,19,1,4,6,0,0,1,0,1,0,0,0,1,2,0
2019,6,18,1,5,2,0,0,1,0,0,0,0,0,0,0,0
2018,2,11,6,3,6,0,0,1,0,0,0,0,0,0,0,0
2018,2,14,4,2,6,0,1,0,0,0,0,0,0,0,0,0
2018,7,8,3,5,7,0,1,1,0,0,0,0,0,0,0,0
2021,1,9,7,2,3,0,1,1,0,0,0,0,2,1,2,0
2018,12,18,4,5,2,2,0,1,0,1,0,0,0,0,0,0
2020,10,15,6,2,6,0,0,1,0,0,0,0,1,1,1,0
2021,9,13,2,0,7,0,0,1,0,0,0,0,0,0,1,0
2019,10,11,4,1,5,0,0,1,0,0,0,0,0,0,0,0
2019,6,16,7,1,5,0,1,1,0,0,0,0,0,0,0,0
2018,3,19,6,3,6,2,0,1,0,0,0,0,1,0,0,0
2021,8,7,2,5,7,0,1,1,0,0,0,0,0,0,1,0
2018,6,2,5,3,6,2,0,1,0,0,0,0,0,0,0,0
2021,8,2,7,0,1,2,0,0,0,1,0,0,0,0,1,0
2019,8,13,6,3,6,0,0,1,0,0,0,0,0,0,0,0
2019,11,9,3,5,2,0,1,1,0,0,0,0,0,0,0,0
2020,9,13,4,1,5,0,1,1,0,0,0,0,0,0,1,1
2018,5,22,5,5,2,2,0,1,0,1,0,0,1,0,0,0
2020,8,20,3,0,3,2,1,1,0,0,0,0,1,0,1,0
2018,11,9,6,2,2,0,0,1,0,0,0,0,0,0,0,0
2018,8,16,2,2,6,0,0,1,0,0,0,0,0,0,0,0
2018,3,9,3,2,6,0,0,1,0,1,0,0,0,0,0,0
2021,8,14,6,1,5,0,1,1,0,0,0,0,1,0,1,0
2018,6,12,7,1,5,0,1,1,0,0,0,0,0,0,0,0
2020,8,19,7,5,2,1,1,1,0,0,0,0,1,0,1,0
2019,8,18,5,5,3,0,1,0,0,0,0,0,0,0,0,1
2018,1,22,7,5,3,2,0,1,0,0,0,0,0,0,0,1
2020,3,15,4,4,6,0,1,0,0,0,0,0,0,1,1,0
2018,5,23,4,6,2,2,0,0,1,0,0,1,0,0,0,0
2018,4,9,6,5,2,0,1,0,0,0,0,1,0,0,0,0
2021,11,18,2,1,5,2,0,1,0,0,0,0,0,0,2,0
2020,10,13,7,2,7,0,0,1,0,0,0,0,0,1,1,0
2020,6,17,4,1,5,0,1,1,0,0,0,0,0,0,1,0
2021,5,19,3,2,6,0,1,1,0,0,0,0,0,1,2,0
2020,2,18,5,2,6,2,0,1,0,0,0,0,0,0,0,0
2020,4,13,4,8,1,0,0,0,0,1,0,0,0,1,2,1
2019,7,20,5,5,3,0,1,0,0,0,0,0,0,0,0,0
2020,9,14,5,1,5,0,1,1,0,0,0,0,0,0,1,0
2019,6,17,6,2,6,0,0,1,0,0,0,0,0,0,0,0
2021,11,19,6,2,6,1,0,1,0,0,0,1,0,0,2,0
2020,8,12,5,2,6,0,0,1,0,0,0,0,0,0,1,0
2018,9,7,6,4,6,0,1,0,0,0,0,0,0,0,0,0
2019,4,13,2,2,6,0,1,1,0,0,0,0,0,0,0,0
2019,4,10,5,3,6,0,0,1,0,1,0,0,0,0,0,0
2018,1,11,4,1,5,0,1,1,0,0,0,0,1,0,0,0
2019,4,15,4,5,2,0,1,1,0,0,0,0,0,0,0,0
2019,2,16,7,5,3,1,0,1,0,0,0,0,1,0,0,0
2020,2,13,7,6,7,0,0,1,1,0,0,0,0,0,0,0
2019,5,12,1,2,2,0,1,1,0,0,0,0,0,0,0,0
2020,3,18,7,1,5,2,1,1,0,0,0,0,0,1,1,0
2018,7,15,7,2,2,0,0,1,0,0,0,0,0,0,0,0
2021,9,15,4,5,3,0,1,1,0,0,0,0,1,0,1,0
2021,9,10,6,6,7,0,0,1,1,0,0,0,0,0,1,0
2019,6,9,4,5,2,0,0,1,0,0,0,0,0,0,0,0
2019,10,17,5,5,2,0,1,1,0,0,0,0,0,0,0,0
2019,2,11,2,0,1,0,1,0,0,0,0,0,0,0,0,1
2019,4,20,7,1,5,1,1,1,0,0,0,0,0,0,0,0
2018,8,10,2,1,5,0,1,1,0,0,0,1,0,0,0,0
2019,9,9,5,0,6,0,0,1,0,0,0,1,0,0,0,0
2018,6,15,2,2,6,0,0,1,0,0,0,0,0,0,0,0
2018,7,8,6,1,5,0,1,1,0,0,0,0,0,0,0,0
2021,9,7,5,5,3,0,0,1,0,0,0,0,1,0,1,0
2021,9,10,3,0,1,0,1,0,0,0,0,0,0,0,1,1
2019,11,6,2,6,2,1,0,1,1,0,0,0,0,0,0,0
2019,7,20,5,5,2,1,0,1,0,0,0,0,0,0,0,0
2019,2,16,7,5,3,1,0,1,0,0,0,0,1,0,0,0
2020,2,15,7,6,2,0,0,1,1,0,0,0,0,0,0,0
2019,10,5,4,6,6,2,0,1,1,0,0,0,0,0,0,0
2020,9,13,4,5,3,0,0,1,0,1,0,1,0,0,1,0
2018,5,7,5,5,2,0,1,1,0,0,0,0,0,0,0,0
2021,11,22,3,0,1,2,0,0,0,1,0,0,1,0,2,1
2021,6,7,5,5,2,0,1,0,0,0,0,1,0,0,1,0
2020,7,17,5,3,6,0,1,0,0,0,0,1,0,0,1,0
2021,6,18,1,6,4,0,0,1,1,0,0,0,0,0,1,0
2018,9,17,4,2,6,0,0,1,0,0,0,0,0,0,0,0
2020,1,11,5,0,1,0,1,0,0,0,0,0,0,0,0,0
2019,6,8,6,6,2,0,0,1,1,0,0,0,0,0,0,0
2020,6,16,4,1,5,0,1,1,0,0,0,1,0,0,1,0
2019,6,22,4,5,3,2,1,1,0,0,0,0,0,0,0,0
2018,5,20,4,1,5,1,1,1,0,0,0,0,0,0,0,0
2018,12,15,5,5,2,0,0,1,1,0,0,0,0,0,0,0
2018,11,15,6,2,6,0,0,1,0,0,0,0,0,0,0,0
2021,3,15,3,1,5,0,1,1,0,0,0,1,0,0,2,1
2018,6,9,5,3,6,0,0,1,0,1,0,0,0,0,0,0
2020,9,18,2,1,5,0,1,0,0,0,0,1,0,0,1,0
2020,12,18,3,6,2,2,0,1,1,0,0,0,1,1,2,0
2021,1,16,4,5,2,1,1,1,0,0,0,0,1,1,2,0
2020,9,21,5,5,2,2,1,1,0,0,0,0,1,0,1,0
2018,7,19,7,1,5,0,1,1,0,0,0,0,0,0,0,0
2019,8,16,6,2,6,0,0,1,0,0,0,1,0,0,0,0
2020,6,16,4,9,1,0,0,0,0,1,0,0,0,0,1,1
2019,12,19,7,6,4,2,0,1,1,0,0,0,1,0,0,1
2021,7,11,7,5,2,0,0,1,0,0,0,0,0,0,1,0
2020,9,18,1,2,6,0,0,1,0,0,0,0,0,0,1,0