UJAHR,UMONAT,USTUNDE,UWOCHENTAG,UART,UTYP1,ULICHTVERH,IstRad,IstPKW,IstFuss,IstKrad,IstGkfz,IstSonstige,USTRZUSTAND,LOCKDOWN,COVID,UKATEGORIE
2021,3,18,2,1,5,1,1,1,0,0,0,0,0,0,2,0
2020,4,13,2,0,7,0,1,0,0,0,0,0,0,1,2,0
2019,9,19,5,5,2,2,1,1,0,0,0,0,0,0,0,0
2019,11,6,4,7,7,2,1,0,0,0,0,0,1,0,0,0
2021,5,6,6,6,4,0,0,1,1,0,0,0,1,1,2,0
2019,3,11,6,5,3,0,0,1,0,0,0,0,1,0,0,0
2021,10,2,6,0,1,2,0,0,0,1,0,0,1,0,1,1
2018,4,15,4,6,7,0,1,0,1,0,0,0,0,0,0,0
2020,12,13,5,0,2,0,0,1,0,1,0,0,1,1,2,0
2020,10,13,5,5,2,0,1,1,0,0,0,0,0,1,1,0
2018,5,20,2,5,3,1,1,1,0,0,0,0,0,0,0,0
2019,12,15,5,5,3,1,0,1,0,0,0,0,1,0,0,0
2020,11,14,1,5,2,0,1,1,0,0,0,0,0,1,2,0
2019,7,11,6,5,2,0,0,1,0,0,0,0,0,0,0,0
2020,8,14,4,5,2,0,1,1,0,0,0,0,1,0,1,0
2018,4,17,1,0,1,0,1,0,0,0,0,0,0,0,0,0
2021,7,12,2,5,3,0,0,1,0,0,0,0,1,0,1,0
2018,7,13,3,5,3,0,0,0,0,1,0,1,0,0,0,0
2018,5,15,4,1,1,0,0,1,0,0,0,0,0,0,0,0
2020,6,16,3,2,2,0,0,1,0,1,0,0,0,0,1,0
2018,5,8,4,5,2,0,0,0,0,0,0,1,0,0,0,0
2018,9,18,4,5,3,0,1,1,0,0,0,0,0,0,0,0
2018,4,13,1,2,7,0,1,1,0,0,0,0,0,0,0,0
2021,3,14,3,5,2,0,1,1,0,0,0,0,0,0,2,0
2021,6,12,6,5,2,0,1,1,0,0,0,0,0,0,1,0
2019,5,14,2,5,2,0,1,1,0,0,0,0,0,0,0,0
2020,11,18,3,2,6,2,0,1,0,0,0,0,1,1,2,0
2018,1,17,3,5,2,2,1,1,0,0,0,0,1,0,0,0
2021,12,19,2,2,6,2,0,1,0,0,0,0,1,1,2,0
2019,4,13,4,6,4,0,0,1,1,0,0,0,0,0,0,0
2019,2,16,7,3,2,2,0,1,0,0,0,1,1,0,0,0
2020,8,23,4,5,3,2,1,1,0,0,0,0,0,0,1,0
2020,9,14,3,2,6,0,0,1,0,0,0,0,0,0,1,0
2020,7,14,5,0,1,0,1,0,0,0,0,0,1,0,1,0
2018,2,7,5,5,2,0,1,1,0,0,0,0,0,0,0,0
2018,2,2,1,5,7,2,0,1,0,0,0,0,1,0,0,0
2019,6,9,6,5,3,0,0,1,0,1,0,0,0,0,0,0
2019,4,14,2,6,4,0,1,0,1,0,0,0,0,0,0,0
2020,1,8,5,0,7,0,0,1,0,0,0,0,0,0,0,0
2018,5,15,5,3,6,0,1,1,0,0,0,0,0,0,0,0
2018,7,17,5,5,3,0,1,1,0,0,0,0,0,0,0,0
2018,7,7,2,3,6,0,1,0,0,0,0,1,0,0,0,0
2019,7,5,4,0,6,0,0,0,0,1,0,0,0,0,0,0
2020,5,19,7,3,6,0,1,1,0,0,0,0,0,1,1,0
2018,9,9,4,0,1,0,1,0,0,0,0,0,0,0,0,0
2019,2,14,6,0,1,0,1,0,0,0,0,0,0,0,0,0
2018,8,13,5,6,4,0,0,1,1,0,0,0,0,0,0,0
2019,9,16,3,5,3,0,1,1,0,0,0,0,1,0,0,0
2019,2,22,7,5,3,2,1,1,0,0,0,0,0,0,0,0
2020,8,14,5,5,2,0,1,1,0,0,0,0,0,0,1,0
2019,6,15,5,1,7,0,0,1,0,0,0,0,0,0,0,1
2020,6,18,4,5,3,0,1,1,0,0,0,0,0,0,1,1
2021,9,15,7,5,2,0,0,1,0,0,0,0,0,0,1,0
2021,6,8,1,0,1,0,1,0,0,0,0,0,0,0,1,1
2018,12,17,7,5,2,1,0,1,0,1,0,0,1,0,0,0
2019,10,14,3,3,6,0,0,1,0,0,1,0,0,0,0,1
2019,11,20,6,6,4,2,0,1,1,0,0,0,1,0,0,1
2021,11,8,4,5,2,0,1,0,0,0,0,1,0,0,2,0
2019,2,16,6,5,3,0,0,1,0,0,0,0,0,0,0,0
2018,6,15,5,5,2,0,1,1,0,0,0,0,0,0,0,0
2018,7,9,3,6,3,0,0,1,1,0,0,0,0,0,0,1
2019,9,9,6,2,6,0,1,0,0,0,0,0,1,0,0,0
2020,9,13,4,0,2,0,1,1,0,0,0,0,0,0,1,0
2021,4,11,6,6,2,0,0,1,1,0,0,0,0,1,2,0
2021,5,12,6,6,2,0,0,0,1,0,1,0,0,1,2,1
2018,11,11,7,5,3,0,1,1,0,0,0,0,0,0,0,0
2021,6,18,6,0,4,0,0,1,1,0,0,0,0,0,1,0
2021,11,8,6,2,6,0,0,1,0,0,0,0,1,0,2,0
2018,4,11,6,2,6,0,0,1,0,0,0,0,1,0,0,0
2018,9,15,5,3,6,0,1,1,0,0,0,0,0,0,0,1
2021,4,6,5,5,2,0,0,1,0,0,1,0,0,1,2,0
2021,3,8,6,2,6,0,0,1,0,0,0,1,1,0,2,0
2020,8,18,1,5,7,0,0,1,0,0,0,0,0,0,1,0
2021,3,15,6,0,7,0,0,0,0,0,0,1,0,0,2,0
2019,3,8,4,5,2,0,1,1,0,0,0,0,0,0,0,0
2020,6,13,1,0,1,0,0,0,0,1,0,0,1,0,1,0
2021,12,17,6,2,6,2,0,1,0,0,0,0,0,1,2,0
2021,5,9,5,0,1,0,0,0,0,1,0,0,1,1,2,0
2020,10,17,4,5,3,1,1,1,0,0,0,0,1,1,1,0
2021,7,18,3,5,3,0,1,1,0,0,0,0,0,0,1,0
2021,8,19,2,0,2,0,0,1,0,1,0,0,1,0,1,0
2019,11,19,5,6,3,2,0,1,1,0,0,0,0,0,0,0
2021,10,15,5,2,2,0,1,1,0,0,0,0,1,0,1,0
2018,6,13,1,5,3,0,0,1,1,0,0,1,1,0,0,1
2021,5,13,1,5,2,0,1,1,0,0,0,0,0,1,2,0
2018,2,19,7,6,4,2,0,1,1,0,0,0,0,0,0,1
2019,10,6,5,0,1,2,0,0,0,1,0,0,1,0,0,0
2019,5,13,5,2,2,0,0,1,0,0,0,0,0,0,0,0
2021,12,10,5,5,3,0,0,0,0,0,0,1,0,1,2,0
2019,6,10,2,5,3,0,1,1,0,0,0,0,0,0,0,0
2018,8,8,2,0,1,0,0,0,0,1,0,0,0,0,0,0
2018,2,12,5,6,4,0,0,0,1,0,0,1,0,0,0,0
2018,9,13,4,5,2,0,1,1,0,0,0,0,0,0,0,0
2021,4,14,3,6,4,0,0,1,1,0,0,0,0,1,2,1
2019,10,10,7,0,3,0,0,1,0,1,0,0,0,0,0,0
2021,5,19,4,2,6,0,1,1,0,0,0,0,0,1,2,0
2018,1,15,1,5,3,0,0,1,0,0,0,0,0,0,0,0
2018,9,19,6,3,6,1,1,0,0,1,0,0,0,0,0,0
2019,11,15,3,6,2,0,0,1,1,0,0,0,0,0,0,0
2019,5,12,1,0,2,0,0,1,0,1,0,0,0,0,0,0
2021,8,18,3,5,2,0,1,0,0,0,0,0,0,0,1,0
2018,12,16,3,1,5,2,1,1,0,0,0,1,1,0,0,0
2020,1,11,6,1,5,0,1,1,0,0,0,0,0,0,0,1
2020,10,17,6,3,6,0,1,1,0,0,0,0,0,1,1,0
2019,7,17,4,5,2,0,1,1,0,0,0,0,0,0,0,0
2021,5,7,7,5,3,0,0,1,0,0,0,0,1,1,2,0
2020,5,12,4,6,4,0,0,1,1,0,0,0,0,1,1,1
2021,1,14,4,3,2,0,0,1,0,0,0,1,0,1,2,0
2018,12,10,5,6,7,0,1,0,1,0,0,0,0,0,0,0
2019,3,21,6,5,3,2,1,1,0,0,0,0,0,0,0,0
2021,10,13,7,2,6,0,1,1,0,0,0,0,0,0,1,0
2021,12,13,4,1,5,0,0,0,0,0,1,1,1,1,2,0
2018,11,6,3,2,6,1,0,1,0,0,0,0,1,0,0,0
2021,7,8,2,0,1,0,1,0,0,0,0,0,1,0,1,0
2021,1,17,4,3,6,2,0,1,0,0,0,0,0,1,2,0
2020,7,0,1,0,1,2,1,0,0,0,0,0,0,0,1,0
2020,7,14,6,0,2,0,1,0,0,0,0,1,0,0,1,0
2019,4,14,3,5,2,0,1,0,0,0,1,0,0,0,0,0
2019,8,14,5,0,1,0,1,0,0,0,0,0,0,0,0,1
2021,8,17,5,5,2,0,1,1,0,0,0,0,0,0,1,0
2018,7,20,3,5,2,0,0,1,0,0,0,0,0,0,0,0
2021,10,11,3,3,6,0,1,1,0,0,0,0,0,0,1,0
2021,1,11,7,5,2,0,1,0,0,0,0,1,1,1,2,0
2021,1,14,7,1,5,0,0,1,0,0,0,1,1,1,2,0
2020,6,18,6,5,2,0,1,1,0,0,0,0,0,0,1,0
2019,1,16,3,2,6,2,1,1,0,0,0,0,0,0,0,0
2021,10,14,6,5,3,0,0,1,0,0,0,1,1,0,1,0
2021,1,15,6,5,2,2,1,1,0,0,0,0,1,1,2,0
2019,10,18,2,6,4,1,1,0,1,0,0,0,0,0,0,0
2020,4,11,5,5,3,0,0,1,0,0,0,0,0,1,2,0
2021,6,7,6,2,6,0,0,1,0,0,0,0,1,0,1,0
2019,11,12,6,1,5,0,1,1,0,0,0,0,0,0,0,0
2020,11,9,6,5,3,0,1,1,0,0,0,0,1,1,2,0
2020,1,21,4,5,2,2,1,1,0,0,0,0,0,0,0,0
2020,6,10,2,5,2,0,1,1,0,0,0,0,0,0,1,0
2020,11,19,4,5,2,2,1,1,0,0,0,0,0,1,2,0
2021,12,8,1,5,3,0,1,0,0,0,0,1,1,1,2,0
2020,7,5,2,5,3,0,0,1,0,0,0,0,0,0,1,0
2019,5,11,3,1,5,0,0,1,0,0,0,1,0,0,0,0
2020,7,9,3,3,6,0,1,1,0,0,0,0,0,0,1,0
2019,8,8,6,2,2,0,1,1,0,0,0,0,0,0,0,0
2018,9,14,3,5,2,0,0,1,0,0,0,0,0,0,0,0
2018,6,8,4,0,2,0,1,1,0,0,0,0,0,0,0,0
2019,8,12,2,1,5,0,1,0,0,0,0,1,0,0,0,0
2019,12,6,6,6,2,2,0,1,1,0,0,0,0,0,0,0
2020,1,20,5,5,3,2,0,1,0,0,0,0,1,0,0,0
2019,1,13,1,1,5,0,1,1,0,0,0,0,0,0,0,0
2018,4,11,1,5,2,0,1,1,0,0,0,0,0,0,0,0
2021,6,9,6,1,5,0,1,1,0,0,0,0,0,0,1,0
2020,5,17,5,5,3,0,1,1,0,0,0,0,0,1,1,0
2018,9,14,6,2,2,0,0,1,0,1,0,0,0,0,0,0
2019,4,18,3,5,2,0,1,1,0,0,0,0,0,0,0,0
2020,3,11,7,6,4,0,0,1,1,0,0,0,0,1,1,0
2021,10,13,4,0,3,0,0,1,0,1,0,0,1,0,1,0
2020,3,10,4,6,4,0,0,1,1,0,0,0,0,1,1,0
2020,2,19,5,2,6,2,0,1,0,0,0,0,1,0,0,0
2018,7,15,4,5,3,0,1,1,0,0,0,0,0,0,0,0
2019,12,16,4,5,3,0,0,1,0,0,0,0,0,0,0,0
2019,11,20,7,6,4,2,0,1,1,0,0,0,0,0,0,1
2019,8,17,5,0,7,0,1,0,0,0,0,0,0,0,0,0
2020,7,9,7,2,6,0,0,1,0,0,0,0,0,0,1,0
2020,1,11,5,3,2,0,1,1,0,0,0,0,0,0,0,0
2019,9,21,6,0,1,2,0,0,0,1,0,0,0,0,0,0
2020,10,11,3,2,2,0,0,1,0,0,0,0,0,1,1,0
2019,1,19,6,5,3,2,0,1,0,0,0,0,1,0,0,0
2019,12,10,6,6,4,0,0,1,1,0,0,0,0,0,0,0
2019,4,11,6,1,5,0,1,1,0,0,0,1,0,0,0,0
2021,6,13,5,0,6,0,0,1,0,0,0,1,0,0,1,0
2018,10,17,2,5,7,1,0,1,0,1,0,0,1,0,0,0
2018,5,18,6,6,2,1,0,1,1,0,0,0,0,0,0,0
2020,6,9,2,0,7,0,0,1,0,0,0,0,0,0,1,0
2021,7,6,5,3,6,0,0,1,0,1,0,0,0,0,1,0
2019,7,14,5,5,7,0,0,0,0,1,0,1,0,0,0,0
2020,6,11,6,5,2,0,0,1,0,0,0,1,0,0,1,0
2018,4,19,6,2,6,1,0,1,0,0,0,0,0,0,0,0
2020,9,9,5,5,3,0,0,1,0,1,0,0,0,0,1,0
2018,5,16,2,5,3,0,0,1,0,0,0,0,0,0,0,0
2019,3,22,6,6,2,2,0,1,1,0,0,0,0,0,0,1
2018,8,16,6,5,2,0,0,1,0,0,0,0,0,0,0,0
2019,6,14,3,5,3,0,1,1,0,0,0,0,0,0,0,0
2021,6,8,5,5,3,0,1,0,0,0,0,1,0,0,1,1
2020,2,22,5,5,3,2,0,1,0,0,0,0,1,0,0,0
2019,12,20,3,0,1,2,0,0,0,1,0,0,2,0,0,0
2020,3,12,5,6,7,0,0,1,1,0,0,0,0,1,1,0
2018,1,2,6,8,1,2,0,1,0,0,0,0,1,0,0,0
2021,2,17,3,3,6,0,0,1,0,1,0,0,0,1,2,0
2019,5,8,5,0,1,0,0,0,0,1,0,0,0,0,0,1
2020,5,20,6,5,3,0,0,1,0,0,0,0,0,1,1,0
2018,6,7,5,5,2,0,1,1,0,0,0,0,0,0,0,0
2019,9,18,6,1,5,0,0,1,0,0,0,0,0,0,0,0
2019,12,12,5,5,3,0,1,0,0,0,0,0,0,0,0,0
2020,9,9,3,5,2,0,1,0,0,0,0,1,0,0,1,0
2018,12,19,2,5,3,2,0,1,0,0,0,0,1,0,0,0
2019,2,8,6,2,6,0,0,1,0,0,0,1,0,0,0,0
2020,10,19,6,5,3,1,0,1,0,0,0,1,1,1,1,1
2019,9,11,7,5,2,0,1,1,0,0,0,0,0,0,0,0
2020,11,12,6,5,3,0,0,1,0,0,1,0,0,1,2,0
2019,10,20,6,2,6,2,0,1,0,0,0,0,1,0,0,0
2018,9,9,6,0,1,0,0,0,1,1,0,0,1,0,0,0
2018,4,21,7,5,2,2,1,1,0,0,0,0,0,0,0,0
2019,8,14,6,5,3,0,0,0,0,1,0,1,0,0,0,0
2018,9,15,6,5,3,0,1,1,0,0,0,0,0,0,0,0
2021,11,13,7,3,6,0,0,1,0,0,0,0,0,0,2,0
2021,4,17,6,1,5,0,1,1,0,0,0,0,0,1,2,0
2019,9,11,1,2,2,0,0,1,0,0,0,0,0,0,0,0
2018,6,14,4,2,6,0,0,1,0,0,0,0,0,0,0,0
2020,12,18,4,5,2,2,1,1,0,0,0,0,0,1,2,0
2020,10,14,3,6,4,0,0,1,1,0,0,0,0,1,1,1
2019,9,15,6,5,2,0,1,1,0,0,0,0,0,0,0,1
2021,12,0,1,6,4,2,0,1,1,0,0,0,0,1,2,0
2020,7,13,5,5,3,0,1,0,0,0,0,0,0,0,1,0
2019,7,9,5,3,6,0,1,0,0,0,1,0,0,0,0,1
2021,10,15,3,5,2,0,0,1,0,1,0,0,0,0,1,0
2020,8,11,5,1,7,0,1,1,0,0,0,0,0,0,1,0
2020,1,22,6,6,4,2,0,1,1,0,0,0,0,0,0,0
2021,7,14,6,5,2,0,1,1,0,0,0,0,1,0,1,0
2020,7,8,2,0,3,0,1,1,0,0,0,0,0,0,1,0
2018,10,21,1,6,4,2,0,1,1,0,0,0,0,0,0,1
2021,7,16,6,1,5,0,1,1,0,0,0,0,0,0,1,0
2018,8,8,4,5,3,0,1,1,0,0,0,0,0,0,0,0
2019,9,8,5,1,5,0,1,1,0,0,0,0,0,0,0,0
2018,5,20,5,5,3,1,0,1,0,1,0,0,0,0,0,0
2019,5,13,3,4,6,0,0,1,0,0,0,0,0,0,0,1
2020,8,10,5,0,1,0,1,0,0,0,0,0,0,0,1,0
2020,5,14,6,5,2,0,1,1,0,0,0,0,0,1,1,1
2021,1,11,3,2,6,0,0,1,0,0,0,0,1,1,2,0
2019,5,17,7,0,1,0,0,0,0,1,0,0,1,0,0,1
2018,11,11,6,5,3,0,0,1,0,0,0,0,0,0,0,0
2021,7,11,2,2,6,0,0,1,0,0,0,0,0,0,1,0
2018,2,18,2,6,4,2,0,0,1,0,0,1,0,0,0,1
2020,8,9,2,5,3,0,1,0,0,0,0,1,0,0,1,0
2020,9,18,3,2,2,0,0,1,0,1,0,0,0,0,1,0
2020,1,7,3,6,2,1,0,1,1,0,0,0,1,0,0,0
2018,9,18,2,5,7,1,0,1,0,1,0,0,1,0,0,0
2019,9,20,5,6,4,2,0,1,1,0,0,0,0,0,0,0
2019,1,11,6,2,7,0,0,1,0,0,0,0,1,0,0,0
2019,2,13,5,5,3,0,1,0,0,0,0,0,0,0,0,0
2020,6,16,3,5,2,0,1,1,0,0,0,0,0,0,1,0
2018,4,21,5,5,3,2,0,1,0,0,0,0,0,0,0,0
2021,11,6,2,5,2,1,1,1,0,0,0,0,0,0,2,1
2020,9,14,4,6,4,0,0,1,1,0,0,0,0,0,1,0
2021,8,20,4,5,2,2,1,1,0,0,0,0,1,0,1,0
2018,6,15,7,6,4,0,0,1,1,0,0,0,1,0,0,0
2020,7,16,3,3,6,0,1,0,0,0,0,0,0,0,1,0
2018,6,22,5,8,1,2,0,1,0,0,0,0,0,0,0,0
2020,7,17,1,5,3,0,1,1,0,0,0,0,0,0,1,0
2018,12,6,5,5,2,1,1,1,0,0,0,0,0,0,0,0
2018,5,14,4,5,3,0,0,1,0,1,0,0,0,0,0,0
2021,6,14,4,5,3,0,1,1,0,0,0,0,0,0,1,0
2021,3,11,6,5,3,0,1,1,0,0,0,0,0,0,2,1
2018,3,17,2,5,2,0,1,1,0,0,0,0,0,0,0,0
2018,4,17,6,5,3,0,0,1,0,0,0,0,0,0,0,0
2020,9,12,6,5,3,0,0,1,0,0,0,0,1,0,1,0
2020,6,17,5,5,3,0,1,1,0,0,0,0,0,0,1,0
2020,2,9,1,6,4,0,0,1,1,0,0,0,1,0,0,1
2019,12,18,5,2,2,2,1,1,0,0,0,0,0,0,0,0
2020,7,7,5,5,2,0,1,1,0,0,0,0,1,0,1,0
2021,5,17,6,2,6,0,0,1,0,1,0,0,0,1,2,0
2018,3,16,3,5,2,0,0,1,0,0,0,0,0,0,0,0
2021,7,20,1,1,5,1,0,1,0,0,0,1,0,0,1,0
2019,4,19,1,2,6,0,0,1,0,0,0,0,0,0,0,0
2018,9,11,3,5,2,0,1,1,0,0,0,0,0,0,0,0
2018,8,17,6,2,2,0,0,1,0,0,0,1,0,0,0,0
2019,11,19,1,0,7,2,0,0,1,0,0,1,0,0,0,1
2021,8,18,5,5,2,0,0,1,0,0,0,1,0,0,1,0
2021,3,16,3,1,5,0,1,0,0,0,0,1,0,0,2,1
2018,8,17,6,5,2,0,0,1,0,1,0,0,0,0,0,0
2019,5,12,6,2,6,0,0,1,0,0,0,0,0,0,0,0
2018,1,14,5,1,5,0,0,1,0,0,0,0,1,0,0,0
2019,7,18,3,5,2,0,1,1,0,0,0,0,0,0,0,0
2020,4,14,2,3,5,0,0,1,0,1,0,0,0,1,2,0
2019,10,13,7,5,3,0,1,1,0,0,0,0,0,0,0,0
2019,3,18,1,0,6,2,0,1,0,1,0,0,1,0,0,0
2020,9,8,5,3,2,0,1,0,0,1,0,0,0,0,1,0
2018,8,16,7,5,3,0,1,1,0,0,0,0,1,0,0,1
2018,12,12,6,5,3,0,0,1,0,0,0,0,1,0,0,0
2018,11,14,7,5,3,0,1,0,0,0,0,1,0,0,0,0
2018,2,14,5,2,2,0,0,1,0,0,0,0,0,0,0,0
2021,9,14,3,2,6,0,0,1,0,0,0,0,0,0,1,0
2019,7,19,2,4,2,0,1,1,0,0,0,0,0,0,0,0
2020,2,8,6,2,2,0,0,1,0,0,0,0,1,0,0,0
2021,7,15,6,5,3,0,1,1,0,0,0,0,0,0,1,1
2020,2,17,2,2,6,2,0,1,0,0,0,0,1,0,0,0
2021,8,13,2,6,2,0,0,0,1,0,0,1,0,0,1,0
2021,3,4,2,6,2,2,0,1,1,0,0,0,0,0,2,0
2019,8,17,7,1,5,0,1,0,0,0,0,1,0,0,0,0
2019,1,18,7,4,6,2,0,1,0,0,0,0,1,0,0,0
2018,5,23,6,1,1,2,0,1,0,0,0,1,0,0,0,0
2019,7,19,4,5,3,0,0,1,0,0,0,0,0,0,0,0
2020,5,17,4,2,6,0,0,1,0,1,0,0,0,1,1,0
2020,8,19,5,5,2,0,1,1,0,0,0,0,0,0,1,0
2018,3,9,7,5,3,0,0,1,0,0,1,0,1,0,0,0
2020,10,11,7,5,2,0,1,1,0,0,0,0,0,1,1,0
2020,3,12,4,3,6,0,0,1,0,1,0,0,0,1,1,1
2019,10,13,6,5,3,0,0,1,0,1,0,0,0,0,0,0
2020,9,16,4,0,2,0,1,1,0,0,0,0,0,0,1,0
2018,4,9,6,8,1,0,0,0,0,1,0,0,0,0,0,0
2021,5,1,4,0,1,2,0,1,0,0,0,0,0,1,2,0
2020,6,12,2,2,6,0,0,1,0,0,0,1,0,0,1,0
2018,6,17,6,0,4,0,0,1,1,1,0,0,0,0,0,0
2020,12,15,1,5,2,1,0,1,0,0,0,0,0,1,2,0
2021,10,8,4,2,6,0,0,1,0,0,0,0,0,0,1,0
2021,7,15,5,4,6,0,0,1,0,0,0,1,0,0,1,0
2018,10,11,7,1,5,0,1,1,0,0,0,0,0,0,0,1
2018,4,11,5,6,4,0,0,1,1,0,0,0,0,0,0,1
2020,9,17,4,3,6,0,1,1,0,0,0,0,0,0,1,0
2020,2,16,1,5,2,1,0,1,0,1,0,0,1,0,0,0
2018,3,14,2,5,2,0,1,1,0,0,0,0,0,0,0,0
2019,10,17,3,0,1,1,0,1,0,0,0,1,1,0,0,0
2021,10,18,6,2,7,1,0,1,0,0,0,1,0,0,1,0
2018,6,19,5,5,7,0,0,1,0,1,0,0,0,0,0,1
2021,10,21,7,0,3,0,0,1,0,0,0,1,0,0,1,0
2020,11,9,5,5,3,0,1,1,0,0,0,0,0,1,2,0
2019,5,16,3,0,1,0,1,0,0,0,0,0,0,0,0,1
2020,6,14,2,5,2,0,0,1,0,0,0,0,0,0,1,0
2018,3,8,5,2,6,0,0,1,0,0,0,0,0,0,0,0
2018,6,8,6,1,5,0,1,1,0,0,0,0,0,0,0,0
2018,4,9,6,0,2,0,1,0,0,0,0,1,1,0,0,0
2019,9,0,7,1,3,2,1,1,0,0,0,0,0,0,0,0
2018,2,23,5,2,6,2,0,1,0,0,0,0,1,0,0,0
2018,10,10,6,5,3,0,0,1,0,0,0,0,0,0,0,0
2019,6,17,5,5,2,0,1,0,0,0,0,1,0,0,0,0
2019,1,17,7,5,2,2,1,0,0,0,0,1,0,0,0,0
2020,5,10,5,6,7,0,0,0,1,0,1,0,0,1,1,0
2018,1,16,5,5,2,1,0,1,0,0,1,0,1,0,0,0
2020,9,14,7,5,2,0,1,1,0,0,0,0,0,0,1,0
2020,2,14,4,1,5,0,1,0,0,0,0,1,1,0,0,0
2020,8,20,1,1,5,1,1,1,0,0,0,0,1,0,1,0
2021,5,16,1,0,1,0,1,0,0,0,0,0,0,1,2,0
2018,6,17,3,3,7,0,1,0,0,0,0,0,0,0,0,0
2020,1,18,2,0,1,2,0,0,0,1,0,0,1,0,0,0
2020,9,14,4,5,3,0,1,0,0,0,0,0,0,0,1,0
2018,9,16,4,2,6,0,0,1,0,1,0,0,0,0,0,0
2021,6,10,3,6,4,0,0,1,1,0,0,0,0,0,1,1
2021,11,18,2,2,6,2,0,1,0,0,0,0,0,0,2,0
2021,7,9,2,5,3,0,0,1,0,0,0,0,0,0,1,0
2021,1,15,6,2,6,0,0,1,0,0,0,0,1,1,2,0
2021,5,17,1,5,2,0,1,1,0,0,0,0,0,1,2,0
2020,6,8,4,5,2,0,0,1,0,0,0,0,0,0,1,0
2021,5,18,6,1,5,0,1,1,0,0,0,0,1,1,2,0
2020,3,11,6,2,7,0,0,1,0,0,0,0,1,1,1,0
2018,11,9,5,5,2,0,1,1,0,0,0,0,0,0,0,0
2019,5,11,7,5,3,0,0,1,0,0,0,0,0,0,0,0
2019,4,15,2,5,3,0,1,1,0,0,0,0,0,0,0,0
2018,5,10,6,1,5,0,0,1,0,0,0,0,0,0,0,0
2021,9,7,3,5,2,0,0,1,0,1,0,0,0,0,1,0
2018,8,19,5,5,2,0,0,1,0,0,0,0,0,0,0,0
2018,6,16,4,2,6,0,0,1,0,0,0,0,0,0,0,0
2018,12,17,5,5,3,1,0,1,0,0,0,1,0,0,0,0
2021,4,16,1,0,7,0,0,0,0,1,0,0,0,1,2,0
2020,2,6,6,1,5,2,0,1,0,0,0,1,0,0,0,0
2021,6,14,6,5,3,0,1,1,0,0,0,0,0,0,1,0
2021,6,20,2,5,3,0,0,1,0,0,0,0,0,0,1,0
2019,6,17,6,3,6,0,0,1,0,1,0,0,0,0,0,1
2020,10,19,2,0,4,2,0,0,1,1,0,0,1,1,1,0
2021,3,16,3,2,6,0,0,1,0,0,1,0,0,0,2,0
2021,7,4,4,1,5,1,0,1,0,0,0,0,1,0,1,0
2020,10,15,3,1,7,0,0,1,0,0,0,0,0,1,1,0
2021,9,21,7,2,6,2,0,1,0,0,0,0,0,0,1,0
2019,7,19,5,1,1,0,1,1,0,0,0,0,0,0,0,0
2019,7,19,1,0,1,0,1,0,0,0,0,0,0,0,0,0
2021,5,11,2,5,2,0,1,0,0,0,0,1,0,1,2,0
2020,8,17,3,1,5,0,1,1,0,0,0,0,0,0,1,0
2019,4,17,5,0,7,0,1,0,0,0,0,0,0,0,0,1
2020,6,8,3,2,7,0,1,0,0,0,0,1,0,0,1,0
2021,10,12,6,5,2,0,1,1,0,0,0,0,0,0,1,0
2019,8,14,7,2,6,0,0,1,0,0,0,1,0,0,0,0
2019,8,13,5,5,7,0,0,1,0,0,0,1,0,0,0,0
2018,8,19,5,5,2,2,1,1,0,0,0,0,1,0,0,0
2018,11,14,1,5,3,0,1,1,0,0,0,0,0,0,0,1
2018,5,10,2,5,3,0,0,1,0,0,0,0,0,0,0,0
2021,4,11,3,5,3,0,0,1,0,0,0,0,0,1,2,0
2021,8,15,3,2,6,0,0,1,0,1,0,0,0,0,1,0
2019,2,7,3,6,4,0,1,0,1,0,0,0,0,0,0,0
2020,7,15,3,5,3,0,1,0,0,0,0,1,0,0,1,1
2020,1,23,7,5,2,2,0,1,0,0,0,1,0,0,0,0
2020,5,9,2,2,6,0,1,0,0,0,0,0,0,1,1,0
2019,5,17,4,0,1,0,1,0,0,0,0,0,0,0,0,0
2020,10,12,5,1,7,0,0,1,0,0,0,0,1,1,1,0
2021,5,18,7,5,7,0,0,1,0,1,0,0,1,1,2,0
2020,10,6,6,0,1,1,1,0,0,0,0,0,0,1,1,1
2020,11,12,2,5,3,0,1,1,0,0,0,0,0,1,2,0
2021,9,20,1,5,2,2,0,1,0,0,0,0,0,0,1,0
2018,6,15,5,2,3,0,0,1,0,1,0,0,1,0,0,0
2018,6,19,4,5,2,0,0,1,0,1,0,0,0,0,0,0
2019,1,17,7,6,4,2,0,1,1,0,0,0,2,0,0,0
2020,10,14,4,2,6,0,0,1,0,1,0,0,1,1,1,1
2021,5,16,7,3,6,0,1,0,0,0,0,1,0,1,2,0
2018,6,18,7,2,6,0,0,1,0,0,1,0,0,0,0,0
2019,5,10,3,5,3,0,1,1,0,0,0,0,0,0,0,0
2018,8,16,2,2,6,0,0,1,0,0,0,0,0,0,0,0
2019,6,12,5,5,3,0,0,1,0,1,0,0,0,0,0,1
2020,10,15,4,2,6,0,1,0,0,0,0,0,1,1,1,0