UJAHR,UMONAT,USTUNDE,UWOCHENTAG,UART,UTYP1,ULICHTVERH,IstRad,IstPKW,IstFuss,IstKrad,IstGkfz,IstSonstige,USTRZUSTAND,LOCKDOWN,COVID,UKATEGORIE
2021,9,17,3,2,6,0,0,1,0,1,0,0,0,0,1,0
2018,12,18,2,2,6,2,0,1,0,0,0,1,0,0,0,0
2018,10,22,5,5,2,2,1,1,0,0,0,0,0,0,0,0
2020,8,18,2,1,5,0,1,1,0,0,0,0,0,0,1,0
2021,6,15,4,2,6,0,0,1,0,0,0,0,0,0,1,0
2021,9,11,5,4,7,0,0,0,0,0,1,1,0,0,1,0
2020,2,15,5,6,6,0,1,0,1,0,0,0,0,0,0,0
2018,9,15,1,2,6,0,1,0,0,0,0,0,0,0,0,0
2019,6,14,2,3,6,0,0,1,0,1,0,0,0,0,0,0
2019,6,21,1,1,5,1,1,1,0,0,0,1,0,0,0,0
2020,6,10,4,0,7,0,0,0,0,0,1,0,0,0,1,1
2020,9,18,3,4,6,0,1,0,0,0,0,1,0,0,1,0
2020,9,11,5,5,3,0,1,1,0,0,0,0,0,0,1,0
2019,10,9,1,5,7,0,1,1,0,0,0,0,0,0,0,0
2020,10,17,2,1,7,0,1,1,0,0,0,0,0,1,1,0
2019,9,8,5,0,2,0,1,1,0,0,0,0,0,0,0,0
2019,11,16,6,0,6,1,0,0,0,0,0,1,1,0,0,0
2019,11,12,2,3,6,0,1,1,0,0,0,0,0,0,0,1
2020,9,15,7,2,6,0,0,1,0,0,0,0,1,0,1,0
2021,8,11,3,5,2,0,1,1,0,0,0,0,0,0,1,0
2021,8,13,7,5,3,0,1,1,0,0,0,0,0,0,1,0
2021,9,13,7,5,2,0,0,1,0,0,1,0,0,0,1,0
2019,10,13,4,2,6,0,0,1,0,0,1,0,0,0,0,0
2021,3,15,3,2,7,0,0,1,0,0,0,1,0,0,2,0
2021,7,13,6,2,6,0,0,1,0,0,0,0,0,0,1,0
2018,9,5,5,5,3,2,1,1,0,0,0,0,0,0,0,0
2021,5,16,1,6,2,0,0,1,1,0,0,0,1,1,2,1
2021,9,16,2,5,3,0,1,1,0,0,0,0,0,0,1,0
2020,1,13,4,6,4,0,0,1,1,0,0,0,0,0,0,0
2020,1,12,6,0,1,0,1,0,0,0,0,0,1,0,0,0
2019,1,13,6,5,2,0,1,1,0,0,0,0,1,0,0,0
2021,10,17,7,5,3,1,1,1,0,0,0,0,0,0,1,1
2018,9,11,3,5,3,0,1,0,0,0,0,1,0,0,0,1
2018,3,15,2,2,6,0,0,1,0,0,0,0,0,0,0,0
2019,6,18,4,0,1,1,1,0,0,0,0,0,1,0,0,0
2019,11,17,4,0,5,2,0,1,1,0,0,1,1,0,0,0
2020,5,20,1,2,6,0,0,1,0,0,0,0,0,1,1,1
2019,1,8,4,1,5,0,1,1,0,0,0,0,0,0,0,0
2021,3,7,6,5,2,0,1,1,0,0,0,0,0,0,2,0
2019,7,10,3,1,5,0,0,1,0,1,0,0,0,0,0,1
2018,12,9,3,1,5,0,1,1,0,0,0,0,1,0,0,0
2019,2,11,5,2,6,0,0,1,0,0,0,0,0,0,0,0
2020,8,19,5,5,2,0,1,0,0,0,0,1,0,0,1,1
2021,12,6,4,5,3,2,1,0,0,0,0,1,2,1,2,0
2018,4,18,3,5,2,0,0,1,0,1,0,0,0,0,0,0
2019,4,21,6,5,3,2,0,1,0,0,0,0,0,0,0,0
2018,1,16,7,6,4,0,0,1,1,0,0,0,0,0,0,0
2019,5,14,5,5,7,0,1,1,0,0,0,0,1,0,0,0
2019,11,16,3,5,2,2,0,1,0,0,0,0,0,0,0,0
2021,6,11,2,2,6,0,1,1,0,0,0,0,0,0,1,0
2020,2,14,6,5,2,0,1,1,0,0,0,0,0,0,0,0
2020,3,18,1,5,2,2,0,1,0,0,0,0,0,1,1,0
2021,12,17,6,2,1,2,0,1,0,0,0,0,0,1,2,0
2018,7,16,7,6,4,0,0,1,1,0,0,0,0,0,0,0
2019,6,19,4,0,1,1,1,0,0,0,0,0,1,0,0,0
2019,5,22,7,2,5,2,1,1,0,0,0,0,0,0,0,0
2019,5,9,4,5,2,0,1,0,0,0,0,1,0,0,0,0
2018,9,19,1,6,4,1,0,1,1,0,0,0,1,0,0,1
2021,8,21,4,5,2,2,1,0,0,0,0,0,0,0,1,0
2019,2,12,3,5,3,0,0,1,0,0,0,0,0,0,0,0
2018,10,21,5,3,6,2,0,1,0,0,0,1,0,0,0,0
2021,6,18,6,5,3,0,1,1,0,0,0,0,0,0,1,0
2021,10,13,4,2,2,0,0,1,0,1,0,0,0,0,1,0
2020,9,17,5,5,3,0,0,1,0,0,0,1,0,0,1,0
2020,11,20,7,2,6,2,0,1,0,0,0,1,0,1,2,0
2018,3,18,2,5,2,2,1,1,0,0,0,0,1,0,0,0
2018,9,18,7,5,2,0,0,1,0,1,0,0,0,0,0,1
2020,8,11,3,5,2,0,1,1,0,0,0,0,0,0,1,0
2019,9,11,5,5,2,0,1,1,0,0,0,0,0,0,0,0
2021,6,12,4,6,4,0,1,0,1,0,0,0,0,0,1,0
2020,2,15,5,5,3,0,1,1,0,0,0,0,0,0,0,0
2020,5,17,4,5,2,0,1,1,0,0,0,0,0,1,1,0
2019,8,13,4,2,6,0,0,1,0,0,0,0,0,0,0,0
2020,5,15,4,1,1,0,1,0,0,0,1,0,0,1,1,1
2020,7,6,3,5,2,0,1,1,0,0,0,0,0,0,1,0
2021,7,16,3,6,2,0,0,1,1,0,0,0,0,0,1,0
2018,12,15,3,3,6,1,0,1,0,1,0,1,0,0,0,0
2020,10,9,2,5,3,0,0,1,0,0,0,0,1,1,1,0
2018,5,0,6,1,5,2,1,1,0,0,0,0,0,0,0,0
2021,7,12,6,5,7,0,0,1,0,0,0,0,0,0,1,0
2021,4,18,7,5,3,0,0,1,0,0,0,0,0,1,2,0
2019,8,9,4,5,3,0,0,1,0,0,0,1,0,0,0,0
2018,7,8,3,6,4,0,0,1,1,0,0,0,0,0,0,1
2019,9,12,6,5,2,0,0,1,0,0,0,0,0,0,0,1
2018,5,13,2,2,6,0,1,1,0,0,0,0,0,0,0,0
2021,1,15,3,5,2,0,1,1,0,0,0,0,0,1,2,0
2021,2,11,3,2,6,0,0,1,0,0,0,0,0,1,2,1
2019,8,19,7,0,1,0,1,0,0,0,0,0,0,0,0,0
2019,4,18,7,6,4,0,0,1,1,0,0,0,0,0,0,0
2021,10,13,5,5,2,0,1,1,0,0,0,0,0,0,1,0
2021,6,19,5,6,4,0,0,1,1,0,0,0,0,0,1,1
2019,7,18,2,2,6,0,0,1,0,0,0,0,1,0,0,0
2018,4,14,7,5,3,0,1,1,0,0,0,0,0,0,0,0
2021,12,16,1,5,3,1,0,1,0,0,0,0,1,1,2,0
2018,5,9,3,5,2,0,1,1,0,0,0,0,0,0,0,0
2020,12,17,4,6,2,2,0,1,1,0,0,0,1,1,2,0
2021,10,14,6,0,1,0,1,0,0,0,0,0,0,0,1,0
2020,6,14,4,2,2,0,0,1,0,0,0,1,0,0,1,0
2018,12,16,4,6,4,1,1,0,1,0,0,0,0,0,0,1
2018,9,14,1,2,6,0,0,1,0,0,0,0,0,0,0,0
2018,9,16,5,5,3,0,1,1,0,0,0,0,0,0,0,0
2018,2,8,4,6,4,0,1,0,1,0,0,0,0,0,0,1
2021,8,15,3,5,3,0,0,1,0,0,0,1,0,0,1,0
2020,1,12,6,6,2,0,0,1,1,0,0,0,0,0,0,0
2021,12,18,1,5,2,2,1,1,0,0,0,0,1,1,2,0
2019,8,11,7,5,2,0,1,1,0,0,0,0,0,0,0,0
2018,9,9,4,5,2,0,1,1,0,0,0,0,0,0,0,0
2021,11,16,5,6,4,2,0,1,1,0,0,0,1,0,2,1
2021,8,12,1,1,5,0,0,1,0,0,0,1,0,0,1,0
2021,8,3,5,5,2,2,0,1,0,0,0,0,0,0,1,0
2020,3,10,4,5,2,0,1,0,0,0,0,1,0,1,1,0
2019,7,10,3,5,2,0,0,1,0,0,0,0,0,0,0,1
2019,4,8,4,5,2,0,1,1,0,0,0,0,0,0,0,0
2019,2,22,3,0,2,2,0,1,0,1,0,0,0,0,0,0
2019,7,21,4,5,3,2,1,1,0,0,0,0,1,0,0,0
2018,12,14,3,6,2,0,0,1,1,0,0,0,1,0,0,0
2021,6,15,3,2,6,0,0,1,0,0,0,0,0,0,1,0
2019,4,14,2,5,3,0,1,0,0,0,0,1,0,0,0,0
2018,10,17,3,5,2,1,0,1,0,0,0,1,1,0,0,0
2019,10,16,1,0,1,0,0,0,0,1,0,0,0,0,0,0
2019,12,7,4,0,6,1,0,1,0,0,0,1,0,0,0,0
2019,6,9,3,1,5,0,1,1,0,0,0,0,0,0,0,0
2021,9,18,3,5,2,0,1,1,0,0,0,0,0,0,1,0
2021,12,7,4,6,4,1,0,1,1,0,0,0,1,1,2,0
2019,6,7,5,5,2,0,1,0,0,0,0,1,0,0,0,0
2018,11,17,1,3,6,1,0,1,0,0,0,0,0,0,0,0
2019,8,6,4,5,3,0,1,1,0,0,0,0,0,0,0,1
2020,5,18,1,5,3,0,1,1,0,0,0,0,0,1,1,0
2018,11,23,7,1,5,2,1,1,0,0,0,0,0,0,0,0
2021,5,8,5,3,6,0,0,1,0,1,0,0,0,1,2,0
2021,11,17,4,5,3,2,0,1,0,1,0,0,0,0,2,0
2020,3,15,5,5,2,0,1,1,0,0,0,0,0,1,1,0
2020,9,20,5,5,2,2,1,1,0,0,0,0,0,0,1,0
2021,2,14,1,5,2,0,1,0,0,0,0,0,0,1,2,0
2021,9,2,1,8,1,2,0,1,0,0,0,0,0,0,1,1
2018,8,7,4,3,6,0,0,0,0,1,0,1,0,0,0,0
2018,5,18,2,5,3,0,1,1,0,0,0,0,0,0,0,0
2019,10,15,6,5,3,0,0,1,0,1,0,0,0,0,0,1
2019,1,17,4,5,2,2,1,1,0,0,0,0,0,0,0,0
2019,12,12,1,2,6,0,0,1,0,0,0,0,1,0,0,1
2019,4,3,6,8,1,2,0,1,0,0,0,1,0,0,0,1
2018,10,11,2,5,3,0,1,1,0,0,0,0,0,0,0,0
2018,9,8,3,0,1,0,0,0,0,1,0,0,0,0,0,0
2020,2,17,2,5,3,2,1,1,0,0,0,0,1,0,0,0
2020,9,12,5,5,3,0,1,1,0,0,0,0,0,0,1,0
2018,12,14,7,2,6,0,0,1,0,0,0,0,1,0,0,0
2019,2,15,7,5,2,0,0,1,0,0,0,0,0,0,0,0
2018,1,9,2,6,4,0,0,1,1,0,0,0,0,0,0,1
2021,7,22,4,5,3,2,0,1,0,0,0,0,0,0,1,0
2019,1,8,2,6,4,0,0,1,1,0,0,0,1,0,0,1
2021,12,16,7,3,6,1,0,1,0,0,0,0,1,1,2,0
2019,1,11,2,6,2,0,0,1,1,0,0,0,1,0,0,0
2019,7,6,4,5,2,0,1,0,0,0,0,1,0,0,0,0
2020,1,10,5,2,7,0,1,1,0,0,0,0,0,0,0,0
2018,11,17,2,2,6,2,0,1,0,0,0,0,0,0,0,0
2021,1,15,3,2,6,0,0,1,0,0,0,1,1,1,2,0
2019,4,8,3,5,3,0,0,1,0,0,0,0,0,0,0,0
2021,9,9,3,1,5,0,0,1,0,0,0,0,0,0,1,0
2021,12,19,2,1,5,2,1,1,0,0,0,0,0,1,2,0
2018,5,19,6,5,3,1,1,0,0,0,0,0,0,0,0,0
2018,6,12,3,5,3,0,1,0,0,0,0,0,0,0,0,0
2020,12,10,6,6,2,0,0,1,1,0,0,0,0,1,2,0
2019,5,6,1,1,5,0,0,1,0,0,0,0,0,0,0,0
2020,5,19,2,2,2,0,1,1,0,0,0,0,0,1,1,0
2019,12,15,2,5,3,1,0,1,0,0,0,1,1,0,0,0
2019,7,16,3,0,1,0,1,0,0,0,0,0,0,0,0,0
2019,2,11,4,9,1,0,0,1,0,0,0,0,0,0,0,0
2019,6,13,5,5,7,0,1,1,0,0,0,0,0,0,0,0
2020,5,19,1,2,2,0,0,1,0,0,0,0,1,1,1,0
2020,7,20,5,2,7,0,1,0,0,0,0,0,0,0,1,0
2019,3,15,7,5,2,0,0,1,0,0,0,0,0,0,0,0
2020,1,13,5,2,6,0,0,1,0,0,0,0,1,0,0,0
2018,8,0,6,5,3,2,0,1,0,0,0,0,0,0,0,1
2020,9,18,3,1,5,0,1,1,0,0,0,0,0,0,1,0
2020,7,2,6,1,5,2,0,1,0,0,0,0,0,0,1,0
2019,10,9,5,6,2,0,0,0,1,1,0,0,0,0,0,0
2018,6,14,2,3,6,0,0,1,0,1,0,0,0,0,0,0
2019,2,2,6,5,3,2,0,1,0,0,0,0,1,0,0,1
2021,8,6,6,5,3,1,0,1,0,0,0,0,1,0,1,0
2018,11,9,6,0,1,0,1,0,0,0,0,0,1,0,0,0
2019,12,7,2,5,2,0,1,1,0,0,0,0,0,0,0,0
2021,1,16,7,5,2,2,0,1,0,0,0,0,1,1,2,0
2018,8,17,4,6,4,0,0,1,1,0,0,0,0,0,0,1
2019,10,19,6,5,7,2,0,1,0,0,0,0,0,0,0,0
2019,12,9,4,1,5,0,1,1,0,0,0,1,0,0,0,0
2019,7,13,6,5,2,0,1,1,0,0,0,0,0,0,0,0
2021,11,10,1,0,1,0,1,0,0,0,0,0,1,0,2,0
2018,6,10,6,5,3,0,0,0,0,1,0,1,0,0,0,0
2020,10,21,4,3,6,2,0,0,0,1,0,1,0,1,1,0
2018,2,18,6,5,3,2,0,1,0,0,0,0,1,0,0,0
2019,12,9,6,6,4,0,0,1,1,0,0,0,1,0,0,0
2019,8,17,4,1,5,0,0,1,0,1,0,0,0,0,0,0
2019,6,15,6,2,6,0,0,1,0,0,0,1,0,0,0,0
2020,6,17,4,2,6,0,0,1,0,0,0,0,0,0,1,0
2021,7,18,6,5,2,0,0,1,0,1,0,0,0,0,1,0
2019,3,9,6,1,7,0,0,1,0,0,0,0,0,0,0,0
2018,3,19,2,6,2,2,0,1,1,0,0,0,1,0,0,0
2020,2,8,4,5,2,0,1,1,0,0,0,0,1,0,0,0
2019,6,10,5,0,2,0,1,0,0,1,0,0,0,0,0,0
2018,11,9,6,6,4,0,0,1,1,0,0,0,1,0,0,0
2018,9,10,5,2,6,0,1,0,0,0,0,1,0,0,0,0
2018,7,9,6,5,2,0,1,1,0,0,0,0,0,0,0,0
2019,9,10,4,2,2,0,0,1,0,0,0,0,1,0,0,0
2019,7,9,5,5,2,0,0,1,0,0,0,0,0,0,0,0
2019,11,14,6,5,3,0,1,1,0,0,0,0,0,0,0,0
2018,2,3,6,5,3,2,0,1,0,0,0,0,0,0,0,0
2019,5,21,6,5,3,2,1,1,0,0,0,0,0,0,0,1
2021,10,10,3,5,2,0,1,0,0,0,1,0,1,0,1,1
2021,3,15,7,5,3,0,1,1,0,0,0,0,0,0,2,0
2019,10,16,3,2,6,0,0,1,0,0,0,0,1,0,0,0
2021,4,14,5,1,5,0,0,1,0,0,0,0,1,1,2,0
2019,4,18,4,2,6,0,0,1,0,0,0,0,0,0,0,0
2020,6,6,3,3,6,0,0,1,0,0,0,0,0,0,1,0
2020,7,13,3,3,6,0,1,1,0,0,1,0,0,0,1,0
2021,6,11,1,5,7,0,0,1,0,1,0,0,0,0,1,0
2018,4,16,4,2,6,0,0,1,0,0,0,0,0,0,0,0
2019,2,19,4,5,2,2,1,0,0,0,0,1,0,0,0,0
2019,10,7,2,0,2,0,1,1,0,0,0,0,0,0,0,0
2021,8,18,7,5,2,0,1,1,0,0,0,0,0,0,1,0
2018,8,22,6,5,3,2,0,1,0,0,0,0,0,0,0,0
2020,8,20,7,5,3,1,0,1,0,0,0,0,0,0,1,0
2019,9,14,5,5,7,0,1,1,0,0,0,0,0,0,0,1
2019,2,7,6,5,2,0,1,1,0,0,0,0,0,0,0,0
2018,11,18,2,2,2,2,1,1,0,0,0,0,1,0,0,0
2020,7,17,5,0,6,0,0,0,0,1,0,1,1,0,1,1
2018,3,20,5,5,2,2,1,0,0,0,0,1,1,0,0,1
2020,9,5,2,6,7,2,1,0,1,0,0,0,1,0,1,0
2021,6,9,3,5,2,0,0,1,0,0,0,0,0,0,1,0
2018,2,20,5,3,6,2,1,0,0,0,0,1,0,0,0,0
2018,8,3,1,8,1,2,0,1,0,0,0,1,0,0,0,1
2021,9,13,4,5,7,0,0,1,0,0,1,0,1,0,1,0
2020,5,18,4,2,6,0,0,1,0,0,0,0,0,1,1,0
2019,9,8,6,0,7,0,0,1,0,0,1,0,1,0,0,1
2021,9,17,7,6,4,1,0,1,1,0,0,0,0,0,1,0
2018,10,8,5,2,7,0,0,1,0,0,0,0,0,0,0,0
2018,6,7,4,0,5,0,1,1,0,0,0,0,0,0,0,0
2021,12,16,4,2,2,2,0,1,0,0,0,0,0,1,2,0
2019,4,18,4,3,6,0,1,1,0,0,0,0,0,0,0,0
2020,8,14,6,5,2,0,0,1,0,0,0,0,0,0,1,0
2018,10,9,3,5,3,0,1,1,0,0,0,0,0,0,0,0
2021,4,17,1,5,2,0,1,1,0,0,0,0,0,1,2,0
2019,8,16,3,0,3,0,1,0,0,0,0,0,0,0,0,1
2021,9,17,6,2,6,0,0,1,0,0,0,0,1,0,1,0
2021,8,21,1,5,3,2,0,1,0,0,0,0,0,0,1,0
2020,5,15,3,8,7,0,1,1,0,0,0,0,0,1,1,0
2020,10,16,2,3,6,0,0,1,0,1,0,0,1,1,1,0
2020,10,14,2,5,3,0,0,1,0,0,0,1,0,1,1,0
2020,9,18,5,2,6,0,0,1,0,0,0,1,0,0,1,0
2021,5,14,4,2,6,0,0,0,0,1,1,0,0,1,2,1
2018,10,17,5,2,6,0,0,1,0,0,0,0,0,0,0,0
2019,6,11,5,2,6,0,0,1,0,0,0,0,0,0,0,0
2018,9,18,1,5,2,0,0,1,0,1,0,0,0,0,0,0
2020,8,13,5,8,1,0,0,1,0,0,0,0,0,0,1,0
2020,8,18,5,5,3,0,0,1,0,1,0,0,0,0,1,0
2021,1,4,1,9,1,2,0,1,0,0,0,0,0,1,2,0
2019,6,15,7,0,1,0,0,0,0,1,0,0,0,0,0,0
2021,5,14,6,0,7,0,0,1,0,0,0,0,0,1,2,1
2020,2,0,2,1,5,2,0,1,0,0,0,1,0,0,0,0
2020,10,12,5,5,3,0,0,1,0,1,0,0,0,1,1,0
2018,11,16,5,0,3,1,0,0,0,0,0,1,0,0,0,0
2020,6,12,4,0,6,0,0,0,0,1,0,1,0,0,1,0
2018,10,9,4,0,3,0,0,0,0,1,0,1,0,0,0,0
2019,2,8,2,5,7,0,0,1,0,0,0,1,1,0,0,0
2021,4,15,1,5,3,0,1,1,0,0,0,0,0,1,2,1
2020,8,23,3,5,2,2,1,1,0,0,0,0,0,0,1,0
2021,7,9,2,0,5,0,0,1,0,0,0,1,1,0,1,0
2021,3,13,6,5,2,0,1,1,0,0,0,0,0,0,2,0
2018,8,17,3,5,2,0,1,1,0,0,0,0,0,0,0,1
2021,5,16,1,5,3,0,1,1,0,0,0,0,0,1,2,1
2019,6,10,6,4,6,0,1,1,0,0,0,0,0,0,0,0
2019,4,7,3,5,2,0,1,1,0,0,0,0,0,0,0,0
2021,10,16,6,2,6,1,0,1,0,0,0,0,1,0,1,0
2020,6,14,4,5,3,0,1,1,0,0,0,0,0,0,1,0
2021,11,3,7,0,7,2,0,1,0,0,0,0,0,0,2,1
2018,7,18,3,2,6,0,0,1,0,0,0,0,0,0,0,0
2020,3,19,7,1,7,2,0,1,0,0,0,1,0,1,1,0
2021,10,18,5,0,1,0,0,0,0,1,0,0,0,0,1,0
2018,6,8,6,5,7,0,1,1,0,0,0,0,0,0,0,0
2020,7,15,5,3,6,0,1,0,0,0,0,0,0,0,1,1
2020,11,16,1,0,6,0,1,1,0,0,0,0,0,1,2,0
2020,10,15,3,5,3,0,1,1,0,0,0,0,0,1,1,0
2021,11,7,3,5,7,0,0,1,0,1,0,0,0,0,2,0
2019,9,14,6,3,6,0,0,1,0,0,0,1,0,0,0,1
2021,11,18,3,0,7,2,0,1,0,0,0,0,1,0,2,0
2020,3,7,3,5,3,0,1,1,0,0,0,0,0,1,1,0
2020,2,17,4,5,2,1,0,1,0,0,0,0,1,0,0,0
2018,3,18,5,1,5,0,1,0,0,0,0,1,0,0,0,0
2021,6,21,2,5,2,1,0,1,0,0,0,0,0,0,1,1
2018,11,7,6,5,2,1,0,1,0,0,0,0,0,0,0,0
2021,10,20,7,5,2,2,1,1,0,0,0,0,0,0,1,0
2019,4,8,2,5,3,0,1,1,0,0,0,0,0,0,0,0
2019,11,20,7,2,6,2,0,1,0,0,0,0,1,0,0,0
2019,11,17,7,2,6,2,0,1,0,0,0,0,0,0,0,0
2018,6,20,4,1,5,0,0,1,0,0,0,1,0,0,0,0
2019,9,7,3,2,6,0,0,1,0,0,0,0,1,0,0,0
2018,7,13,5,2,6,0,0,0,0,1,1,0,0,0,0,1
2021,6,21,5,1,5,1,0,1,0,0,0,1,0,0,1,0
2021,12,17,1,5,2,2,1,1,0,0,0,0,1,1,2,0
2019,5,18,4,5,3,0,1,1,0,0,0,0,0,0,0,1
2020,9,21,3,3,6,2,1,1,0,0,0,0,0,0,1,0
2018,9,11,4,5,2,0,0,1,0,0,0,0,0,0,0,0
2018,11,18,1,5,2,2,1,1,0,0,0,0,1,0,0,1
2021,7,12,6,5,3,0,0,1,0,0,0,0,0,0,1,0
2020,7,18,7,5,3,0,1,1,0,0,0,0,0,0,1,0
2018,4,14,6,5,2,0,0,1,0,0,0,0,0,0,0,0
2021,12,18,5,5,2,2,0,1,0,0,0,0,2,1,2,0
2020,3,20,3,6,4,2,1,0,1,0,0,0,1,1,1,0
2020,2,20,2,1,5,2,1,1,0,0,0,0,1,0,0,0
2018,3,19,5,3,6,2,1,1,0,0,0,0,0,0,0,0
2019,5,22,4,6,4,2,1,0,1,0,0,0,0,0,0,0
2019,8,8,6,5,3,0,1,0,0,0,0,0,0,0,0,0
2020,9,18,5,5,2,0,0,1,0,0,0,0,0,0,1,1
2019,11,17,2,5,2,2,1,1,0,0,0,0,1,0,0,0
2019,12,19,6,0,1,2,1,0,0,0,0,0,0,0,0,1
2018,6,18,4,6,2,0,0,1,1,0,0,0,0,0,0,0
2018,3,15,6,5,3,0,0,1,0,1,0,0,0,0,0,0
2020,10,8,5,5,2,0,0,1,0,1,0,0,1,1,1,1
2018,2,10,5,2,6,0,0,1,0,0,0,0,1,0,0,0
2021,2,11,3,5,2,0,1,0,0,0,0,1,0,1,2,0
2020,11,15,6,5,3,0,0,1,0,0,0,0,0,1,2,0
2018,10,20,3,5,3,2,0,1,0,1,0,0,1,0,0,1
2019,4,20,4,1,1,1,0,1,0,0,0,0,0,0,0,0
2019,9,6,2,6,2,2,0,1,1,0,0,0,1,0,0,1
2021,7,10,3,3,6,0,0,1,0,0,0,0,0,0,1,0
2018,9,10,2,5,2,0,1,1,0,0,0,0,0,0,0,1
2018,4,12,7,0,3,0,1,0,0,0,0,1,0,0,0,0
2021,5,12,3,2,6,0,0,1,0,0,0,1,0,1,2,0
2019,6,11,3,1,5,0,1,1,0,0,0,0,0,0,0,0
2018,10,9,5,2,6,0,0,1,0,0,0,0,0,0,0,0
2018,11,9,6,2,6,0,0,1,0,0,0,0,0,0,0,0
2019,1,11,2,6,2,0,0,0,1,0,0,1,0,0,0,0
2018,8,10,1,0,4,0,1,0,1,0,0,0,0,0,0,0
2020,8,15,7,2,6,0,0,1,0,0,0,0,0,0,1,0
2018,7,10,5,9,1,0,0,1,0,0,0,0,0,0,0,0
2020,2,18,4,6,4,2,0,1,1,0,0,0,1,0,0,0
2020,9,0,7,6,4,2,0,1,1,0,0,0,0,0,1,0
2019,10,20,7,0,7,2,0,0,0,1,0,0,0,0,0,0
2020,12,14,2,0,6,0,0,1,0,0,0,1,0,1,2,0
2020,9,9,4,5,3,0,0,1,0,0,1,0,0,0,1,0
2021,11,17,1,5,3,2,0,1,0,0,0,0,0,0,2,0
2019,10,15,7,0,6,0,0,1,0,0,0,1,0,0,0,1
2021,7,10,3,2,6,0,0,1,0,0,0,1,0,0,1,0
2019,6,19,7,1,5,0,1,0,0,0,0,1,0,0,0,0
2021,3,22,2,0,1,2,1,0,0,0,0,0,0,0,2,0
2018,12,14,2,5,3,0,0,1,0,0,0,1,0,0,0,0
2019,11,17,7,6,4,2,0,1,1,0,0,0,1,0,0,0
2019,6,14,2,0,3,0,0,0,0,1,1,0,0,0,0,1
2018,7,12,3,0,2,0,1,1,0,0,0,0,0,0,0,0
2020,5,14,6,2,6,0,0,1,0,0,0,0,0,1,1,0
2020,5,18,6,5,2,0,1,1,0,0,0,0,0,1,1,0
2020,3,11,5,5,3,0,0,1,0,1,0,0,0,1,1,1
2020,8,19,1,2,6,0,0,1,0,0,0,0,0,0,1,0
2020,8,10,7,1,5,0,1,1,0,0,0,0,0,0,1,0
2020,7,17,2,2,6,0,0,1,0,0,0,0,0,0,1,0
2018,1,16,1,0,2,1,0,1,0,0,0,1,0,0,0,0
2018,12,17,7,3,6,2,0,1,0,0,0,0,1,0,0,0
2018,9,23,7,4,6,2,1,1,0,0,0,0,0,0,0,0
2020,1,18,4,2,6,2,0,1,0,0,0,0,0,0,0,0
2018,7,20,2,0,1,0,0,0,0,1,0,0,0,0,0,1
2021,7,20,4,1,5,0,1,1,0,0,0,0,0,0,1,0
2020,6,10,2,0,1,0,1,0,0,0,0,0,0,0,1,0
2020,7,18,1,2,3,0,1,1,0,0,0,0,1,0,1,0
2020,4,17,5,5,3,0,1,1,0,0,0,0,0,1,2,0
2018,7,1,7,5,2,2,1,1,0,0,0,0,0,0,0,0
2018,8,13,6,3,6,0,0,1,0,0,0,1,0,0,0,1
2020,6,18,6,2,6,0,0,1,0,0,0,0,0,0,1,0
2018,5,23,5,5,2,2,0,1,0,1,0,0,1,0,0,0
2019,9,16,6,2,6,0,0,1,0,0,0,0,1,0,0,0
2019,1,17,3,4,3,2,0,1,0,0,0,0,0,0,0,0
2019,3,13,2,5,3,0,0,1,0,0,0,0,1,0,0,1
2019,10,18,1,2,2,2,0,1,0,0,0,0,0,0,0,0
2021,10,13,1,2,1,0,0,1,0,0,0,0,0,0,1,0
2018,7,14,4,5,3,0,1,1,0,0,0,0,0,0,0,0
2019,1,17,3,1,5,2,0,1,0,0,0,0,1,0,0,0
2020,2,17,6,6,7,1,0,1,1,0,0,0,1,0,0,0
2018,10,15,6,2,6,0,0,1,0,0,0,1,0,0,0,0
2018,4,15,5,2,6,0,0,1,0,0,0,0,1,0,0,0
2018,9,17,5,5,2,0,1,1,0,0,0,0,0,0,0,1
2019,8,9,2,6,3,0,0,1,1,0,0,0,0,0,0,0
2021,9,7,6,5,3,0,0,1,0,0,0,1,0,0,1,0
2019,8,16,6,5,2,0,1,1,0,0,0,0,0,0,0,0
2021,8,13,5,5,2,0,1,1,0,0,0,0,0,0,1,0
2019,3,18,4,3,6,2,0,1,0,1,0,0,0,0,0,0
2018,10,6,3,0,5,2,0,1,0,1,0,0,1,0,0,0
2019,11,16,3,2,6,2,0,1,0,0,1,0,0,0,0,0
2020,7,17,6,5,2,0,1,1,0,0,0,0,0,0,1,0
2020,11,14,2,5,3,0,1,1,0,0,0,0,0,1,2,0
2019,10,14,2,2,6,0,0,1,0,0,0,0,0,0,0,0
2020,11,16,7,5,2,1,1,1,0,0,0,0,0,1,2,0
2018,8,18,4,5,2,0,0,1,0,1,0,0,0,0,0,1
2018,12,9,3,6,7,0,0,1,1,0,0,0,0,0,0,0
2021,6,22,6,5,2,1,1,1,0,0,0,0,0,0,1,0
2019,12,11,5,5,3,0,0,1,0,1,0,0,1,0,0,0