UJAHR,UMONAT,USTUNDE,UWOCHENTAG,UART,UTYP1,ULICHTVERH,IstRad,IstPKW,IstFuss,IstKrad,IstGkfz,IstSonstige,USTRZUSTAND,LOCKDOWN,COVID,UKATEGORIE
2020,10,17,7,0,1,0,1,0,0,0,0,0,0,1,1,1
2019,12,13,3,5,3,0,0,1,0,0,0,0,0,0,0,0
2018,5,18,5,5,2,0,0,1,0,1,0,0,0,0,0,1
2021,4,16,2,2,6,0,0,1,0,0,0,0,0,1,2,0
2019,7,21,3,5,3,2,0,1,0,1,0,0,0,0,0,0
2019,7,11,5,5,2,0,0,1,0,1,0,0,0,0,0,0
2021,7,15,3,5,2,0,1,1,0,0,0,0,0,0,1,0
2018,4,8,2,6,4,0,0,1,1,0,0,0,0,0,0,0
2020,1,8,3,1,5,1,1,0,0,0,0,1,1,0,0,0
2018,11,0,7,1,1,2,0,1,0,1,0,0,0,0,0,0
2020,2,20,1,6,4,2,0,1,1,0,0,0,1,0,0,0
2018,6,9,3,0,1,0,1,0,0,0,0,0,0,0,0,1
2020,4,14,7,6,4,0,0,1,1,0,0,0,0,1,2,0
2018,12,21,2,1,5,2,1,1,0,0,0,1,0,0,0,0
2020,10,7,5,6,4,0,0,0,1,0,0,1,1,1,1,1
2018,11,19,4,3,6,2,1,1,0,0,0,0,0,0,0,0
2018,7,22,5,0,1,2,0,0,0,1,0,0,0,0,0,0
2021,7,9,4,2,6,0,0,1,0,0,0,0,1,0,1,0
2019,8,12,6,8,1,0,0,0,0,1,0,0,0,0,0,0
2018,7,12,6,0,5,0,1,0,0,0,0,1,0,0,0,0
2019,2,7,6,3,6,1,0,1,0,0,0,0,1,0,0,0
2019,12,9,4,6,4,0,0,1,1,0,0,0,0,0,0,1
2019,5,15,2,2,6,0,0,1,0,0,0,0,0,0,0,0
2021,11,18,5,6,2,2,0,0,1,0,0,1,1,0,2,0
2019,4,9,2,2,6,0,0,1,0,0,0,0,1,0,0,0
2019,4,18,2,5,2,0,1,1,0,0,0,0,0,0,0,0
2021,6,12,3,5,3,0,0,1,0,0,0,0,0,0,1,0
2020,6,13,2,5,3,0,1,1,0,0,0,0,0,0,1,0
2019,7,22,2,0,1,2,1,0,0,0,0,0,0,0,0,0
2018,1,19,3,5,2,2,1,1,0,0,0,0,0,0,0,0
2018,8,18,2,3,6,0,1,0,0,1,0,0,0,0,0,0
2019,9,7,4,5,2,0,1,0,0,1,0,0,0,0,0,0
2019,3,15,5,5,3,0,0,1,0,0,0,0,0,0,0,0
2019,4,21,3,6,4,2,0,1,1,0,0,0,0,0,0,0
2018,12,7,2,6,2,2,0,1,1,0,0,0,1,0,0,0
2018,10,17,2,5,3,1,0,1,0,0,0,1,0,0,0,0
2020,8,11,5,5,2,0,1,1,0,0,0,0,0,0,1,0
2020,6,18,7,5,2,0,1,1,0,0,0,0,0,0,1,0
2021,12,14,1,2,7,0,1,1,0,0,0,0,0,1,2,0
2018,3,15,2,5,3,0,1,1,0,0,0,0,1,0,0,0
2019,10,17,6,3,6,0,1,1,0,0,0,0,1,0,0,0
2019,7,18,3,4,6,0,1,0,0,0,0,1,0,0,0,0
2021,6,6,5,2,6,0,0,1,0,0,0,0,0,0,1,0
2020,8,17,2,4,6,0,0,1,0,0,0,0,0,0,1,0
2020,5,13,2,6,4,0,0,0,1,0,0,1,0,1,1,1
2021,11,16,2,3,6,1,1,0,0,0,0,0,1,0,2,0
2018,1,16,6,5,3,2,1,1,0,0,0,0,1,0,0,1
2019,2,11,6,2,6,0,0,0,0,0,1,1,0,0,0,0
2018,7,19,3,1,5,0,0,1,0,1,0,0,0,0,0,0
2018,9,15,3,2,6,0,0,1,0,0,0,0,0,0,0,0
2019,7,11,2,0,1,0,0,0,0,1,0,0,0,0,0,0
2021,6,18,6,2,2,0,0,1,0,0,0,0,0,0,1,0
2021,9,16,1,5,2,0,1,1,0,0,0,0,0,0,1,0
2020,2,9,6,5,3,0,0,1,0,0,0,0,1,0,0,0
2019,3,8,6,5,3,0,1,1,0,0,0,0,0,0,0,0
2019,9,11,4,6,2,0,0,1,1,0,0,0,0,0,0,0
2021,9,10,6,5,2,0,1,1,0,0,0,0,0,0,1,0
2020,10,17,6,5,2,0,1,1,0,0,0,0,0,1,1,0
2019,3,16,4,2,2,2,0,1,0,0,0,0,0,0,0,0
2019,11,11,3,5,7,0,0,0,0,0,0,1,0,0,0,0
2020,12,14,3,1,5,0,0,1,0,0,0,1,1,1,2,0
2021,10,21,6,3,6,2,1,1,0,0,0,0,1,0,1,0
2019,9,14,3,2,6,0,0,1,0,0,0,1,0,0,0,0
2020,5,16,4,3,6,0,1,0,0,0,0,0,0,1,1,0
2020,6,11,2,4,2,0,1,1,0,0,0,0,0,0,1,0
2020,5,10,3,0,3,0,0,1,0,1,0,0,0,1,1,0
2019,11,0,5,0,1,2,1,0,0,0,0,0,1,0,0,0
2018,10,9,3,5,3,0,0,1,0,0,0,0,0,0,0,0
2020,8,12,5,5,3,0,0,1,0,1,0,0,0,0,1,1
2019,12,16,2,5,2,2,0,1,0,0,0,1,1,0,0,0
2019,11,7,3,6,4,0,1,0,1,0,0,0,0,0,0,0
2019,1,13,3,2,6,0,0,1,0,0,0,0,0,0,0,0
2021,7,15,2,6,2,0,0,1,1,0,0,0,0,0,1,0
2020,2,6,2,5,2,2,1,1,0,0,0,0,0,0,0,0
2019,8,8,5,5,3,0,1,1,0,0,0,0,0,0,0,0
2021,10,11,7,6,2,0,0,1,1,0,0,0,0,0,1,1
2018,4,17,1,1,5,0,1,1,0,0,0,0,0,0,0,0
2019,7,11,3,2,6,0,0,1,0,0,0,0,0,0,0,0
2021,12,18,4,5,7,2,1,1,0,0,0,0,0,1,2,0
2018,11,17,2,2,6,2,0,1,0,0,0,0,0,0,0,0
2019,12,19,7,6,6,2,1,0,1,0,0,0,1,0,0,0
2019,1,8,6,1,5,1,0,1,0,0,0,0,1,0,0,0
2021,5,14,4,3,6,0,0,1,0,1,0,0,0,1,2,0
2021,8,7,1,5,3,0,0,1,0,0,0,1,1,0,1,0
2019,8,23,7,5,3,2,0,1,0,0,0,0,0,0,0,0
2021,3,12,6,5,2,0,1,1,0,0,0,0,0,0,2,0
2019,3,19,7,2,2,2,0,1,0,0,0,0,0,0,0,0
2019,6,18,5,5,3,0,1,1,0,0,0,0,0,0,0,0
2018,8,8,4,0,3,0,0,1,0,0,0,1,0,0,0,0
2018,4,6,5,1,5,0,1,1,0,0,0,0,1,0,0,0
2018,10,8,4,6,4,0,0,0,1,1,0,0,1,0,0,0
2019,8,11,3,0,7,0,1,0,0,0,0,0,0,0,0,1
2019,1,23,7,2,6,2,0,1,0,0,0,0,0,0,0,0
2020,1,19,3,5,3,2,1,1,0,0,0,0,0,0,0,0
2021,4,6,6,6,4,0,1,0,1,0,0,0,0,1,2,0
2021,3,12,5,5,2,0,1,0,0,0,0,1,0,0,2,0
2018,4,13,5,5,3,0,0,1,0,0,0,0,0,0,0,0
2020,6,17,2,1,5,0,1,1,0,0,0,0,0,0,1,0
2019,5,9,2,5,2,0,1,1,0,0,0,0,0,0,0,0
2021,5,15,4,2,6,0,0,0,0,1,0,1,0,1,2,1
2018,11,15,2,6,6,1,0,0,1,0,1,0,0,0,0,0
2021,6,15,4,1,5,0,0,1,0,0,0,0,1,0,1,0
2018,1,16,7,6,4,2,0,1,1,0,0,0,0,0,0,1
2019,5,10,2,2,6,0,0,1,0,0,0,0,0,0,0,1
2018,6,18,6,5,2,0,1,1,0,0,0,0,0,0,0,0
2020,7,21,4,1,5,2,1,1,0,0,0,0,0,0,1,0
2018,4,18,2,5,2,0,1,1,0,0,0,0,0,0,0,0
2021,6,14,4,2,6,0,0,1,0,0,0,0,1,0,1,0
2021,8,11,3,2,1,0,0,1,0,0,0,0,0,0,1,0
2020,9,16,6,5,2,0,1,1,0,0,0,0,0,0,1,0
2018,10,22,3,5,2,2,1,1,0,0,0,0,0,0,0,0
2020,8,6,6,5,3,0,0,1,0,0,0,1,1,0,1,0
2020,11,13,4,5,3,0,0,1,0,0,0,1,0,1,2,0
2020,8,9,4,1,5,0,1,0,0,0,1,0,0,0,1,0
2020,10,19,2,5,3,2,0,1,0,0,0,0,0,1,1,0
2019,3,11,2,5,2,0,0,1,0,0,0,0,1,0,0,0
2019,2,14,2,5,3,0,0,1,0,0,0,0,0,0,0,0
2020,8,10,3,5,2,0,0,1,0,1,0,0,1,0,1,0
2018,6,14,5,6,2,0,0,1,1,0,0,0,0,0,0,0
2020,9,17,4,5,3,0,1,1,0,0,0,0,0,0,1,0
2018,5,21,4,5,2,1,1,1,0,0,0,0,0,0,0,0
2020,6,19,3,5,3,0,1,1,0,0,0,0,0,0,1,0
2021,5,18,7,5,3,0,0,1,0,0,0,0,0,1,2,0
2019,9,11,2,5,2,0,0,1,0,0,1,0,0,0,0,0
2019,5,8,3,1,5,0,0,1,0,0,0,0,0,0,0,0
2018,6,20,2,6,4,0,0,1,1,0,0,0,0,0,0,1
2018,12,15,7,5,3,0,0,1,0,1,0,0,1,0,0,0
2019,2,8,4,2,6,0,0,1,0,0,1,0,0,0,0,0
2020,6,16,6,6,7,0,1,0,1,0,0,0,0,0,1,0
2019,1,15,2,2,6,1,0,1,0,0,0,0,1,0,0,0
2019,9,5,2,5,2,2,1,1,0,0,0,0,1,0,0,0
2019,7,14,2,2,2,0,0,1,0,0,0,0,0,0,0,0
2018,7,15,2,5,3,0,1,1,0,0,0,0,0,0,0,0
2020,6,17,6,0,2,0,1,1,0,0,0,0,1,0,1,0
2021,12,6,6,8,1,2,0,1,0,0,0,0,1,1,2,1
2021,10,19,2,1,5,1,1,1,0,0,0,0,1,0,1,0
2018,10,7,2,5,2,0,1,1,0,0,0,0,0,0,0,1
2021,10,6,4,5,7,1,0,1,1,0,0,0,0,0,1,0
2019,10,17,6,2,6,0,0,1,0,0,0,0,0,0,0,0
2021,8,18,3,6,7,0,1,0,1,0,0,0,0,0,1,0
2018,7,10,7,0,2,0,1,1,0,0,0,0,0,0,0,0
2020,4,8,3,5,2,0,0,1,0,1,0,0,0,1,2,1
2018,6,13,2,3,6,0,0,1,0,0,0,1,0,0,0,0
2021,5,15,7,1,5,0,1,1,0,0,0,0,0,1,2,1
2021,6,6,7,8,1,0,0,1,0,0,0,0,0,0,1,0
2021,7,15,5,3,6,0,0,1,0,0,0,0,0,0,1,0
2019,2,18,6,1,5,1,1,1,0,0,0,0,0,0,0,0
2021,10,9,4,5,3,0,1,1,0,0,0,0,0,0,1,1
2019,2,12,3,5,2,0,0,1,0,0,0,0,0,0,0,0
2019,10,8,6,2,7,0,0,0,0,1,1,0,1,0,0,0
2020,12,13,4,0,2,0,1,1,0,0,0,0,1,1,2,0
2021,11,18,7,6,2,2,0,1,1,0,0,0,1,0,2,0
2020,10,20,5,2,6,2,0,1,0,0,0,0,1,1,1,0
2018,12,20,7,1,7,2,1,0,0,0,0,0,1,0,0,1
2019,4,9,6,5,7,0,0,1,0,0,0,0,0,0,0,0
2021,5,18,6,1,5,0,0,1,0,0,0,0,0,1,2,0
2021,5,13,1,8,1,0,0,1,0,0,0,0,1,1,2,0
2018,9,16,4,5,3,0,0,1,0,1,0,0,0,0,0,0
2021,7,13,7,5,2,0,1,1,0,0,0,0,0,0,1,0
2018,11,17,2,2,7,2,0,1,0,0,0,0,0,0,0,0
2020,11,20,3,1,5,2,1,0,0,0,0,1,0,1,2,0
2020,11,11,2,8,1,0,0,1,0,0,0,0,0,1,2,1
2018,1,8,4,6,4,1,0,1,1,0,0,0,1,0,0,1
2018,11,14,6,3,6,0,1,0,0,0,0,0,0,0,0,0
2019,6,15,3,5,2,0,0,1,0,0,0,0,0,0,0,0
2021,11,7,6,1,5,0,1,1,0,0,0,0,1,0,2,0
2018,6,13,5,0,6,0,1,1,0,0,0,0,0,0,0,0
2019,10,8,6,5,2,0,0,1,0,1,0,0,0,0,0,1
2021,5,10,2,5,7,0,0,1,0,0,0,1,0,1,2,0
2019,5,7,6,5,3,0,0,1,0,0,0,0,0,0,0,0
2021,7,19,4,0,3,0,1,0,0,1,0,0,0,0,1,0
2021,9,22,5,5,7,2,1,1,0,0,0,0,0,0,1,0
2021,8,13,3,2,6,0,0,1,0,0,0,0,0,0,1,0
2019,1,15,5,6,4,0,0,1,1,0,0,0,0,0,0,1
2019,11,10,3,6,7,0,0,1,1,0,0,0,0,0,0,1
2021,8,20,1,5,3,0,0,1,0,0,0,0,0,0,1,0
2018,7,12,2,1,5,0,1,1,0,0,0,0,0,0,0,0
2021,11,20,7,6,2,2,0,1,1,0,0,0,1,0,2,0
2019,6,13,5,4,6,0,1,1,0,0,0,0,0,0,0,0
2021,8,14,2,0,1,0,1,0,0,0,0,0,1,0,1,0
2019,11,12,2,2,6,0,0,1,0,0,0,0,0,0,0,0
2021,11,18,6,3,6,1,1,1,0,0,0,0,1,0,2,0
2021,9,11,4,5,3,0,1,1,0,0,0,0,0,0,1,0
2019,6,16,6,5,3,0,1,1,0,0,0,0,0,0,0,0
2019,5,8,3,0,7,0,1,0,0,0,0,0,0,0,0,0
2021,5,13,1,5,2,0,1,1,0,0,0,0,1,1,2,0
2020,9,20,5,5,3,1,0,1,0,1,0,0,0,0,1,0
2020,1,7,4,5,3,1,1,1,0,0,0,0,1,0,0,0
2020,7,8,2,5,2,0,1,1,0,0,0,0,0,0,1,0
2020,6,15,5,5,3,0,0,1,0,0,0,0,0,0,1,0
2018,10,14,4,2,6,0,0,1,0,1,0,0,0,0,0,0
2018,6,14,4,1,5,0,0,1,0,0,0,0,0,0,0,0
2021,6,7,4,1,5,0,1,1,0,0,0,0,0,0,1,0
2021,3,14,3,5,3,0,0,1,0,0,0,0,0,0,2,0
2019,7,15,4,5,2,0,0,1,0,0,0,0,0,0,0,0
2019,7,21,1,5,2,2,0,1,0,1,0,0,0,0,0,1
2020,1,9,2,2,2,0,0,1,0,0,0,0,0,0,0,0
2021,10,22,4,5,2,2,1,1,0,0,0,0,0,0,1,0
2020,5,9,2,2,2,0,0,1,0,0,0,0,1,1,1,0
2020,1,7,3,5,3,1,1,1,0,0,0,0,1,0,0,0
2020,9,9,4,2,6,0,1,1,0,0,0,0,0,0,1,0
2018,3,13,4,5,3,0,0,1,0,1,0,1,1,0,0,1
2021,11,15,5,5,2,0,1,1,0,0,0,0,0,0,2,0
2021,12,16,2,6,4,2,0,1,1,0,0,0,1,1,2,0
2020,6,16,5,1,5,0,0,1,0,1,0,0,0,0,1,1
2020,1,15,3,2,6,0,0,1,0,0,0,0,1,0,0,0
2018,5,21,5,6,4,2,0,1,1,0,0,0,1,0,0,0
2018,4,10,5,5,3,0,0,1,0,0,0,0,0,0,0,0
2018,4,11,6,0,3,0,0,1,0,0,0,0,0,0,0,0
2020,8,16,4,2,6,0,0,1,0,1,0,0,0,0,1,1
2019,4,15,2,6,2,0,0,1,1,0,0,0,0,0,0,0
2021,10,14,1,5,2,0,0,1,0,0,0,0,0,0,1,0
2019,10,18,1,0,2,2,1,1,0,0,0,0,1,0,0,0
2021,9,17,3,2,6,0,0,1,0,1,0,0,0,0,1,0
2018,7,12,3,1,6,0,0,1,0,1,0,0,0,0,0,1
2020,4,17,6,5,3,0,1,1,0,0,0,0,0,1,2,0
2020,3,11,2,2,6,0,0,1,0,0,0,0,0,1,1,0
2018,5,8,2,5,2,0,1,1,0,0,0,0,0,0,0,0
2021,9,11,4,5,3,0,0,1,0,0,0,0,0,0,1,0
2021,3,13,5,2,2,0,0,1,0,0,0,0,0,0,2,0
2018,4,14,2,5,2,0,0,1,0,1,0,0,0,0,0,1
2019,5,7,2,0,1,0,1,0,0,0,0,0,0,0,0,1
2020,8,14,1,2,6,0,0,1,0,0,0,0,0,0,1,1
2018,8,19,5,0,1,2,0,0,0,1,0,0,1,0,0,0
2019,6,14,2,5,3,0,1,1,0,0,0,0,0,0,0,0
2018,8,15,3,5,2,0,1,1,0,0,0,0,0,0,0,0
2020,9,8,3,2,6,0,0,1,0,0,0,1,0,0,1,0
2021,9,13,6,5,3,0,0,1,0,0,0,0,0,0,1,0
2018,12,14,4,5,3,0,0,1,0,0,0,0,1,0,0,0
2019,10,18,6,1,5,2,1,1,0,0,0,0,0,0,0,0
2020,5,13,2,6,7,0,0,1,1,0,0,0,0,1,1,1
2020,8,15,4,5,3,0,0,1,0,0,0,0,0,0,1,0
2019,6,18,3,5,2,0,1,1,0,0,0,0,0,0,0,0
2020,5,9,3,5,2,0,1,1,0,0,0,0,0,1,1,1
2019,3,19,3,5,3,2,0,1,0,0,0,0,0,0,0,0
2019,12,16,7,0,1,2,0,0,0,1,0,0,1,0,0,0
2019,6,20,2,5,2,0,1,1,0,0,0,0,1,0,0,0
2021,8,14,7,5,3,0,1,0,0,0,0,0,0,0,1,1
2020,6,8,4,5,2,0,0,1,0,0,0,1,0,0,1,0
2020,12,16,3,5,3,2,1,1,0,0,0,0,0,1,2,0
2019,7,19,5,6,4,0,0,1,1,0,0,0,0,0,0,0
2021,10,8,4,5,2,0,1,1,0,0,0,0,1,0,1,0
2019,6,15,6,6,2,0,0,1,1,0,0,0,0,0,0,0
2019,5,18,6,2,2,0,1,1,0,0,0,0,0,0,0,0
2019,8,6,6,5,2,0,1,1,0,0,0,0,0,0,0,0
2018,8,7,2,5,7,0,1,1,0,0,0,0,0,0,0,0
2021,8,16,4,2,6,0,0,1,0,0,0,0,0,0,1,0
2020,12,9,5,5,2,0,1,1,0,0,0,0,0,1,2,0
2021,5,6,3,3,6,0,1,0,0,0,0,1,0,1,2,0
2021,6,20,7,1,1,1,0,1,0,0,0,1,0,0,1,1
2018,1,15,4,5,3,0,1,1,0,0,0,0,0,0,0,0
2018,4,17,1,0,1,0,1,0,0,0,0,0,0,0,0,0
2020,2,19,6,9,1,2,0,1,0,0,0,0,0,0,0,0
2018,10,10,3,2,6,0,0,1,0,0,0,0,0,0,0,0
2020,12,11,6,0,6,0,0,1,0,0,0,1,0,1,2,0
2018,3,18,5,5,3,2,0,1,0,0,0,0,0,0,0,0
2019,5,10,2,1,5,0,0,1,0,0,0,0,0,0,0,0
2020,11,9,4,2,6,0,0,1,0,0,0,0,1,1,2,0
2020,3,12,4,1,5,0,1,1,0,0,0,0,0,1,1,0
2018,7,15,5,2,6,0,0,1,0,0,0,1,0,0,0,0
2021,10,13,6,2,6,0,0,1,0,0,0,1,0,0,1,0
2019,2,13,6,2,2,0,0,1,0,0,0,1,0,0,0,0
2019,6,19,4,5,3,0,0,1,0,0,0,0,0,0,0,0
2018,4,15,6,3,2,0,0,1,0,0,0,0,0,0,0,0
2020,6,11,6,2,6,0,0,1,0,1,0,0,0,0,1,0
2021,6,15,4,5,7,0,0,1,0,1,0,0,1,0,1,1
2019,9,1,3,5,3,2,0,1,0,0,0,0,1,0,0,0
2018,1,18,5,0,2,2,0,1,0,0,0,1,1,0,0,0
2019,2,11,2,0,7,0,0,1,0,0,0,1,1,0,0,0
2019,6,11,2,6,4,0,1,0,1,0,0,0,0,0,0,0
2020,4,14,7,2,2,0,1,1,0,0,0,0,0,1,2,0
2019,11,10,1,0,6,0,1,0,0,0,0,1,0,0,0,0
2020,12,15,5,5,2,1,1,1,0,0,0,0,0,1,2,0
2018,11,13,3,3,6,0,0,1,0,0,0,0,0,0,0,0
2018,11,10,5,0,1,0,0,0,0,1,0,0,0,0,0,0
2019,11,16,3,3,6,2,0,1,0,1,0,0,0,0,0,0
2020,12,11,7,2,6,0,0,1,0,0,0,0,1,1,2,0
2021,11,13,2,5,2,0,1,1,0,0,0,0,1,0,2,0
2018,8,12,7,0,7,0,1,1,0,0,0,0,0,0,0,0
2020,5,0,7,6,4,2,0,1,1,0,0,0,1,1,1,1
2021,8,9,6,5,3,0,1,1,0,0,0,0,1,0,1,0
2018,2,8,5,5,3,0,1,1,0,0,0,0,0,0,0,0
2019,1,11,3,3,6,0,0,1,0,1,0,0,1,0,0,0
2021,5,13,2,5,2,0,0,1,0,1,0,0,0,1,2,0
2018,9,11,2,5,2,0,0,1,0,1,0,0,0,0,0,1
2020,11,11,3,0,7,0,1,0,0,0,0,0,0,1,2,0
2019,2,8,6,5,3,0,1,1,0,0,0,0,1,0,0,0
2020,10,17,4,0,1,1,0,0,0,1,0,0,1,1,1,0
2020,6,19,2,2,6,0,0,1,0,0,0,0,0,0,1,0
2019,6,22,4,6,4,2,0,0,1,1,0,0,0,0,0,0
2020,8,14,1,5,3,0,0,1,0,0,0,0,0,0,1,0
2019,8,2,4,9,1,2,0,1,0,0,0,0,0,0,0,0
2021,10,16,5,5,3,0,1,1,0,0,0,0,0,0,1,0
2018,1,7,4,6,2,1,0,1,1,0,0,0,1,0,0,0
2019,9,16,2,5,3,0,0,1,0,1,0,0,1,0,0,1
2021,7,6,6,5,3,0,1,1,0,0,0,0,1,0,1,1
2018,1,8,3,5,3,0,1,1,0,0,0,0,1,0,0,0
2021,4,15,2,5,2,0,0,1,0,0,0,0,0,1,2,0
2020,9,9,6,5,2,0,1,1,0,0,0,0,1,0,1,0
2021,11,11,6,5,2,0,0,1,0,0,0,0,1,0,2,0
2020,6,8,4,5,3,0,0,1,0,0,0,0,0,0,1,0
2019,8,8,2,5,3,0,0,1,0,0,0,1,0,0,0,0
2019,3,20,5,5,3,2,0,1,0,0,0,0,0,0,0,0
2020,8,19,7,3,6,0,0,1,0,1,0,0,0,0,1,0
2020,10,14,3,6,7,0,0,1,1,0,0,0,0,1,1,0
2021,12,19,6,0,1,2,0,0,0,1,0,0,1,1,2,0
2018,4,23,3,2,6,2,1,1,0,0,0,1,0,0,0,0
2021,5,23,2,1,5,2,0,1,0,0,0,0,0,1,2,0
2020,5,17,4,6,4,0,0,1,1,0,0,0,0,1,1,0
2018,4,18,1,4,6,0,0,1,0,1,0,0,0,0,0,0
2020,12,6,4,2,6,2,0,1,0,1,0,0,1,1,2,0
2020,10,12,4,0,6,0,0,1,0,0,0,1,1,1,1,0
2021,8,8,5,5,2,0,0,1,0,0,0,0,0,0,1,0
2019,10,16,3,2,6,1,0,1,0,0,0,0,0,0,0,0
2018,10,14,2,2,6,0,0,1,0,0,0,0,0,0,0,0
2018,4,20,3,2,6,1,0,1,0,0,0,0,0,0,0,0
2018,6,16,2,5,3,0,1,1,0,0,0,0,0,0,0,0
2020,9,13,6,0,7,0,0,0,0,1,0,0,1,0,1,0
2020,10,16,6,2,6,0,0,1,0,0,0,0,0,1,1,0
2020,6,17,2,5,2,0,1,0,0,0,0,1,0,0,1,0
2020,8,17,1,0,3,1,0,1,0,0,0,1,1,0,1,0
2019,2,13,7,6,7,0,0,0,1,0,0,1,0,0,0,1
2019,4,9,5,6,2,0,0,1,1,0,0,0,0,0,0,0
2020,6,18,4,5,3,0,1,0,0,0,0,0,0,0,1,0
2021,8,19,3,3,6,0,1,0,0,0,0,1,0,0,1,1
2021,10,5,5,2,6,2,0,1,0,0,0,0,1,0,1,0
2019,8,13,4,5,3,0,0,1,0,0,0,0,0,0,0,0
2021,7,15,6,5,3,0,1,1,0,0,0,0,0,0,1,0
2019,12,16,2,2,6,2,0,1,0,0,0,0,1,0,0,0
2020,2,15,3,5,3,0,0,1,0,0,0,0,1,0,0,0
2018,4,11,5,5,3,0,1,1,0,0,0,0,0,0,0,0
2021,11,8,5,2,6,0,1,1,0,0,0,0,1,0,2,0
2018,8,10,6,5,2,0,1,1,0,0,0,0,0,0,0,0
2019,10,15,4,2,6,0,0,1,0,0,0,0,0,0,0,0
2021,12,16,5,6,2,1,0,1,1,0,0,0,1,1,2,0
2018,7,8,2,2,2,0,0,1,0,0,0,0,0,0,0,0
2018,2,6,6,2,6,2,1,1,0,0,0,0,0,0,0,0
2020,8,19,1,6,4,0,0,1,1,0,0,0,0,0,1,1
2021,7,11,7,3,6,0,0,1,0,1,0,0,0,0,1,0
2018,5,21,2,3,6,1,1,1,0,0,0,0,0,0,0,0
2018,4,18,3,5,3,0,1,1,0,0,0,0,0,0,0,0
2020,7,15,7,3,6,0,0,1,0,0,0,0,0,0,1,0
2021,7,19,5,5,3,0,1,0,0,0,0,0,0,0,1,0
2020,9,17,5,5,3,0,1,1,0,0,0,0,0,0,1,0
2020,8,12,4,0,1,0,1,0,0,0,0,0,0,0,1,0
2019,4,16,6,2,6,0,0,1,0,0,0,0,0,0,0,0
2019,2,19,6,5,7,2,0,1,0,0,0,0,0,0,0,0
2020,3,17,4,0,1,0,1,0,0,0,0,0,0,1,1,0
2018,4,13,1,2,6,0,0,1,0,0,0,1,0,0,0,1
2021,8,13,3,6,4,0,0,1,1,0,0,0,0,0,1,1
2019,2,14,4,3,6,0,0,1,0,0,0,0,0,0,0,0
2018,6,21,4,5,3,1,0,1,0,0,0,0,0,0,0,0
2021,8,19,4,5,3,0,0,1,0,0,0,1,0,0,1,0
2020,8,17,6,5,3,0,0,1,0,0,0,0,0,0,1,0
2018,11,8,4,2,6,0,0,1,0,0,0,0,1,0,0,0
2019,10,12,7,0,5,0,0,1,0,1,0,0,0,0,0,0
2019,8,16,5,5,7,0,1,1,0,0,0,0,0,0,0,0
2021,7,8,6,1,5,0,0,1,0,0,0,0,0,0,1,0
2018,4,20,3,2,6,2,0,1,0,0,0,0,0,0,0,0
2021,7,2,5,5,3,2,1,1,0,0,0,0,0,0,1,0
2021,5,15,5,6,4,0,0,1,1,1,0,0,0,1,2,1
2019,10,11,4,2,6,0,0,1,0,1,0,0,1,0,0,0
2020,9,16,5,3,6,0,0,1,0,1,0,0,0,0,1,0
2018,10,20,7,5,3,2,0,1,0,0,0,0,0,0,0,0
2021,1,4,6,9,1,2,0,0,0,0,0,1,1,1,2,0
2018,3,9,6,1,5,0,1,1,0,0,0,0,0,0,0,0
2018,11,19,1,0,6,2,0,1,0,1,0,0,0,0,0,0
2018,10,6,3,2,6,2,0,1,0,0,0,0,0,0,0,0
2019,11,16,4,0,1,2,0,0,0,1,0,0,1,0,0,0
2019,3,14,6,0,7,0,0,1,0,0,0,0,0,0,0,0
2021,11,16,2,6,4,2,0,1,1,0,0,0,1,0,2,1
2020,7,20,3,5,2,1,0,1,0,1,0,0,0,0,1,0
2019,1,12,4,5,3,0,1,1,0,0,0,0,0,0,0,1
2018,5,18,1,9,1,0,0,1,1,0,0,0,0,0,0,1
2019,12,21,6,6,2,2,0,1,1,0,0,0,1,0,0,0
2021,10,18,4,6,4,0,0,1,1,0,0,0,0,0,1,0
2019,11,14,2,6,4,0,0,1,1,0,0,0,0,0,0,0
2018,5,12,1,4,2,0,0,1,0,1,0,0,0,0,0,0
2021,11,10,1,0,3,0,1,1,0,0,0,0,1,0,2,1
2018,9,15,3,0,1,0,1,0,0,0,0,0,0,0,0,0
2020,10,18,5,5,3,2,1,1,0,0,0,0,0,1,1,0
2020,8,6,5,5,2,0,0,1,0,0,0,1,0,0,1,0
2020,8,14,1,5,3,0,0,1,0,0,0,0,0,0,1,1
2021,12,20,1,5,3,2,0,1,0,0,0,0,1,1,2,0
2020,1,17,4,1,5,2,1,1,0,0,0,0,1,0,0,0
2018,10,13,5,5,3,0,0,0,0,1,0,1,0,0,0,0
2019,12,15,3,5,5,0,0,1,0,0,0,0,0,0,0,0
2019,9,14,2,5,3,0,1,1,0,0,0,0,0,0,0,0
2019,9,10,3,0,2,0,0,0,0,1,1,0,0,0,0,0
2020,2,8,3,2,7,0,1,0,0,0,1,0,1,0,0,0
2021,12,13,3,1,5,0,0,1,0,0,0,1,0,1,2,0
2019,1,15,1,4,6,0,1,1,0,0,0,0,1,0,0,0
2020,9,17,3,0,1,0,1,0,0,0,0,0,0,0,1,0