UJAHR,UMONAT,USTUNDE,UWOCHENTAG,UART,UTYP1,ULICHTVERH,IstRad,IstPKW,IstFuss,IstKrad,IstGkfz,IstSonstige,USTRZUSTAND,LOCKDOWN,COVID,UKATEGORIE
2019,6,13,7,2,6,0,0,1,0,0,0,0,0,0,0,0
2021,11,14,1,1,7,0,0,1,0,0,0,0,1,0,2,0
2021,4,12,6,5,3,0,1,1,0,0,0,0,0,1,2,0
2020,9,16,6,3,6,0,1,0,0,0,0,1,0,0,1,0
2020,9,18,6,9,1,1,1,0,0,0,0,0,0,0,1,1
2019,6,20,7,1,5,0,1,1,0,0,0,0,0,0,0,0
2019,6,10,4,5,3,0,1,1,0,0,0,0,0,0,0,0
2021,11,9,4,6,4,0,1,0,1,0,0,0,1,0,2,0
2019,10,11,3,2,6,0,0,1,0,0,0,0,1,0,0,0
2020,7,16,5,0,2,0,0,1,0,1,0,0,0,0,1,0
2021,9,12,4,2,6,0,0,1,0,1,0,0,0,0,1,0
2018,5,19,3,5,2,0,0,1,0,1,0,0,0,0,0,0
2018,9,8,6,5,2,0,1,1,0,0,0,0,0,0,0,0
2018,9,17,5,5,2,0,1,0,0,0,0,1,0,0,0,0
2019,8,11,3,2,5,0,0,1,0,1,0,0,0,0,0,0
2021,10,7,2,6,4,0,0,1,1,0,0,0,0,0,1,0
2021,8,15,7,4,6,0,0,1,0,0,0,0,0,0,1,1
2019,9,15,3,0,4,0,0,0,1,0,0,1,0,0,0,0
2020,1,15,2,5,3,0,0,1,0,0,0,0,0,0,0,0
2020,12,18,1,0,1,2,0,0,0,1,0,0,0,1,2,0
2020,11,8,3,5,3,0,1,1,0,0,0,0,1,1,2,0
2019,5,16,4,5,3,0,1,1,0,0,0,0,0,0,0,0
2021,9,4,7,6,2,2,0,1,1,0,0,0,0,0,1,0
2019,3,20,7,2,6,2,0,1,0,0,0,0,1,0,0,0
2018,6,14,3,2,2,0,1,0,0,0,1,0,0,0,0,1
2018,9,12,2,0,2,0,1,1,0,0,0,0,0,0,0,0
2021,8,12,3,5,3,0,0,1,0,1,0,0,0,0,1,0
2018,9,11,2,1,5,0,0,1,0,0,0,1,0,0,0,0
2018,10,15,3,1,5,0,0,1,0,0,0,0,0,0,0,0
2020,11,17,6,6,4,2,1,0,1,0,0,0,0,1,2,1
2019,7,17,3,5,3,0,0,1,0,0,0,0,0,0,0,0
2019,7,15,7,0,1,0,0,1,0,1,0,0,1,0,0,0
2018,11,14,7,5,3,0,1,1,0,0,0,0,0,0,0,0
2021,8,13,4,5,3,0,0,0,0,0,0,1,0,0,1,0
2021,11,17,5,5,2,2,1,1,0,0,0,0,1,0,2,0
2018,8,12,2,5,2,0,0,1,0,0,0,0,0,0,0,0
2018,9,6,6,0,2,1,1,0,0,0,0,1,0,0,0,0
2020,4,11,5,2,6,0,0,1,0,0,0,0,0,1,2,0
2020,8,10,7,1,5,0,1,0,0,0,0,1,0,0,1,0
2018,11,16,6,1,5,2,1,1,0,0,0,1,0,0,0,0
2019,8,6,7,2,6,0,0,1,0,0,0,1,0,0,0,0
2019,5,17,6,2,6,0,0,1,0,0,0,1,0,0,0,0
2021,8,16,7,5,2,0,0,1,0,0,0,1,0,0,1,0
2019,3,11,2,2,6,0,0,1,0,0,0,0,1,0,0,0
2018,7,13,4,2,6,0,0,1,0,0,0,0,0,0,0,0
2020,9,0,6,0,1,2,1,0,0,0,0,0,0,0,1,1
2019,7,16,7,5,2,0,1,1,0,0,0,0,0,0,0,0
2018,11,23,5,1,1,2,0,1,0,0,0,1,0,0,0,0
2019,12,4,1,5,3,2,0,1,0,0,0,0,0,0,0,0
2020,9,19,4,1,5,1,0,1,0,1,0,0,0,0,1,0
2019,8,18,5,6,4,0,0,1,1,0,0,0,0,0,0,0
2020,6,15,3,5,3,0,1,1,0,0,0,0,0,0,1,0
2019,6,11,4,3,2,0,1,1,0,0,0,0,0,0,0,0
2019,1,17,2,2,6,2,0,1,0,0,0,0,1,0,0,0
2020,12,17,3,5,3,2,0,1,0,0,0,0,1,1,2,0
2020,1,5,6,6,2,2,0,1,1,0,0,0,0,0,0,0
2019,12,11,3,5,2,0,1,1,0,0,0,0,0,0,0,1
2018,9,18,2,2,6,0,0,1,0,0,0,0,0,0,0,0
2020,11,20,7,0,6,2,0,1,0,1,0,0,0,1,2,0
2019,3,7,4,1,5,0,1,1,0,0,0,0,0,0,0,0
2020,8,10,6,6,4,0,0,0,1,1,0,0,0,0,1,1
2018,8,11,4,0,1,0,1,0,0,0,0,0,0,0,0,1
2018,12,15,2,2,2,0,0,1,0,0,0,0,1,0,0,0
2020,9,16,6,1,7,0,0,1,0,0,0,0,0,0,1,0
2020,8,13,1,6,4,0,0,1,1,0,0,0,0,0,1,0
2020,2,16,7,4,6,0,1,0,0,0,0,1,0,0,0,0
2021,8,11,1,0,1,0,1,0,0,0,0,0,0,0,1,1
2020,11,10,2,2,6,0,1,1,0,0,0,0,0,1,2,0
2018,11,17,3,6,4,2,0,0,1,0,0,1,0,0,0,1
2018,1,17,3,6,2,1,0,1,1,0,0,0,1,0,0,0
2018,1,15,4,2,6,0,0,1,0,0,0,0,1,0,0,0
2020,6,3,1,6,7,2,1,0,1,0,0,0,0,0,1,0
2020,8,9,7,0,5,0,0,1,0,0,0,1,0,0,1,0
2020,12,6,6,5,2,2,0,1,0,0,0,1,1,1,2,0
2018,5,20,1,5,3,0,1,1,0,0,0,0,0,0,0,0
2019,10,12,4,2,6,0,0,1,0,0,0,0,1,0,0,0
2018,3,18,3,5,2,2,1,1,0,0,0,0,1,0,0,0
2020,4,14,4,5,3,0,1,1,0,0,0,0,0,1,2,0
2019,1,14,3,1,5,0,0,1,0,0,0,0,1,0,0,0
2021,9,16,2,5,3,0,1,0,0,1,0,0,0,0,1,0
2019,8,9,5,3,6,0,1,1,0,0,0,0,0,0,0,0
2018,6,16,2,3,6,0,0,1,0,1,0,0,0,0,0,0
2018,10,11,3,6,7,0,0,1,1,0,0,0,0,0,0,0
2018,11,16,2,2,6,1,0,1,0,0,0,0,0,0,0,0
2018,12,1,1,6,4,2,0,1,1,0,0,0,1,0,0,1
2018,6,13,4,0,7,0,1,0,0,0,0,0,0,0,0,0
2019,2,16,3,2,6,0,0,1,0,0,0,0,0,0,0,0
2021,3,9,6,5,2,0,1,1,0,0,0,0,1,0,2,0
2019,12,13,4,2,6,0,1,1,0,0,0,1,0,0,0,0
2021,5,18,4,5,3,0,0,1,0,1,0,0,0,1,2,0
2019,3,14,2,2,6,0,0,1,0,0,0,0,1,0,0,0
2020,5,17,1,0,6,0,0,1,0,0,0,1,0,1,1,0
2020,9,7,4,0,1,0,1,0,0,0,0,0,1,0,1,0
2020,11,6,2,0,6,2,0,1,0,1,0,0,1,1,2,0
2021,6,12,6,2,6,0,0,1,0,0,0,0,0,0,1,0
2020,9,15,7,4,6,0,1,0,0,0,0,0,0,0,1,1
2020,5,17,2,5,3,0,0,1,0,0,0,0,1,1,1,0
2019,7,14,6,2,6,0,0,1,0,0,0,0,1,0,0,0
2020,3,6,1,5,3,2,0,1,0,0,0,0,0,1,1,1
2018,7,8,3,5,2,0,1,1,0,0,0,0,0,0,0,0
2018,7,17,6,5,3,0,1,1,0,0,0,0,0,0,0,0
2019,2,14,3,8,1,0,0,1,0,0,0,0,0,0,0,0
2020,4,15,1,0,1,0,1,0,0,0,0,0,0,1,2,0
2019,11,7,2,2,6,0,0,1,0,1,0,0,1,0,0,0
2018,8,12,1,5,3,0,1,0,0,0,0,0,0,0,0,1
2020,6,8,3,5,2,0,1,1,0,0,0,0,0,0,1,0
2019,7,17,1,0,7,0,0,0,0,0,0,1,0,0,0,0
2020,10,9,3,0,1,0,0,0,0,1,0,0,0,1,1,0
2019,5,13,5,4,6,0,0,1,0,0,1,0,1,0,0,1
2018,7,8,3,5,3,0,0,1,0,0,0,1,0,0,0,0
2020,2,14,2,5,3,0,0,1,0,0,0,1,1,0,0,0
2020,6,12,5,1,5,0,0,1,0,0,0,1,0,0,1,0
2019,5,18,2,2,6,0,0,1,0,0,0,0,0,0,0,0
2019,4,17,6,5,3,0,1,1,0,0,0,0,0,0,0,0
2018,5,9,3,6,4,0,0,1,1,0,0,0,0,0,0,0
2018,2,17,2,5,3,1,1,1,0,0,0,0,0,0,0,0
2020,9,18,3,0,1,0,0,0,0,1,0,0,0,0,1,1
2019,12,19,4,2,6,2,0,1,0,0,0,0,0,0,0,0
2021,4,13,5,2,6,0,0,1,0,0,0,1,0,1,2,1
2021,2,7,5,1,5,0,0,1,0,0,0,0,1,1,2,1
2018,6,8,5,3,6,0,1,1,0,0,0,0,0,0,0,0
2021,11,12,2,0,7,0,0,0,1,0,0,1,0,0,2,0
2021,8,18,7,5,2,0,1,1,0,0,0,0,0,0,1,0
2021,5,15,5,5,2,0,0,1,0,0,0,0,0,1,2,0
2018,8,17,2,0,2,0,1,1,0,0,0,0,0,0,0,0
2018,1,18,3,1,5,2,1,0,0,0,0,1,1,0,0,0
2018,6,20,6,3,6,1,0,1,0,0,0,0,1,0,0,0
2019,12,19,3,1,5,2,1,1,0,0,0,1,0,0,0,0
2020,3,15,4,5,2,0,0,1,0,1,0,0,0,1,1,0
2019,9,13,1,2,6,0,0,1,0,0,0,0,1,0,0,0
2021,10,15,6,6,4,0,1,0,1,0,0,0,0,0,1,0
2018,6,17,3,5,2,0,1,1,0,0,0,0,0,0,0,0
2021,3,11,7,5,3,0,0,1,0,0,0,0,0,0,2,0
2020,12,7,2,5,2,0,1,1,0,0,0,0,1,1,2,0
2021,9,16,3,6,7,0,0,1,1,0,0,0,0,0,1,1
2020,1,15,5,6,4,1,0,1,1,0,0,0,0,0,0,0
2020,8,16,3,5,3,0,1,0,0,0,0,0,0,0,1,0
2019,3,9,5,2,6,0,0,1,0,0,1,0,0,0,0,0
2019,10,12,5,0,5,0,1,1,0,0,0,0,0,0,0,0
2018,6,6,6,5,3,0,0,1,0,0,0,0,0,0,0,0
2020,11,8,3,5,2,0,1,1,0,0,0,0,0,1,2,1
2019,2,19,2,6,2,2,0,1,1,0,0,0,0,0,0,0
2019,10,9,5,1,5,0,1,1,0,0,0,0,0,0,0,0
2018,9,9,4,0,3,0,0,1,0,1,0,0,0,0,0,0
2021,3,7,6,1,5,0,1,1,0,0,0,0,0,0,2,0
2020,9,6,5,0,1,0,1,0,0,0,1,0,1,0,1,0
2019,6,20,5,6,4,0,0,1,1,0,0,0,0,0,0,1
2019,8,22,6,2,2,2,1,1,0,0,0,0,0,0,0,0
2019,6,15,4,5,2,0,0,1,0,0,0,0,0,0,0,0
2019,12,18,6,3,6,2,0,1,0,1,0,0,1,0,0,0
2020,4,21,7,5,2,2,0,1,0,0,0,0,0,1,2,1
2021,10,17,4,5,3,1,0,1,0,0,0,0,0,0,1,0
2020,6,14,6,5,3,0,1,1,0,0,0,0,0,0,1,0
2021,9,8,2,3,6,0,0,1,0,0,0,0,0,0,1,0
2021,8,14,7,2,6,0,0,1,0,0,0,0,0,0,1,0
2018,4,18,1,6,4,0,0,1,1,0,0,0,0,0,0,0
2018,12,12,6,2,6,0,0,1,0,0,0,0,1,0,0,0
2020,8,11,1,5,3,0,0,1,0,0,0,1,0,0,1,0
2020,9,11,5,5,2,0,1,0,0,0,0,1,0,0,1,0
2020,9,11,6,5,7,0,1,1,0,0,0,0,0,0,1,0
2021,9,13,3,2,6,0,0,1,0,0,0,0,0,0,1,0
2018,3,8,5,0,5,0,0,0,0,0,0,1,1,0,0,0
2018,5,11,5,5,2,0,0,1,0,1,0,0,0,0,0,0
2019,9,14,7,2,2,0,0,1,0,0,0,0,0,0,0,0
2019,11,17,2,6,2,2,0,1,1,0,0,0,1,0,0,1
2018,8,9,3,5,3,0,1,1,0,0,0,0,0,0,0,0
2018,10,18,4,5,3,1,1,1,0,0,0,0,0,0,0,0
2020,9,13,6,2,6,0,0,1,0,0,0,0,0,0,1,0
2019,4,14,6,5,2,0,0,1,0,1,0,0,0,0,0,0
2018,5,19,4,0,3,0,0,1,0,0,0,1,0,0,0,0
2020,9,15,2,0,1,0,0,0,0,1,0,0,0,0,1,0
2021,10,22,7,2,6,2,0,1,0,0,0,0,0,0,1,0
2019,1,21,4,1,5,2,1,1,0,0,0,0,0,0,0,0
2020,9,21,5,5,7,2,0,0,0,1,0,1,1,0,1,0
2018,4,13,1,2,6,0,0,1,0,0,0,0,0,0,0,0
2019,12,6,6,2,2,2,1,1,0,0,0,0,2,0,0,0
2021,9,19,6,5,3,0,0,1,0,0,0,0,0,0,1,0
2020,2,17,4,4,6,0,1,0,0,0,0,1,0,0,0,0
2021,10,5,7,1,5,2,1,1,0,0,0,0,0,0,1,1
2020,7,13,4,2,6,0,1,1,0,0,0,0,0,0,1,0
2020,9,18,2,5,3,0,0,1,0,0,0,1,0,0,1,0
2018,4,22,2,5,2,2,0,1,0,1,0,0,0,0,0,1
2018,12,14,4,2,2,0,0,1,0,0,0,0,1,0,0,0
2018,7,18,3,6,4,0,1,0,1,0,0,0,0,0,0,0
2020,4,10,1,0,1,0,1,0,0,0,0,0,0,1,2,0
2018,12,19,6,6,7,2,0,1,1,0,0,0,1,0,0,0
2018,10,16,5,0,2,0,1,1,0,0,0,0,0,0,0,0
2021,6,8,4,0,7,0,0,0,0,1,0,0,1,0,1,0
2021,2,10,5,6,7,0,0,0,1,0,0,1,0,1,2,0
2018,6,19,7,5,2,0,0,1,0,1,0,0,1,0,0,0
2018,10,18,4,6,4,2,0,0,1,1,0,0,0,0,0,0
2020,8,17,1,3,6,0,0,1,0,1,0,0,0,0,1,0
2021,8,15,6,1,5,0,1,1,0,0,0,0,0,0,1,0
2020,8,8,4,5,2,0,1,1,0,0,0,0,0,0,1,0
2019,5,23,6,2,6,2,0,1,0,0,0,0,0,0,0,0
2018,6,17,7,5,3,0,0,1,0,1,0,0,0,0,0,1
2020,8,17,2,5,3,0,0,1,0,0,0,0,1,0,1,0
2018,8,16,3,0,6,0,0,0,0,0,0,1,0,0,0,0
2020,4,18,1,0,1,0,1,0,0,0,0,0,0,1,2,0
2021,9,9,6,5,3,0,1,1,0,0,0,0,0,0,1,0
2018,12,16,2,1,5,2,0,1,0,0,0,0,0,0,0,0
2020,7,10,7,5,3,0,1,1,0,0,0,0,0,0,1,0
2020,12,15,6,5,3,0,0,1,0,0,0,0,0,1,2,0
2020,8,15,7,5,3,0,0,1,0,0,0,0,0,0,1,0
2020,11,13,1,5,3,0,0,1,0,0,0,0,1,1,2,0
2019,4,19,3,5,2,1,1,1,0,0,0,0,0,0,0,0
2018,4,16,5,3,6,0,0,0,0,1,1,0,1,0,0,0
2020,11,19,3,5,2,2,1,1,0,0,0,0,1,1,2,0
2019,5,15,2,1,5,0,1,1,0,0,0,1,0,0,0,0
2019,12,13,3,5,3,0,1,1,0,0,0,0,0,0,0,0
2018,7,13,2,5,7,0,0,1,0,1,0,0,0,0,0,0
2019,8,6,2,1,5,0,1,1,0,0,0,0,0,0,0,0
2020,10,19,6,6,2,2,0,1,1,0,0,0,1,1,1,0
2019,6,9,4,2,6,0,0,1,0,0,0,0,0,0,0,0
2018,8,21,3,2,6,2,0,0,0,1,0,0,0,0,0,0
2021,3,11,5,6,2,0,0,1,1,0,0,0,0,0,2,0
2019,12,6,1,8,1,2,0,1,0,0,0,0,2,0,0,0
2021,4,13,2,6,4,0,1,0,1,0,0,0,0,1,2,1
2021,5,21,2,1,7,2,1,1,0,0,0,0,0,1,2,0
2020,8,9,2,5,3,0,0,1,0,0,0,0,0,0,1,0
2020,9,15,5,5,3,0,1,1,0,0,0,0,0,0,1,0
2018,10,14,3,2,2,0,0,1,0,0,0,0,0,0,0,0
2021,7,10,7,5,3,0,0,1,0,1,0,0,0,0,1,1
2021,9,20,2,6,2,2,0,1,1,0,0,0,0,0,1,0
2019,6,16,5,6,4,0,0,1,1,0,0,0,0,0,0,1
2020,2,11,2,6,4,0,1,0,1,0,0,0,0,0,0,1
2019,6,12,1,5,3,0,0,1,0,1,0,0,0,0,0,1
2019,10,12,7,5,3,0,0,1,0,0,0,0,0,0,0,0
2019,4,13,5,1,7,0,0,1,0,0,0,0,0,0,0,0
2021,9,10,4,2,6,0,0,1,0,0,0,0,0,0,1,0
2018,9,16,3,2,6,0,0,1,0,0,0,0,0,0,0,0
2019,9,9,6,5,3,0,0,1,0,0,0,0,1,0,0,1
2018,10,3,6,0,1,2,1,0,0,0,0,0,0,0,0,0
2019,7,22,7,0,2,2,0,1,0,1,0,0,1,0,0,1
2019,7,11,6,6,7,0,0,1,1,0,0,0,0,0,0,0
2018,1,7,6,6,2,0,0,1,1,0,0,0,1,0,0,0
2018,12,18,5,0,7,2,0,1,0,0,0,1,0,0,0,0
2018,4,8,6,5,2,0,1,0,0,0,0,1,0,0,0,1
2020,10,22,2,5,2,2,1,1,0,0,0,0,0,1,1,0
2021,6,13,3,0,3,0,0,1,0,1,0,0,0,0,1,0
2019,5,12,5,5,2,0,0,1,0,1,0,0,0,0,0,0
2021,5,10,1,2,6,0,0,1,0,1,0,0,0,1,2,1
2020,4,8,6,5,3,0,1,1,0,0,0,0,0,1,2,0
2021,3,5,3,5,3,2,1,1,0,0,0,0,0,0,2,1
2019,7,20,2,3,6,1,1,1,0,0,0,0,0,0,0,0
2019,7,17,6,0,1,0,1,0,0,0,0,0,1,0,0,0
2018,12,12,4,6,4,0,0,1,1,0,0,0,0,0,0,0
2020,11,5,2,3,6,2,0,1,0,1,0,0,1,1,2,0
2019,5,18,6,5,2,0,0,1,0,0,0,0,0,0,0,0
2018,5,8,2,5,2,0,1,1,0,0,0,0,0,0,0,0
2018,7,9,3,1,5,0,1,1,0,0,0,0,0,0,0,0
2020,2,14,2,0,6,0,1,1,0,0,0,0,0,0,0,0
2018,5,18,5,3,6,0,0,0,0,1,1,0,0,0,0,0
2019,3,6,4,5,3,0,1,1,0,0,0,0,0,0,0,0
2021,6,15,3,5,3,0,1,0,0,0,0,0,0,0,1,0
2019,4,15,3,6,6,0,1,0,1,0,0,0,0,0,0,0
2019,12,17,3,1,5,2,0,1,0,0,0,0,1,0,0,0
2019,4,12,5,5,2,0,1,1,0,0,0,0,0,0,0,0
2021,1,10,4,5,3,0,0,1,0,0,0,1,0,1,2,0
2019,4,7,2,0,7,0,0,1,0,1,0,0,1,0,0,0
2021,12,16,5,6,2,2,0,1,1,0,0,0,0,1,2,0
2020,8,14,2,2,6,0,0,0,0,1,0,1,0,0,1,1
2018,6,15,5,5,2,0,1,1,0,0,0,0,1,0,0,0
2021,10,15,5,2,6,0,1,1,0,0,0,0,0,0,1,0
2018,1,6,2,0,7,2,0,1,0,0,0,0,0,0,0,0
2018,4,14,6,2,6,0,0,1,0,1,0,0,0,0,0,1
2019,6,8,5,5,2,0,1,0,0,0,1,0,0,0,0,1
2021,10,17,6,5,3,2,0,1,0,0,0,0,0,0,1,0
2018,7,12,7,2,6,0,0,1,0,0,0,0,0,0,0,0
2018,9,18,3,2,6,0,0,1,0,0,0,0,0,0,0,0
2018,6,17,6,5,3,0,0,1,0,0,0,0,0,0,0,0
2019,8,10,5,1,5,0,0,1,0,0,0,0,0,0,0,0
2018,1,9,2,2,7,0,1,0,0,0,0,1,0,0,0,0
2020,12,16,7,4,6,2,0,1,0,0,0,0,1,1,2,1
2018,11,9,5,2,2,0,0,1,0,0,0,0,0,0,0,0
2018,7,1,6,9,1,2,0,1,0,0,0,0,0,0,0,0
2019,3,13,3,1,5,0,0,1,0,0,0,0,1,0,0,0
2018,12,20,7,2,6,2,0,1,0,0,0,0,1,0,0,0
2020,10,9,6,5,3,0,1,1,0,0,0,0,1,1,1,0
2019,12,16,5,5,3,2,1,1,0,0,0,0,0,0,0,0
2020,8,20,2,5,2,0,1,1,0,0,0,0,0,0,1,1
2018,7,13,2,2,6,0,0,0,0,1,0,1,0,0,0,0
2019,3,20,2,6,4,2,0,1,1,0,0,0,1,0,0,0
2021,4,18,4,3,6,0,0,1,0,0,0,0,0,1,2,1
2019,10,13,5,5,3,0,1,1,0,0,0,0,0,0,0,0
2019,11,13,2,2,6,1,0,1,0,0,0,0,1,0,0,0
2021,6,18,3,5,3,0,1,1,0,0,0,0,0,0,1,0
2018,11,9,4,2,6,0,1,0,0,0,0,0,0,0,0,0
2018,6,11,3,3,6,0,1,1,0,0,0,0,0,0,0,0
2021,7,17,6,6,4,0,0,1,1,0,0,0,0,0,1,1
2019,12,16,1,5,3,2,0,1,0,0,0,0,1,0,0,0
2020,4,18,4,5,3,1,1,1,0,0,0,0,0,1,2,0
2019,8,17,3,2,6,0,0,1,0,0,0,0,0,0,0,0
2018,9,23,7,8,1,2,0,0,0,1,0,0,0,0,0,1
2018,5,18,3,0,3,0,0,1,0,1,0,0,0,0,0,0
2021,8,9,4,2,6,0,0,1,0,0,0,1,0,0,1,0
2019,9,20,6,0,1,2,1,1,0,0,0,0,0,0,0,0
2019,9,18,2,3,6,0,1,1,0,0,0,0,0,0,0,0
2019,1,17,4,2,6,2,0,1,0,0,0,0,1,0,0,0
2019,8,5,2,5,2,1,0,1,0,1,0,0,0,0,0,0
2019,10,15,3,0,3,0,1,1,0,0,0,0,1,0,0,0
2021,1,11,2,5,7,0,0,1,0,0,0,1,2,1,2,0
2021,7,14,3,0,4,0,1,0,1,0,0,0,0,0,1,0
2020,1,18,4,0,3,2,0,1,0,1,0,0,1,0,0,1
2018,5,7,6,5,3,0,1,1,0,0,0,0,0,0,0,0
2020,12,19,5,1,5,2,1,1,0,0,0,0,0,1,2,0
2019,8,15,7,1,5,0,0,1,0,1,0,0,0,0,0,0
2018,9,23,4,0,5,2,0,0,0,1,0,1,0,0,0,1
2019,7,15,1,5,3,0,0,1,0,1,0,0,0,0,0,0
2019,9,19,4,1,5,0,0,1,0,0,0,0,0,0,0,1
2020,7,12,6,0,6,0,0,0,0,0,0,1,0,0,1,0
2018,6,0,6,9,1,2,0,0,0,1,0,0,0,0,0,1
2021,4,8,3,5,3,0,1,0,0,0,0,1,0,1,2,0
2018,1,16,2,2,6,1,0,1,0,0,0,1,0,0,0,0
2018,5,17,5,5,2,0,1,1,0,0,0,0,0,0,0,0
2018,12,19,1,6,4,2,0,1,1,0,0,0,1,0,0,0
2020,2,15,7,2,6,0,0,1,0,0,0,0,0,0,0,0
2021,2,6,3,2,6,1,0,1,0,0,0,1,1,1,2,0
2018,6,13,2,1,5,0,1,1,0,0,0,0,0,0,0,0
2019,3,18,1,6,2,1,0,1,1,0,0,0,1,0,0,0
2020,6,18,7,1,1,0,1,1,0,0,0,0,0,0,1,0
2019,9,11,6,0,7,0,0,1,0,0,0,1,0,0,0,0
2019,1,11,4,6,7,0,1,0,1,0,0,0,1,0,0,0
2020,10,9,2,5,3,0,1,1,0,0,0,0,1,1,1,0
2018,5,7,2,5,3,0,1,1,0,0,0,0,0,0,0,0
2018,2,18,7,5,2,2,1,1,0,0,0,0,0,0,0,0
2018,10,7,3,8,1,0,0,1,0,0,0,0,0,0,0,0
2019,10,11,3,2,3,0,0,1,0,0,0,1,1,0,0,0
2019,7,13,4,3,6,0,0,1,0,1,0,0,0,0,0,1
2020,10,6,5,0,2,1,0,1,0,1,0,0,1,1,1,0
2019,4,17,5,5,3,0,1,1,0,0,0,0,0,0,0,0
2021,10,20,6,4,6,2,0,1,0,0,0,0,1,0,1,0
2018,5,16,5,0,5,0,1,0,0,0,0,1,0,0,0,0
2019,5,8,2,5,2,0,1,0,0,0,1,0,0,0,0,0
2019,8,9,3,5,3,0,0,1,0,1,0,0,0,0,0,1
2018,8,23,3,0,1,2,0,0,0,1,0,0,0,0,0,0
2018,7,19,3,0,6,0,0,1,0,1,0,0,0,0,0,0
2020,1,14,1,2,6,0,0,1,0,0,0,0,0,0,0,1
2020,2,4,7,1,1,2,0,1,0,0,0,0,1,0,0,1
2019,5,13,5,5,3,0,1,1,0,0,0,0,1,0,0,0
2019,4,20,5,1,5,1,0,1,0,1,0,0,0,0,0,0
2018,7,11,2,5,7,0,1,1,0,0,0,0,0,0,0,0
2019,2,13,7,0,1,0,0,0,0,1,0,0,0,0,0,0
2021,7,13,6,1,5,0,1,1,0,0,0,0,0,0,1,0
2020,10,19,7,0,7,2,1,0,0,0,0,0,0,1,1,0
2020,10,17,1,1,5,0,1,1,0,0,0,0,0,1,1,0
2019,10,16,3,2,6,0,0,1,0,1,0,0,1,0,0,0
2021,6,16,7,5,3,0,1,0,0,0,0,0,0,0,1,0
2020,9,20,7,6,6,1,0,1,1,0,0,0,0,0,1,0
2021,8,15,3,2,2,0,1,1,0,0,0,0,0,0,1,0
2018,4,17,4,2,6,0,0,1,0,0,0,0,0,0,0,0
2019,6,23,7,0,1,2,1,0,0,0,0,0,0,0,0,1
2020,7,18,4,1,5,0,1,1,0,0,0,0,0,0,1,1
2019,7,16,2,0,1,0,0,0,0,0,0,1,0,0,0,1
2020,9,6,1,1,7,1,0,1,0,0,0,1,0,0,1,0
2019,4,21,3,6,4,2,1,1,1,0,0,0,0,0,0,0
2020,4,17,2,2,7,0,0,1,0,1,0,0,0,1,2,0
2019,6,17,3,5,7,0,1,1,0,0,0,0,0,0,0,1
2021,6,17,2,6,4,0,1,0,1,0,0,0,0,0,1,0
2018,7,14,7,5,2,0,1,1,0,0,0,0,0,0,0,0
2019,8,13,5,1,5,0,0,1,0,1,0,0,0,0,0,1
2021,9,17,5,2,6,0,0,1,0,0,0,0,0,0,1,0
2021,9,8,7,0,1,0,0,0,0,1,0,0,1,0,1,0
2020,5,10,7,6,4,0,0,1,1,0,0,0,0,1,1,0
2018,6,15,5,0,5,0,1,1,0,0,0,0,0,0,0,0
2021,10,20,5,2,6,2,0,1,0,0,0,0,0,0,1,1
2020,5,16,2,5,2,0,0,1,0,0,0,0,1,1,1,0
2018,6,8,6,2,6,0,0,1,0,0,0,0,0,0,0,0
2020,9,15,1,1,5,0,1,1,0,0,0,0,0,0,1,0
2018,4,9,3,2,6,0,0,1,0,0,0,0,1,0,0,1
2020,9,17,5,6,4,0,1,0,1,0,0,0,0,0,1,0
2018,7,9,2,1,5,0,1,1,0,0,0,0,0,0,0,0
2019,3,14,6,3,6,0,0,1,0,1,0,0,0,0,0,1
2020,4,13,7,3,6,0,0,1,0,0,0,0,0,1,2,0
2020,9,13,4,0,2,0,1,0,0,0,0,0,1,0,1,0
2021,10,7,6,5,3,0,0,1,0,0,0,0,0,0,1,0
2019,7,13,4,0,3,0,0,1,0,0,0,0,0,0,0,0
2020,10,16,2,0,7,0,1,0,0,0,0,0,0,1,1,0
2019,4,8,5,2,6,0,0,1,0,0,0,0,0,0,0,0
2019,12,17,2,5,2,2,0,1,0,0,0,1,1,0,0,0
2018,11,14,7,0,1,0,1,0,0,0,0,0,0,0,0,1
2019,11,13,6,6,4,0,0,1,1,0,0,0,0,0,0,0
2018,4,17,6,0,2,0,0,1,0,1,0,0,0,0,0,0
2019,4,15,3,2,6,0,0,1,0,0,0,0,0,0,0,0
2020,6,15,5,0,3,0,0,1,0,1,0,0,0,0,1,0
2019,8,14,4,5,3,0,0,1,0,1,0,0,0,0,0,0
2018,3,9,6,2,6,0,0,1,0,0,0,0,0,0,0,0
2018,3,4,1,1,1,2,0,1,0,0,0,0,0,0,0,0
2018,9,20,1,5,2,2,0,1,0,1,0,0,0,0,0,1
2018,6,1,7,8,1,2,0,1,0,0,0,0,0,0,0,0
2018,10,13,4,2,6,0,0,1,0,0,0,0,0,0,0,0
2020,7,13,3,4,6,0,1,0,0,0,0,0,0,0,1,0
2020,9,17,7,5,3,0,0,1,0,0,0,0,0,0,1,0