UJAHR,UMONAT,USTUNDE,UWOCHENTAG,UART,UTYP1,ULICHTVERH,IstRad,IstPKW,IstFuss,IstKrad,IstGkfz,IstSonstige,USTRZUSTAND,LOCKDOWN,COVID,UKATEGORIE
2019,6,7,5,3,6,0,0,1,0,1,0,0,1,0,0,0
2019,2,12,6,2,6,0,0,1,0,0,0,0,1,0,0,0
2020,6,16,2,3,2,0,0,1,0,1,0,0,0,0,1,0
2021,10,14,6,5,2,0,1,1,0,0,0,0,0,0,1,0
2018,11,16,4,2,6,2,0,1,0,1,0,0,0,0,0,0
2020,12,14,4,5,2,0,0,1,0,0,0,1,0,1,2,0
2021,2,21,7,1,5,2,0,0,0,0,1,1,0,1,2,0
2021,5,16,3,5,3,0,1,1,0,0,0,0,0,1,2,0
2019,5,15,2,2,7,0,1,1,0,0,0,0,0,0,0,0
2020,6,13,2,3,6,0,0,0,0,1,1,0,0,0,1,1
2018,9,1,6,5,3,2,1,1,0,0,0,0,0,0,0,0
2018,6,7,3,5,3,0,1,1,0,0,0,0,0,0,0,1
2021,11,7,3,1,7,0,0,0,0,0,1,1,1,0,2,0
2020,6,13,7,5,3,0,1,1,0,0,0,0,0,0,1,0
2018,4,10,1,5,2,0,0,1,0,0,0,0,1,0,0,0
2018,9,21,2,2,7,2,0,1,0,1,0,0,1,0,0,0
2018,7,23,3,5,2,2,1,0,0,0,0,1,1,0,0,0
2020,8,8,7,0,1,0,0,0,0,1,0,0,1,0,1,0
2019,4,14,3,0,3,0,1,0,0,1,0,0,0,0,0,0
2020,10,18,1,5,3,2,0,1,0,0,0,0,1,1,1,0
2019,2,16,6,0,1,0,0,0,0,1,0,0,0,0,0,1
2018,2,10,2,5,2,0,0,1,0,0,0,0,0,0,0,0
2018,12,16,2,2,6,2,0,1,0,0,0,0,0,0,0,0
2020,6,14,5,2,6,0,0,1,0,0,0,0,0,0,1,0
2021,10,7,4,5,2,1,1,1,0,0,0,0,1,0,1,0
2018,4,18,4,6,4,0,0,0,1,0,0,1,0,0,0,0
2020,12,13,5,5,3,0,0,1,0,0,0,0,0,1,2,0
2019,12,9,7,5,2,0,1,1,0,0,0,0,1,0,0,0
2018,8,17,7,5,3,0,1,0,0,0,0,0,0,0,0,0
2018,6,22,1,0,3,2,1,1,0,0,0,0,0,0,0,0
2018,11,11,1,5,3,0,0,1,0,0,0,0,0,0,0,0
2020,7,12,3,4,6,0,1,1,0,0,0,0,0,0,1,0
2021,10,13,4,4,1,0,0,1,0,1,0,0,0,0,1,0
2021,6,8,2,0,3,0,1,1,0,0,0,0,0,0,1,0
2020,4,14,7,5,2,0,1,1,0,0,0,0,0,1,2,0
2020,6,16,2,5,2,0,0,1,0,0,0,0,0,0,1,1
2021,9,7,4,5,3,0,1,0,0,0,0,1,0,0,1,0
2018,3,11,2,1,5,0,1,1,0,0,0,0,0,0,0,0
2018,10,16,7,5,2,0,1,1,0,0,0,0,0,0,0,1
2020,8,7,2,0,1,0,1,0,0,0,0,0,0,0,1,0
2020,7,15,5,0,1,0,0,0,0,1,0,0,1,0,1,0
2019,10,14,7,0,7,0,0,0,0,0,0,1,0,0,0,0
2018,6,19,4,0,1,0,0,0,0,1,0,0,0,0,0,0
2019,4,20,4,5,3,1,1,0,0,0,0,0,0,0,0,0
2019,12,9,4,0,1,0,0,0,0,1,0,0,0,0,0,0
2021,12,19,7,5,7,2,0,1,0,0,0,0,1,1,2,0
2018,7,14,4,6,4,0,0,0,1,0,0,1,0,0,0,0
2018,11,12,5,6,4,0,0,0,1,1,0,0,0,0,0,1
2019,8,8,6,2,6,0,0,1,0,0,0,0,0,0,0,0
2019,12,13,4,5,3,0,0,1,0,0,0,1,1,0,0,0
2019,11,15,5,6,4,0,0,1,1,0,0,0,1,0,0,0
2020,7,18,6,0,5,0,1,1,0,0,0,0,0,0,1,0
2020,2,7,2,5,3,0,1,1,0,0,0,0,1,0,0,0
2021,7,14,2,2,6,0,0,1,0,0,0,0,1,0,1,0
2019,10,8,6,2,6,0,0,1,0,0,0,0,0,0,0,0
2021,4,13,4,5,3,0,1,1,0,0,0,0,0,1,2,0
2018,1,20,4,6,4,2,0,1,1,0,0,0,1,0,0,1
2018,10,13,2,5,3,0,1,1,0,0,0,0,0,0,0,0
2018,3,19,6,5,2,2,1,1,0,0,0,0,0,0,0,0
2021,2,17,3,5,3,0,0,1,0,0,0,0,0,1,2,0
2020,8,1,7,2,6,2,1,1,0,0,0,0,0,0,1,0
2018,6,18,6,0,6,0,1,0,0,0,0,0,0,0,0,1
2021,2,11,3,5,3,0,0,1,0,0,0,0,1,1,2,1
2018,9,14,4,0,5,0,1,0,0,0,0,1,0,0,0,0
2018,11,8,6,0,2,0,1,0,0,0,0,1,1,0,0,0
2021,10,8,3,5,7,0,0,1,0,0,0,0,1,0,1,1
2019,4,9,6,0,7,0,1,0,0,0,1,0,0,0,0,0
2019,10,19,3,5,2,2,1,1,0,0,0,0,0,0,0,0
2021,10,9,2,6,7,0,0,1,1,0,0,0,0,0,1,0
2019,5,16,4,5,2,0,1,0,0,0,0,1,0,0,0,0
2019,5,11,7,1,5,0,1,1,0,0,0,0,0,0,0,0
2020,1,9,5,5,3,0,0,1,0,0,0,0,1,0,0,0
2020,12,15,6,5,7,2,1,1,0,0,0,0,0,1,2,0
2021,7,19,3,0,1,0,1,0,0,0,0,0,0,0,1,0
2019,4,9,5,0,6,0,0,0,0,0,0,1,0,0,0,0
2021,6,12,4,2,6,0,0,1,0,0,0,1,1,0,1,0
2019,9,18,3,5,2,0,0,1,0,1,0,0,1,0,0,0
2019,7,18,3,5,3,0,1,1,0,0,0,0,0,0,0,0
2019,10,8,6,5,2,0,0,1,0,0,1,0,1,0,0,0
2020,7,17,3,5,2,0,1,1,0,0,0,0,0,0,1,0
2020,8,10,7,1,5,0,1,1,0,0,0,0,0,0,1,0
2020,6,8,2,5,2,0,0,1,0,1,0,0,0,0,1,0
2018,9,16,4,5,2,0,1,1,0,0,0,0,0,0,0,1
2018,3,9,5,2,6,0,0,1,0,0,0,0,0,0,0,0
2018,4,15,2,5,2,0,1,1,0,0,0,0,0,0,0,0
2020,10,1,7,5,2,2,1,1,0,0,0,0,1,1,1,1
2021,7,17,6,0,2,0,0,1,0,0,0,1,0,0,1,1
2020,8,12,2,2,6,0,0,1,0,0,1,0,0,0,1,0
2021,1,16,5,0,6,1,0,1,0,0,0,1,0,1,2,0
2021,10,17,5,3,6,0,0,1,0,0,0,0,0,0,1,0
2019,10,22,5,1,5,2,0,1,0,0,0,0,0,0,0,0
2020,9,7,3,5,3,0,1,1,0,0,0,0,0,0,1,0
2018,9,17,6,6,6,0,1,0,1,0,0,0,0,0,0,0
2018,2,16,3,2,6,2,0,1,0,0,0,0,0,0,0,0
2021,7,4,4,5,3,1,0,1,0,1,0,0,1,0,1,0
2020,3,18,6,6,4,2,0,1,1,0,0,0,1,1,1,0
2020,8,15,2,5,3,0,0,1,0,0,0,0,0,0,1,0
2019,4,23,7,2,6,2,0,1,0,0,0,0,0,0,0,0
2018,11,9,6,3,6,0,0,0,0,1,0,1,0,0,0,0
2020,6,9,4,5,3,0,1,1,0,0,0,0,0,0,1,0
2018,6,12,2,2,6,0,0,1,0,0,0,0,0,0,0,0
2019,6,14,6,2,6,0,0,1,0,0,0,0,0,0,0,0
2018,10,5,2,2,6,2,0,1,0,1,0,0,0,0,0,0
2019,10,14,6,2,6,0,0,1,0,0,0,0,1,0,0,0
2021,5,14,5,2,6,0,0,1,0,0,0,0,0,1,2,0
2019,10,13,1,5,3,0,1,1,0,0,0,0,0,0,0,0
2019,9,7,2,2,7,0,0,0,0,1,0,1,0,0,0,0
2020,6,9,4,5,3,0,1,1,0,0,0,0,0,0,1,0
2019,1,18,4,2,6,2,0,1,0,0,0,0,1,0,0,0
2021,8,15,6,0,1,0,0,0,0,1,0,0,1,0,1,1
2020,6,8,3,5,3,0,1,1,0,0,0,0,0,0,1,0
2018,8,15,2,0,4,0,0,0,1,1,0,0,0,0,0,0
2018,10,13,6,5,3,0,0,1,0,0,0,0,0,0,0,0
2019,8,21,4,0,1,2,1,0,0,0,0,0,0,0,0,0
2021,11,14,6,6,4,0,0,1,1,0,0,0,0,0,2,0
2020,11,8,5,0,1,0,1,0,0,0,0,0,1,1,2,0
2021,9,15,1,6,4,0,0,1,1,0,0,0,0,0,1,0
2018,10,15,3,1,5,0,0,1,0,0,0,1,1,0,0,0
2019,11,8,2,6,4,0,1,0,1,0,0,0,0,0,0,0
2020,2,16,4,5,3,0,1,1,0,0,0,0,0,0,0,1
2020,1,14,6,5,7,0,0,1,0,1,0,0,1,0,0,0
2018,2,6,5,3,6,0,0,0,0,0,1,1,0,0,0,1
2020,5,13,7,2,6,0,0,1,0,0,0,0,1,1,1,0
2021,8,13,1,5,3,0,0,1,0,0,0,0,1,0,1,0
2018,10,13,2,2,6,0,0,1,0,0,1,0,1,0,0,0
2020,11,18,2,5,3,2,1,0,0,0,0,1,1,1,2,0
2021,9,17,4,2,6,0,0,1,0,0,0,0,0,0,1,0
2018,9,17,4,5,2,0,0,1,0,0,0,1,0,0,0,1
2018,7,6,6,5,2,0,1,1,0,0,0,0,0,0,0,0
2018,9,13,6,5,2,0,1,1,0,0,0,0,0,0,0,0
2020,10,15,4,2,2,0,0,1,0,0,1,0,1,1,1,1
2018,8,10,2,2,7,0,0,1,0,0,0,0,0,0,0,0
2018,7,8,2,0,3,0,1,1,0,0,0,0,0,0,0,0
2021,4,16,1,2,6,0,0,1,0,0,0,0,0,1,2,0
2018,7,10,5,2,6,0,0,1,0,0,0,0,0,0,0,0
2020,7,12,3,2,6,0,1,0,0,0,0,1,0,0,1,0
2020,10,10,4,2,6,0,1,1,0,0,0,0,1,1,1,0
2020,5,8,5,0,1,0,1,0,0,0,0,0,0,1,1,0
2019,10,7,5,0,1,0,1,0,0,0,0,0,1,0,0,0
2020,4,12,6,3,6,0,0,1,0,1,0,0,0,1,2,0
2020,11,18,5,4,7,2,0,1,0,0,0,0,0,1,2,1
2021,7,21,3,5,2,2,0,1,0,0,0,0,0,0,1,0
2020,11,2,2,4,6,2,0,1,0,0,0,0,0,1,2,0
2021,9,18,5,5,3,0,1,1,0,0,0,0,0,0,1,0
2018,7,9,4,5,7,0,0,1,0,0,0,0,0,0,0,0
2019,11,20,5,5,7,2,0,1,0,1,0,0,1,0,0,0
2019,9,17,6,4,6,0,0,1,0,1,0,0,1,0,0,0
2018,10,14,6,5,2,0,1,0,0,0,1,0,0,0,0,0
2021,8,22,6,5,2,2,1,1,0,0,0,0,0,0,1,0
2018,9,9,6,1,5,0,1,1,0,0,0,0,0,0,0,1
2021,6,16,5,4,6,0,0,1,0,0,0,1,0,0,1,0
2020,12,17,5,1,5,2,1,1,0,0,0,0,1,1,2,0
2019,3,14,6,5,2,0,0,1,0,0,0,0,0,0,0,0
2021,6,20,2,5,3,0,1,0,0,0,0,0,0,0,1,0
2019,8,19,7,5,3,0,0,1,0,0,0,0,0,0,0,0
2020,10,8,5,5,2,0,1,1,0,0,0,0,0,1,1,0
2018,10,13,6,2,6,0,0,1,0,0,0,0,0,0,0,0
2021,9,11,5,5,3,0,1,1,0,0,0,0,0,0,1,0
2020,6,20,2,0,2,1,1,1,0,0,0,0,0,0,1,0
2019,6,9,1,1,5,0,1,1,0,0,0,0,0,0,0,0
2018,10,20,2,5,2,2,0,0,0,1,0,0,0,0,0,1
2018,9,7,3,5,2,0,1,1,0,0,0,0,0,0,0,0
2019,5,12,2,2,6,0,0,1,0,0,1,1,0,0,0,1
2018,7,14,3,6,4,0,1,0,1,0,0,0,0,0,0,0
2020,7,22,4,0,1,2,1,0,0,0,0,0,0,0,1,0
2020,7,8,2,2,2,0,1,1,0,0,0,0,0,0,1,0
2018,6,8,5,6,4,0,0,1,1,0,0,0,0,0,0,0
2020,10,2,7,1,1,2,0,1,0,1,0,0,1,1,1,1
2021,6,13,6,5,7,0,0,0,0,1,0,1,0,0,1,0
2021,7,8,4,5,3,0,0,1,0,0,0,0,1,0,1,0
2019,6,8,1,0,1,0,1,0,0,0,0,0,0,0,0,1
2020,7,10,4,2,6,0,0,1,0,0,0,0,0,0,1,0
2021,7,17,6,5,3,0,0,1,0,0,0,0,0,0,1,0
2021,4,10,2,2,6,0,0,1,0,0,0,0,0,1,2,1
2019,6,15,3,6,2,0,0,1,1,0,0,0,0,0,0,0
2019,6,17,4,6,4,0,1,0,1,0,0,0,0,0,0,0
2021,8,18,4,6,7,0,0,1,1,0,0,0,1,0,1,0
2018,5,8,5,5,3,0,1,1,0,0,0,0,0,0,0,1
2021,11,13,7,0,1,0,0,0,0,1,0,0,1,0,2,0
2018,8,15,4,5,2,0,1,1,0,0,0,0,0,0,0,0
2019,6,15,7,2,6,0,0,1,0,0,0,0,0,0,0,0
2019,5,7,3,2,6,0,0,1,0,0,0,0,0,0,0,0
2020,9,18,3,2,6,0,0,1,0,0,0,0,0,0,1,0
2018,9,15,6,1,5,0,1,0,0,0,0,0,0,0,0,0
2018,3,14,4,3,6,0,0,1,0,0,0,0,1,0,0,0
2021,8,13,2,1,5,0,0,1,0,0,0,1,0,0,1,0
2018,4,14,2,5,2,0,0,1,0,0,0,0,0,0,0,0
2019,5,7,5,5,2,0,1,1,0,0,0,0,0,0,0,0
2020,10,8,6,5,2,0,1,1,0,0,0,0,0,1,1,0
2021,6,13,5,1,5,0,1,1,0,0,0,0,0,0,1,0
2019,3,17,5,2,1,0,0,1,0,0,0,0,0,0,0,0
2019,5,10,5,5,2,0,0,1,0,0,0,1,0,0,0,0
2021,11,9,2,5,3,0,0,1,0,0,0,0,1,0,2,0
2018,3,15,5,1,5,0,0,1,0,0,0,0,1,0,0,0
2020,9,18,4,5,2,0,0,1,0,0,0,0,0,0,1,1
2018,5,14,3,6,4,0,0,0,1,1,0,0,0,0,0,0
2019,8,19,3,0,1,1,1,0,0,0,0,0,0,0,0,0
2018,6,8,3,5,2,0,1,1,0,0,0,0,0,0,0,0
2021,8,14,4,4,6,0,1,0,0,0,0,1,0,0,1,0
2020,7,14,3,2,6,0,0,1,0,0,0,0,0,0,1,0
2019,10,8,2,5,3,0,0,1,0,1,0,0,0,0,0,0
2021,12,18,3,3,6,0,0,1,0,0,1,0,0,1,2,0
2018,9,9,6,2,6,0,0,1,0,0,0,0,1,0,0,0
2018,12,20,4,2,6,2,0,1,0,0,0,0,1,0,0,0
2021,2,5,3,5,2,2,0,1,0,0,0,0,1,1,2,0
2019,7,5,4,5,3,0,1,1,0,0,0,0,0,0,0,0
2020,11,15,2,5,3,0,0,1,0,0,0,0,0,1,2,0
2019,9,15,7,5,2,0,0,1,0,0,0,0,1,0,0,0
2019,7,22,7,5,2,2,1,0,0,0,0,1,1,0,0,0
2018,6,7,6,0,6,0,1,0,0,0,0,1,0,0,0,1
2020,7,10,6,5,2,0,1,1,0,0,0,0,0,0,1,0
2020,8,8,1,5,3,0,1,1,0,0,0,0,0,0,1,0
2019,5,9,1,1,5,0,1,1,0,0,0,1,0,0,0,0
2020,6,19,2,5,2,0,1,1,0,0,0,0,0,0,1,0
2019,7,12,2,6,4,0,0,1,1,0,0,0,0,0,0,0
2018,10,11,5,2,6,0,0,1,0,0,0,1,0,0,0,0
2019,6,18,6,0,1,0,1,0,0,0,0,0,0,0,0,0
2020,4,13,3,2,6,0,0,1,0,0,0,0,0,1,2,0
2020,3,14,4,2,2,0,0,1,0,0,0,0,1,1,1,0
2020,6,20,1,1,7,0,1,1,0,0,0,0,0,0,1,0
2018,12,12,4,1,5,0,1,1,0,0,0,0,0,0,0,0
2019,3,10,3,5,3,0,1,0,0,0,0,1,1,0,0,0
2018,12,17,3,6,6,2,0,1,1,0,0,0,1,0,0,1
2018,6,10,2,5,3,0,1,1,0,0,0,0,0,0,0,1
2021,6,16,4,8,1,0,0,1,0,0,0,0,1,0,1,0
2018,7,20,6,1,5,0,1,1,0,0,0,0,0,0,0,0
2021,6,21,2,0,4,1,0,0,1,1,0,0,0,0,1,0
2019,3,11,4,2,6,0,0,1,0,0,0,0,0,0,0,0
2019,10,13,4,6,4,0,0,1,1,0,0,0,0,0,0,0
2019,8,15,5,2,6,0,0,1,0,0,0,0,0,0,0,0
2019,9,19,4,2,6,1,0,1,0,0,0,0,0,0,0,0
2019,6,19,2,1,5,0,1,1,0,0,0,0,0,0,0,0
2018,9,18,7,3,6,0,0,1,0,0,0,1,0,0,0,0
2018,7,14,2,1,5,0,1,1,0,0,0,0,0,0,0,0
2020,10,7,3,5,3,0,1,1,0,0,0,0,0,1,1,1
2021,1,17,2,5,3,2,1,1,0,0,0,0,1,1,2,1
2019,1,18,5,6,2,2,0,1,1,0,0,0,0,0,0,0
2018,11,8,6,5,2,0,1,0,0,0,0,1,0,0,0,0
2019,6,12,6,5,7,0,0,0,0,1,0,1,0,0,0,0
2020,9,16,1,2,6,0,0,1,0,0,0,0,0,0,1,0
2021,5,17,3,5,3,0,1,1,0,0,0,0,0,1,2,0
2021,10,14,6,5,2,0,0,1,0,1,0,0,0,0,1,1
2021,5,7,6,6,4,0,1,0,1,0,0,0,0,1,2,0
2020,5,15,5,5,2,0,1,1,0,0,0,0,0,1,1,1
2021,4,14,5,5,3,0,1,1,0,0,0,0,0,1,2,0
2018,6,9,7,5,3,0,1,1,0,0,0,0,0,0,0,1
2018,7,18,3,6,4,0,0,1,1,0,0,0,0,0,0,0
2020,2,15,4,0,3,0,1,0,0,0,0,1,0,0,0,0
2019,7,2,2,5,3,2,0,1,0,0,0,0,0,0,0,0
2021,10,4,3,1,7,2,0,1,0,0,0,0,0,0,1,0
2018,10,8,3,2,6,0,1,1,0,0,0,0,0,0,0,0
2021,11,18,7,1,5,2,0,1,0,0,0,0,1,0,2,0
2021,4,7,1,1,7,0,0,1,0,0,0,0,1,1,2,0
2019,8,14,3,2,6,0,0,1,0,0,0,0,0,0,0,0
2021,1,18,3,5,3,2,0,1,0,0,0,0,1,1,2,0
2019,11,11,1,0,5,0,1,1,0,0,0,0,0,0,0,0
2019,12,8,4,0,4,0,0,0,1,0,0,1,0,0,0,0
2020,10,18,2,6,7,1,0,1,1,0,0,0,0,1,1,1
2021,7,11,7,6,4,0,0,1,1,0,0,0,0,0,1,0
2019,7,19,7,6,4,0,1,0,1,0,0,0,0,0,0,0
2018,4,15,3,1,5,0,0,1,0,1,0,0,0,0,0,0
2020,5,8,4,1,5,0,1,1,0,0,0,0,0,1,1,0
2020,4,15,4,2,6,0,0,1,0,0,0,0,0,1,2,0
2021,4,22,6,5,2,2,0,1,0,0,0,1,0,1,2,0
2019,9,14,5,5,3,0,1,1,0,0,0,0,0,0,0,0
2021,6,13,6,5,3,0,0,1,0,0,0,0,0,0,1,0
2019,9,9,5,3,6,0,0,0,0,1,0,1,0,0,0,0
2019,3,8,5,5,3,0,0,1,0,0,0,0,1,0,0,0
2019,9,6,6,5,3,0,0,1,0,0,0,0,0,0,0,0
2021,9,6,4,5,3,0,1,1,0,0,0,0,0,0,1,0
2019,6,18,5,0,7,0,1,0,0,0,0,0,0,0,0,0
2018,10,12,6,5,3,0,0,1,0,1,0,0,0,0,0,0
2020,10,9,6,2,6,0,0,1,0,0,0,0,0,1,1,0
2021,6,19,3,5,7,0,0,1,0,1,0,0,0,0,1,0
2018,6,6,3,0,6,0,0,1,0,1,0,0,1,0,0,0
2019,8,14,1,0,6,0,0,1,0,1,0,0,0,0,0,0
2020,2,5,3,5,3,2,1,1,0,0,0,0,1,0,0,1
2019,10,15,4,5,2,0,1,1,0,0,0,0,0,0,0,0
2021,8,9,5,1,5,0,1,1,0,0,0,0,0,0,1,0
2020,1,9,2,2,2,0,0,1,0,0,0,1,0,0,0,0
2019,6,11,6,5,2,0,0,1,0,1,0,0,0,0,0,0
2020,2,14,7,5,3,0,0,1,0,1,0,0,0,0,0,1
2020,2,18,4,5,2,2,1,1,0,0,0,0,1,0,0,0
2021,8,6,1,5,2,0,0,1,0,0,0,0,0,0,1,0
2021,4,12,3,1,5,0,1,1,0,0,0,0,0,1,2,1
2019,5,11,5,5,3,0,0,1,0,0,0,0,0,0,0,0
2021,4,18,6,6,4,0,1,0,1,0,0,0,0,1,2,0
2021,8,14,6,5,3,0,0,1,0,1,0,0,0,0,1,1
2019,4,11,1,3,6,0,0,1,0,0,0,0,0,0,0,0
2020,11,14,5,5,2,0,1,1,0,0,0,0,0,1,2,0
2018,5,7,6,0,2,0,1,1,0,0,0,0,0,0,0,0
2020,8,11,4,5,3,0,0,1,0,0,0,0,1,0,1,0
2018,11,13,5,1,5,0,1,1,0,0,0,0,0,0,0,0
2021,8,18,5,6,7,0,0,0,1,0,0,1,0,0,1,0
2020,8,8,4,2,6,0,0,1,0,0,0,0,0,0,1,0
2019,10,16,3,3,6,2,0,1,0,1,0,0,0,0,0,0
2021,7,10,6,5,2,0,0,1,0,0,0,0,0,0,1,0
2019,9,6,2,0,2,1,0,1,0,1,0,0,1,0,0,1
2021,5,15,2,1,5,0,1,0,0,0,0,1,0,1,2,0
2018,6,7,2,0,7,0,0,0,0,1,0,0,1,0,0,0
2021,3,10,2,5,3,0,1,1,0,0,0,0,0,0,2,1
2020,11,12,7,6,4,0,0,1,1,0,0,0,0,1,2,0
2020,3,18,6,2,6,2,0,1,0,0,0,0,1,1,1,0
2021,5,16,6,0,3,0,1,0,0,1,0,0,1,1,2,1
2018,1,8,4,2,7,1,0,1,0,0,0,0,0,0,0,0
2018,9,13,5,3,6,0,1,1,0,0,0,0,0,0,0,0
2020,3,18,7,0,6,1,1,0,0,0,0,1,0,1,1,1
2021,3,17,4,5,2,0,0,1,0,1,0,0,1,0,2,0
2020,9,18,4,0,3,1,1,1,0,0,0,0,0,0,1,0
2021,8,13,4,4,5,0,0,1,0,0,0,1,0,0,1,0
2021,12,19,5,1,5,2,1,1,0,0,0,0,1,1,2,0
2021,9,10,2,6,7,0,1,0,1,0,0,0,0,0,1,0
2021,6,17,4,5,2,0,0,1,0,1,0,0,0,0,1,0
2020,4,16,1,0,1,0,0,0,0,1,0,0,0,1,2,0
2020,7,10,5,5,2,0,0,1,0,0,0,1,0,0,1,1
2021,11,6,2,6,2,1,0,1,1,0,0,0,1,0,2,0
2020,12,18,3,6,4,2,0,0,1,0,0,1,0,1,2,1
2021,4,19,5,0,1,0,0,0,0,1,0,0,1,1,2,0
2020,10,6,6,5,3,0,1,1,0,0,0,0,1,1,1,0
2021,11,6,3,6,4,2,0,1,1,0,0,0,1,0,2,1
2019,6,12,5,1,5,0,1,1,0,0,0,0,0,0,0,0
2018,7,7,5,1,5,0,1,1,0,0,0,0,0,0,0,0
2018,10,14,4,6,4,0,0,1,1,0,0,0,0,0,0,0
2019,5,8,4,8,1,0,0,0,0,1,0,0,0,0,0,0
2020,6,12,7,0,7,0,1,0,0,0,0,0,0,0,1,0
2021,5,7,6,6,2,0,0,1,1,0,0,0,0,1,2,0
2018,7,15,2,5,2,0,0,1,0,1,0,0,0,0,0,0
2019,5,11,2,5,2,0,1,1,0,0,0,0,0,0,0,0
2021,1,10,4,5,7,0,0,1,0,0,0,1,1,1,2,0
2021,6,20,7,1,5,1,1,1,0,0,0,0,0,0,1,0
2018,4,14,7,5,2,0,0,1,0,0,0,0,0,0,0,1
2020,11,11,2,5,2,0,1,1,0,0,0,0,0,1,2,1
2019,9,13,3,0,1,0,0,0,0,1,0,0,1,0,0,0
2021,10,8,2,2,6,0,0,1,0,0,0,0,0,0,1,0
2019,1,18,5,6,2,2,0,1,1,0,0,0,1,0,0,1
2018,5,13,5,2,6,0,0,1,0,0,0,0,0,0,0,0
2018,4,10,7,0,7,0,0,1,0,0,0,0,0,0,0,0
2018,11,11,7,1,5,0,1,1,0,0,0,0,0,0,0,0
2019,5,16,2,2,6,0,0,1,0,0,0,0,0,0,0,0
2018,1,17,3,5,2,2,0,1,0,0,0,0,0,0,0,0
2018,1,10,2,5,3,0,0,1,0,0,0,0,1,0,0,0
2021,9,8,5,1,7,0,0,0,0,1,0,1,0,0,1,0
2021,10,8,7,5,3,0,0,1,0,0,0,0,1,0,1,0
2021,12,17,2,3,6,2,0,1,0,0,0,1,2,1,2,0
2021,2,14,7,3,6,0,0,1,0,0,0,1,0,1,2,0
2018,10,15,5,5,2,0,1,1,0,0,0,0,0,0,0,1
2018,7,8,7,6,4,0,0,1,1,0,0,0,0,0,0,0
2021,11,18,3,2,6,2,0,1,0,0,0,0,0,0,2,0
2020,11,16,2,0,1,2,0,0,0,1,0,0,1,1,2,0
2019,4,18,2,5,2,0,0,1,0,1,0,0,0,0,0,0
2020,11,15,2,6,4,0,0,1,1,0,0,0,0,1,2,0
2021,2,17,4,6,2,2,0,1,1,0,0,0,1,1,2,1
2019,8,15,5,5,3,0,1,0,0,0,0,0,0,0,0,0
2018,4,20,6,5,3,2,0,1,0,0,0,0,1,0,0,0
2021,2,9,4,2,6,0,0,1,0,0,0,0,1,1,2,0
2020,7,6,1,3,6,0,1,0,0,0,0,0,0,0,1,0
2021,6,16,5,3,6,0,0,1,0,0,0,1,0,0,1,0
2021,6,20,7,0,1,0,0,0,0,1,0,0,1,0,1,1
2020,5,14,3,0,1,0,0,0,0,1,0,0,0,1,1,0
2018,5,15,5,0,6,0,0,0,0,0,0,1,0,0,0,0
2020,6,18,3,2,6,0,0,1,0,1,0,0,0,0,1,0
2020,8,12,1,0,7,0,1,0,0,0,0,0,0,0,1,0
2018,3,8,6,5,3,0,1,1,0,0,0,0,0,0,0,1
2019,10,12,3,2,6,0,0,1,0,0,0,0,1,0,0,0
2021,7,15,6,2,6,0,0,1,0,0,0,0,0,0,1,0
2018,10,18,3,5,2,2,0,1,0,0,0,1,1,0,0,0
2020,1,8,4,5,3,0,1,1,0,0,0,0,0,0,0,0
2021,6,6,2,6,2,0,0,1,1,0,0,0,0,0,1,0
2018,8,19,1,1,5,0,1,1,0,0,0,0,0,0,0,0
2018,6,10,5,5,3,0,0,1,0,0,0,0,0,0,0,0
2020,7,16,5,1,7,0,0,1,0,0,0,0,0,0,1,1
2019,1,10,2,5,3,0,1,1,0,0,0,0,1,0,0,0
2019,6,18,3,5,2,0,1,0,0,0,1,0,0,0,0,0
2019,5,9,3,3,6,0,1,0,0,0,0,0,0,0,0,0
2019,2,18,1,8,1,2,0,1,0,0,0,1,1,0,0,1
2020,9,17,2,5,2,0,1,1,0,0,0,0,0,0,1,0
2019,12,20,7,6,4,2,0,1,1,0,0,0,1,0,0,1
2021,8,13,7,2,6,0,0,1,0,1,0,1,0,0,1,0
2018,5,15,7,5,7,0,0,1,0,1,0,0,0,0,0,0
2018,11,15,6,1,5,0,0,1,0,0,0,0,1,0,0,0
2021,12,8,5,5,2,0,0,1,0,0,0,1,0,1,2,0
2021,3,9,6,2,6,0,0,1,0,0,1,0,1,0,2,0
2018,8,15,4,5,3,0,0,1,0,0,0,0,0,0,0,0
2018,9,14,2,2,6,0,0,1,0,0,0,1,0,0,0,0
2018,9,12,6,5,3,0,1,1,0,0,0,0,0,0,0,0
2018,6,18,6,5,7,0,0,1,0,1,0,0,0,0,0,0
2018,12,7,5,5,2,0,0,1,0,0,0,0,0,0,0,1
2019,3,18,5,0,1,2,0,0,0,1,0,0,1,0,0,0
2018,9,7,6,5,3,0,0,1,0,0,0,0,1,0,0,0
2020,11,10,1,5,2,0,0,1,0,0,0,0,0,1,2,0
2019,6,10,3,2,6,0,0,1,0,0,0,0,0,0,0,0
2020,6,15,2,5,2,0,0,1,0,0,0,0,0,0,1,1
2019,7,8,6,0,1,0,0,0,0,1,0,0,1,0,0,0