UJAHR,UMONAT,USTUNDE,UWOCHENTAG,UART,UTYP1,ULICHTVERH,IstRad,IstPKW,IstFuss,IstKrad,IstGkfz,IstSonstige,USTRZUSTAND,LOCKDOWN,COVID,UKATEGORIE
2021,12,12,3,0,3,0,0,1,0,1,0,0,1,1,2,0
2019,6,10,3,5,3,0,1,1,0,0,0,0,0,0,0,0
2018,7,12,3,0,3,0,1,1,0,0,0,0,0,0,0,0
2021,2,18,3,2,6,2,0,1,0,0,0,0,1,1,2,0
2019,8,5,5,5,3,0,1,1,0,0,0,0,0,0,0,0
2020,4,20,3,0,1,2,1,0,0,0,0,0,0,1,2,1
2020,4,7,7,0,1,0,0,0,0,1,0,0,0,1,2,0
2019,9,17,2,5,2,0,1,1,0,0,0,0,0,0,0,0
2019,1,10,6,2,6,0,0,1,0,0,0,1,1,0,0,0
2019,11,10,1,0,7,0,0,0,0,0,0,1,1,0,0,0
2019,3,16,5,2,7,0,1,1,0,0,0,0,1,0,0,0
2018,5,17,3,0,1,0,0,0,0,1,0,0,0,0,0,0
2019,3,6,7,5,3,0,0,1,0,0,0,0,0,0,0,0
2018,6,8,2,5,2,0,1,1,0,0,0,0,0,0,0,0
2021,9,13,7,0,7,0,0,0,0,0,0,1,0,0,1,0
2021,5,10,4,2,6,0,0,1,0,0,0,0,0,1,2,0
2020,5,7,3,5,2,0,0,1,0,0,0,1,0,1,1,0
2020,9,12,6,5,2,0,1,1,0,0,0,0,0,0,1,0
2021,4,17,6,1,5,0,1,1,0,0,0,0,0,1,2,0
2019,2,15,5,5,2,0,0,1,0,0,0,1,0,0,0,0
2021,10,12,5,5,3,0,1,1,0,0,0,0,0,0,1,0
2021,11,16,1,5,3,1,0,1,0,0,0,0,1,0,2,0
2019,9,11,5,9,1,0,0,1,0,0,0,0,0,0,0,0
2021,11,18,2,5,2,2,1,1,0,0,0,0,1,0,2,0
2018,6,21,4,0,1,0,0,0,0,1,0,0,0,0,0,0
2019,8,10,3,1,5,0,1,1,0,0,0,0,0,0,0,0
2018,11,17,3,2,6,2,0,1,0,1,0,0,0,0,0,0
2018,3,17,5,5,3,2,1,1,0,0,0,0,0,0,0,0
2018,7,18,5,5,3,0,1,1,0,0,0,0,0,0,0,0
2020,3,21,5,0,1,2,1,0,0,0,0,0,0,1,1,0
2021,9,10,4,5,3,0,0,1,0,1,0,0,0,0,1,0
2021,6,20,5,0,7,0,0,1,0,0,0,0,0,0,1,0
2021,3,7,5,0,7,0,0,1,0,0,0,0,0,0,2,0
2018,3,17,6,1,5,1,0,1,0,0,0,1,1,0,0,0
2021,10,12,3,5,2,0,0,1,0,0,0,0,0,0,1,0
2019,1,14,6,5,2,0,1,1,0,0,0,0,1,0,0,0
2020,9,13,1,6,4,0,1,0,1,0,0,0,0,0,1,0
2020,6,14,6,5,3,0,1,1,0,0,0,0,0,0,1,0
2018,9,14,2,2,6,0,0,1,0,0,0,0,1,0,0,0
2019,9,13,7,1,5,0,1,1,0,0,0,0,0,0,0,0
2019,6,5,5,2,6,0,0,1,0,0,0,0,0,0,0,0
2020,8,18,7,3,6,0,0,1,0,0,0,1,0,0,1,0
2018,7,14,3,2,6,0,0,1,0,0,0,0,0,0,0,0
2021,7,5,5,6,4,0,0,1,1,0,0,0,1,0,1,0
2021,8,10,7,2,7,0,0,1,0,1,0,0,0,0,1,0
2021,10,22,4,5,3,2,0,1,0,0,0,1,0,0,1,0
2020,2,8,4,5,3,0,1,1,0,0,0,0,1,0,0,1
2021,12,14,5,3,6,0,1,1,0,0,0,0,1,1,2,0
2021,11,10,2,5,2,0,0,1,0,0,0,0,0,0,2,0
2021,8,19,4,2,6,0,1,1,0,0,0,0,0,0,1,0
2021,6,13,2,5,3,0,0,1,0,0,0,0,0,0,1,0
2018,7,7,4,3,6,0,1,0,0,0,0,0,0,0,0,0
2020,8,18,7,5,2,0,0,1,0,0,0,0,1,0,1,0
2020,3,10,4,5,3,0,0,1,0,0,0,0,0,1,1,0
2020,8,18,2,8,1,0,1,0,0,1,0,0,0,0,1,1
2020,9,9,2,0,1,0,1,0,0,0,0,0,0,0,1,0
2019,6,13,4,1,7,0,0,0,0,1,0,0,0,0,0,0
2021,6,9,4,6,4,0,1,0,1,0,0,0,0,0,1,0
2020,1,11,6,5,3,0,1,1,0,0,0,0,0,0,0,0
2018,6,16,1,0,6,0,0,1,0,0,0,1,0,0,0,0
2021,11,11,3,5,2,0,0,1,0,1,0,0,1,0,2,0
2020,11,15,2,2,6,0,0,1,0,0,0,0,0,1,2,0
2018,4,16,4,0,2,0,0,1,0,0,0,1,0,0,0,0
2020,10,9,6,1,5,0,1,1,0,0,0,0,1,1,1,0
2020,10,14,5,3,6,0,1,1,0,0,0,0,1,1,1,0
2021,7,17,2,0,7,0,0,1,0,0,0,0,0,0,1,0
2018,12,13,2,0,1,0,0,0,0,1,0,0,1,0,0,0
2021,11,12,3,0,7,0,1,0,0,0,0,0,1,0,2,0
2020,11,10,4,2,3,0,1,0,0,0,0,0,0,1,2,0
2019,9,14,2,2,6,0,0,1,0,0,0,0,0,0,0,0
2021,6,16,2,1,5,0,0,1,0,0,0,0,0,0,1,0
2021,8,22,3,2,6,2,0,1,0,0,0,0,0,0,1,0
2019,5,21,4,5,2,1,1,1,0,0,0,0,0,0,0,0
2021,6,11,4,5,2,0,1,1,0,0,0,0,0,0,1,1
2019,9,17,7,6,4,0,0,1,1,0,0,0,0,0,0,0
2018,5,15,3,2,6,0,0,1,0,0,0,1,0,0,0,0
2020,1,15,7,2,6,0,1,1,0,0,0,0,0,0,0,0
2019,1,18,4,2,6,2,0,1,0,0,0,0,1,0,0,0
2019,2,5,6,5,2,2,1,1,0,0,0,0,0,0,0,1
2020,10,17,5,5,2,0,0,1,0,0,0,1,1,1,1,0
2020,8,18,3,6,7,0,1,0,1,0,0,0,0,0,1,0
2018,5,15,7,5,2,0,0,1,0,0,0,0,0,0,0,1
2019,10,13,3,5,7,0,0,1,0,0,0,0,1,0,0,0
2019,1,14,5,6,7,0,1,0,1,0,0,0,0,0,0,0
2018,6,17,5,2,6,0,0,1,0,0,0,0,0,0,0,0
2020,9,7,5,5,3,0,0,1,0,0,0,0,0,0,1,0
2020,1,21,5,6,4,2,0,0,1,0,0,1,0,0,0,0
2020,11,16,6,5,3,2,1,1,0,0,0,0,0,1,2,0
2020,5,16,3,5,2,0,0,1,0,1,0,0,0,1,1,1
2019,11,11,7,2,6,0,0,1,0,0,0,0,1,0,0,0
2019,6,19,4,5,2,0,0,1,0,1,0,0,0,0,0,0
2018,3,18,4,2,2,2,0,1,0,0,0,0,1,0,0,0
2020,7,11,4,5,7,0,0,1,0,0,0,0,0,0,1,0
2021,6,8,4,5,2,0,1,1,0,0,0,0,0,0,1,0
2019,4,12,5,2,6,0,0,1,0,0,0,0,0,0,0,0
2021,10,16,6,0,7,0,0,1,0,1,0,0,1,0,1,0
2020,3,17,2,5,3,0,0,1,0,0,0,0,1,1,1,0
2020,7,17,3,2,6,0,0,1,0,0,0,0,0,0,1,1
2019,7,9,3,0,2,0,1,1,0,0,0,0,0,0,0,1
2019,7,7,6,2,6,0,0,1,0,0,1,0,1,0,0,0
2021,11,9,6,2,6,0,0,1,0,0,0,0,0,0,2,0
2021,6,16,3,2,6,0,0,1,0,0,0,0,0,0,1,0
2021,5,21,5,5,2,1,0,1,0,0,0,0,0,1,2,1
2019,7,7,6,5,3,0,0,1,0,0,0,0,1,0,0,0
2020,1,7,6,4,6,2,0,1,0,0,0,1,1,0,0,0
2019,7,13,1,6,4,0,1,0,1,0,0,0,0,0,0,0
2021,1,19,3,6,4,2,0,1,1,0,0,0,1,1,2,1
2021,3,11,2,2,2,0,0,1,0,1,0,0,0,0,2,1
2020,4,13,5,6,7,0,1,0,1,0,0,0,0,1,2,1
2020,8,13,1,2,6,0,1,1,0,0,0,0,0,0,1,0
2018,6,13,6,6,4,0,0,1,1,0,0,0,0,0,0,0
2018,11,11,4,8,1,0,0,1,0,0,0,0,0,0,0,1
2021,5,18,7,3,6,0,0,1,0,0,0,0,0,1,2,0
2018,11,16,6,2,7,1,0,1,0,0,0,0,0,0,0,0
2021,11,18,6,5,2,1,0,1,0,1,0,0,0,0,2,0
2020,6,12,3,5,2,0,1,1,0,0,0,0,0,0,1,1
2021,8,19,7,0,5,0,1,0,0,0,0,0,0,0,1,0
2019,7,12,6,5,2,0,1,1,0,0,0,0,0,0,0,0
2019,8,14,7,2,6,0,0,1,0,0,0,0,0,0,0,0
2021,3,20,7,5,2,2,0,1,0,0,0,1,0,0,2,0
2019,4,14,2,2,6,0,0,1,0,0,0,0,0,0,0,0
2021,9,8,2,2,6,0,0,1,0,0,1,0,0,0,1,1
2020,1,13,3,6,7,0,0,1,1,0,0,0,0,0,0,0
2020,9,16,1,5,2,0,1,1,0,0,0,0,0,0,1,0
2019,7,12,1,5,2,0,0,1,0,0,0,0,0,0,0,0
2020,12,20,3,5,2,2,1,1,0,0,0,0,0,1,2,0
2021,12,18,4,5,2,2,0,1,0,0,0,0,0,1,2,1
2021,8,15,3,5,2,0,0,1,0,0,0,0,0,0,1,0
2018,8,18,3,0,3,0,1,1,0,0,0,0,0,0,0,0
2020,3,11,5,0,2,0,1,0,0,0,0,1,0,1,1,0
2020,7,18,7,5,3,0,1,1,0,0,0,0,0,0,1,0
2020,1,17,5,5,2,2,0,1,0,1,0,0,0,0,0,0
2021,9,0,4,1,7,2,0,1,0,0,0,0,0,0,1,0
2018,6,18,4,3,6,0,0,1,0,0,1,0,0,0,0,0
2020,7,17,4,2,6,0,0,1,0,1,0,0,0,0,1,0
2021,10,15,2,2,2,0,0,1,0,1,0,0,0,0,1,0
2020,9,16,4,6,4,0,0,1,1,0,0,0,0,0,1,0
2018,8,17,6,0,1,0,0,0,0,1,0,0,0,0,0,0
2018,7,11,2,2,6,0,0,1,0,0,0,0,0,0,0,0
2018,12,16,6,5,2,2,1,1,0,0,0,0,1,0,0,0
2020,8,17,3,5,2,0,1,1,0,0,0,0,0,0,1,0
2019,5,8,1,5,2,0,0,1,0,0,0,0,0,0,0,1
2021,6,5,6,5,3,0,0,1,0,1,0,0,0,0,1,0
2021,4,16,4,2,6,0,0,1,0,0,0,0,0,1,2,0
2019,9,21,7,6,4,2,0,1,1,0,0,0,0,0,0,0
2019,8,1,4,5,2,2,0,1,0,0,0,0,0,0,0,0
2021,8,19,3,5,2,1,1,1,0,0,0,0,0,0,1,0
2018,11,8,5,2,6,0,0,1,0,0,0,0,0,0,0,0
2020,8,10,2,6,2,0,0,0,1,0,1,0,0,0,1,0
2019,9,19,1,2,2,1,1,1,0,0,0,0,0,0,0,1
2020,4,19,2,5,3,0,1,1,0,0,0,0,0,1,2,0
2020,12,20,4,6,4,2,0,1,1,0,0,0,1,1,2,0
2018,12,7,6,6,2,1,0,1,1,0,0,0,1,0,0,0
2019,12,11,2,3,6,0,0,1,0,0,0,0,0,0,0,0
2018,10,11,7,5,3,0,0,1,0,0,1,0,0,0,0,1
2021,5,13,4,2,6,0,0,1,0,1,0,0,0,1,2,0
2021,5,15,1,1,5,0,1,1,0,0,0,0,0,1,2,0
2018,10,8,7,6,4,0,1,0,1,0,0,0,0,0,0,0
2018,12,7,4,6,4,0,0,0,1,0,0,1,0,0,0,0
2020,6,8,5,2,6,0,0,1,0,0,0,1,0,0,1,0
2018,10,14,5,6,2,0,0,1,1,0,0,0,0,0,0,0
2019,5,18,2,1,5,0,1,1,0,0,0,0,1,0,0,0
2020,11,20,6,0,3,2,0,0,0,0,0,1,0,1,2,0
2020,7,16,3,5,3,0,0,1,0,0,0,0,0,0,1,0
2018,10,18,2,5,3,0,1,1,0,0,0,0,0,0,0,0
2018,11,18,6,6,2,2,0,1,1,0,0,0,1,0,0,0
2019,10,18,2,2,6,2,0,1,0,0,0,0,1,0,0,0
2019,5,5,3,2,6,1,0,1,0,1,0,0,1,0,0,0
2020,8,14,4,1,7,0,0,1,0,1,0,0,0,0,1,0
2020,9,16,5,5,2,0,0,1,0,0,0,0,0,0,1,0
2021,7,0,6,5,2,2,0,1,0,0,0,0,1,0,1,0
2020,12,21,4,6,4,2,0,0,1,0,0,1,0,1,2,0
2018,8,15,5,5,3,0,0,1,0,0,0,1,1,0,0,0
2018,9,11,6,5,3,0,0,1,0,0,0,0,0,0,0,0
2021,9,10,5,3,6,0,1,0,0,1,0,0,0,0,1,0
2020,10,16,2,0,3,0,0,1,0,1,0,0,0,1,1,0
2018,10,14,3,6,4,0,0,1,1,0,0,0,0,0,0,0
2018,5,19,1,2,6,0,0,1,0,0,0,0,0,0,0,0
2018,11,1,6,0,1,2,1,0,0,0,0,0,0,0,0,0
2021,10,6,3,6,4,2,0,1,1,0,0,0,1,0,1,1
2021,4,16,2,5,3,0,1,0,0,1,0,0,0,1,2,0
2020,3,14,5,1,5,0,0,1,0,1,0,0,0,1,1,0
2019,8,10,7,0,2,0,0,0,0,0,1,1,0,0,0,0
2019,8,10,5,1,5,0,1,1,0,0,0,0,0,0,0,1
2018,10,9,6,3,2,0,1,1,0,0,0,0,0,0,0,0
2018,10,11,3,2,6,0,0,1,0,0,0,1,0,0,0,0
2020,6,18,1,0,5,0,1,0,0,0,0,1,0,0,1,0
2020,4,15,5,5,2,0,0,1,0,0,0,0,1,1,2,1
2018,11,20,3,1,3,2,0,1,0,1,0,0,1,0,0,0
2020,8,21,3,5,2,1,1,1,0,0,0,0,0,0,1,0
2018,4,10,5,5,2,0,0,1,0,0,0,0,0,0,0,1
2021,8,17,5,0,7,0,0,0,0,1,0,0,1,0,1,0
2019,7,17,4,5,2,0,1,1,0,0,0,0,0,0,0,0
2021,6,19,4,2,6,0,0,1,0,1,0,0,0,0,1,1
2019,6,12,1,5,7,0,1,1,0,0,0,0,0,0,0,0
2018,5,7,5,5,3,0,1,1,0,0,0,0,0,0,0,0
2019,9,10,2,5,3,0,1,0,0,0,0,1,0,0,0,0
2021,4,10,4,5,2,0,0,1,0,0,0,0,0,1,2,0
2021,4,16,5,3,6,0,0,1,0,0,0,0,0,1,2,0
2019,11,11,7,0,2,0,0,1,0,1,0,0,1,0,0,0
2019,4,10,3,8,1,0,0,1,0,0,0,0,0,0,0,0
2019,8,18,5,5,2,0,1,1,0,0,0,0,0,0,0,0
2020,6,10,5,2,6,0,0,1,0,0,0,1,0,0,1,0
2021,4,8,3,5,3,0,1,1,0,0,0,0,0,1,2,0
2020,9,14,6,4,6,0,1,1,0,0,0,0,0,0,1,0
2019,10,16,5,1,5,0,1,1,0,0,0,0,0,0,0,0
2021,12,12,7,6,6,0,1,0,1,0,0,0,1,1,2,0
2018,5,8,1,5,2,0,0,1,0,0,0,1,0,0,0,1
2018,10,13,1,0,7,0,1,1,0,0,0,0,0,0,0,0
2021,3,11,4,5,3,0,0,1,0,0,0,0,0,0,2,0
2019,3,18,2,6,4,1,0,0,1,1,0,0,1,0,0,0
2018,10,14,2,2,6,0,0,1,0,0,0,0,0,0,0,1
2021,1,17,5,5,3,2,0,1,0,0,0,0,1,1,2,0
2021,10,16,6,0,5,0,0,1,0,0,0,1,0,0,1,0
2020,4,12,5,5,2,0,1,1,0,0,0,0,0,1,2,0
2019,1,10,7,6,4,0,0,1,1,0,0,0,1,0,0,1
2018,8,12,6,5,3,0,0,1,0,1,0,0,0,0,0,1
2020,2,14,3,2,7,0,1,1,0,0,0,0,1,0,0,0
2021,11,13,5,5,2,0,0,1,0,0,0,1,1,0,2,0
2021,4,13,5,6,4,0,0,0,1,0,0,1,0,1,2,1
2021,5,11,2,0,2,0,0,0,0,1,0,0,1,1,2,0
2018,6,0,4,5,3,2,1,1,0,0,0,0,0,0,0,0
2021,3,14,4,5,3,0,0,0,0,1,0,1,0,0,2,0
2018,9,10,1,0,1,0,0,0,0,1,0,0,0,0,0,1
2020,6,14,6,5,2,0,1,1,0,0,0,0,0,0,1,0
2020,1,13,7,0,7,0,1,0,0,0,0,0,1,0,0,0
2018,6,16,2,5,7,0,0,1,0,1,0,0,0,0,0,0
2018,6,18,4,5,2,0,0,1,0,1,0,0,0,0,0,0
2021,8,10,2,3,6,0,0,1,0,0,0,0,1,0,1,0
2021,9,14,6,5,7,0,0,1,0,1,0,0,0,0,1,1
2019,6,18,7,5,3,0,1,1,0,0,0,0,0,0,0,1
2021,8,14,6,5,2,0,1,1,0,0,0,0,0,0,1,0
2020,4,11,5,5,3,0,1,1,0,0,0,0,0,1,2,0
2019,6,12,6,5,3,0,0,1,0,0,0,1,0,0,0,0
2020,9,22,2,5,3,2,0,1,0,0,0,1,0,0,1,0
2019,2,8,4,5,7,0,0,1,0,0,0,0,0,0,0,0
2018,6,7,6,5,2,0,1,1,0,0,0,0,0,0,0,0
2019,1,10,3,1,5,0,1,1,0,0,0,0,1,0,0,0
2021,11,11,7,2,2,0,1,1,0,0,0,0,0,0,2,0
2018,6,18,5,5,3,0,1,1,0,0,0,0,0,0,0,0
2020,11,18,6,0,3,2,0,1,0,1,0,0,0,1,2,0
2021,5,15,4,1,5,0,1,1,0,0,0,0,0,1,2,1
2019,6,9,2,5,3,0,1,1,0,0,0,0,0,0,0,0
2020,6,14,5,1,5,0,0,1,0,0,0,1,0,0,1,0
2021,7,20,4,1,1,0,1,0,0,0,0,1,0,0,1,0
2019,1,15,5,5,2,0,0,1,0,1,0,0,0,0,0,1
2020,7,7,3,5,3,0,1,1,0,0,0,0,0,0,1,0
2019,1,17,3,6,4,1,1,0,1,0,0,0,1,0,0,0
2020,8,19,3,0,1,0,1,0,0,0,0,0,0,0,1,0
2020,8,9,2,6,4,0,0,1,1,0,0,0,0,0,1,0
2019,8,15,6,2,6,0,0,1,0,0,0,0,0,0,0,0
2019,12,17,2,6,4,2,0,1,1,0,0,0,1,0,0,1
2019,8,9,3,1,5,0,1,1,0,0,0,1,0,0,0,0
2021,6,9,2,5,7,0,1,1,0,0,0,0,0,0,1,0
2018,6,19,4,5,2,0,1,1,0,0,0,0,0,0,0,0
2019,5,10,2,5,3,0,1,0,0,0,0,1,0,0,0,0
2018,9,11,3,2,6,0,0,1,0,0,0,0,0,0,0,0
2018,9,17,2,5,2,0,0,1,0,1,0,0,0,0,0,0
2019,11,20,7,9,1,2,0,1,0,0,0,0,1,0,0,0
2021,5,21,7,5,2,0,0,1,0,0,0,0,0,1,2,0
2019,6,20,1,2,6,0,0,1,0,1,0,0,0,0,0,1
2018,5,7,5,5,3,0,1,1,0,0,0,0,0,0,0,0
2021,8,13,2,5,3,0,0,1,0,0,0,0,1,0,1,0
2018,8,8,2,0,1,0,0,0,0,1,0,0,0,0,0,0
2020,3,13,6,5,3,0,0,1,0,0,0,0,1,1,1,0
2020,7,9,4,5,3,0,1,1,0,0,0,0,0,0,1,1
2019,6,16,3,1,5,0,1,1,0,0,0,1,0,0,0,0
2019,11,21,7,6,2,2,0,1,1,0,0,0,1,0,0,0
2020,8,11,5,5,3,0,0,1,0,0,0,0,0,0,1,1
2019,7,9,2,5,3,0,1,1,0,0,0,0,0,0,0,1
2019,10,22,7,6,2,2,0,1,1,0,0,0,0,0,0,0
2018,7,20,2,5,3,1,1,1,0,0,0,0,0,0,0,0
2020,7,13,5,1,7,0,0,1,0,0,0,0,0,0,1,0
2021,4,13,2,5,2,0,0,1,0,1,0,0,0,1,2,0
2020,10,19,5,3,5,2,0,1,0,1,0,0,0,1,1,0
2019,10,11,4,5,3,0,0,1,0,0,0,0,1,0,0,0
2020,5,13,2,5,2,0,1,1,0,0,0,0,0,1,1,0
2018,10,15,4,5,2,0,0,1,0,0,0,1,0,0,0,0
2021,3,16,2,5,3,0,0,1,0,0,0,1,1,0,2,0
2019,4,17,3,6,4,0,1,0,1,0,0,0,0,0,0,0
2019,1,17,2,5,3,2,1,1,0,0,0,0,1,0,0,0
2020,8,13,3,0,3,0,1,0,0,1,0,0,0,0,1,0
2021,11,16,6,2,6,2,0,1,0,0,0,0,0,0,2,0
2019,9,12,6,1,5,0,1,1,0,0,0,0,1,0,0,0
2019,10,13,4,6,2,0,0,1,1,0,0,0,1,0,0,0
2021,12,7,6,6,4,1,0,1,1,0,0,0,1,1,2,1
2021,7,15,5,5,2,0,1,1,0,0,0,0,0,0,1,0
2019,5,14,7,5,2,0,0,0,0,1,1,0,0,0,0,1
2021,6,13,2,5,3,0,1,0,0,0,0,0,0,0,1,0
2019,6,12,5,6,2,0,0,1,1,0,0,0,0,0,0,1
2020,5,11,4,5,2,0,1,1,0,0,0,0,0,1,1,0
2021,8,13,5,2,6,0,0,1,0,0,1,0,0,0,1,1
2018,7,14,3,5,3,0,1,1,0,0,0,0,0,0,0,0
2020,1,7,2,2,6,1,0,1,0,0,0,0,1,0,0,0
2018,5,12,2,5,2,0,0,1,0,0,0,0,0,0,0,0
2020,11,16,6,5,3,1,1,1,0,0,0,0,0,1,2,0
2021,12,7,5,2,6,2,0,1,0,0,0,1,1,1,2,0
2018,5,16,5,0,5,0,1,0,0,0,0,1,0,0,0,1
2020,2,1,1,0,1,2,1,0,0,0,0,0,0,0,0,1
2021,7,19,7,5,2,0,0,1,0,1,0,0,0,0,1,0
2021,8,16,4,5,2,0,1,1,0,0,0,0,0,0,1,0
2018,7,13,6,5,3,0,0,1,0,1,0,0,0,0,0,0
2018,7,15,3,6,4,0,0,1,1,0,0,0,0,0,0,0
2019,5,16,6,5,2,0,1,1,0,0,0,0,0,0,0,0
2020,3,11,2,2,6,0,0,1,0,0,1,0,1,1,1,0
2020,5,13,3,3,6,0,0,1,0,1,0,0,0,1,1,0
2018,12,12,5,0,7,0,1,1,0,0,0,0,0,0,0,0
2018,6,13,5,0,1,0,1,0,0,0,0,0,1,0,0,0
2021,6,16,7,2,6,0,0,1,0,0,0,0,0,0,1,0
2018,12,18,3,2,6,1,0,1,0,0,1,0,1,0,0,0
2019,3,15,7,5,3,0,1,1,0,0,0,0,0,0,0,0
2021,7,10,6,2,2,0,0,1,0,0,0,0,0,0,1,0
2019,6,14,7,5,3,0,1,0,0,0,0,0,0,0,0,0
2019,3,22,7,2,2,2,0,1,0,0,0,0,0,0,0,0
2020,5,8,2,5,2,0,0,1,0,0,0,0,0,1,1,0
2021,9,14,5,5,2,0,1,1,0,0,0,0,0,0,1,0
2019,6,18,3,3,6,0,1,1,0,0,0,0,0,0,0,0
2019,12,13,3,0,1,0,1,0,0,0,0,0,1,0,0,0
2021,9,12,6,5,3,0,0,1,0,0,0,0,0,0,1,0
2018,6,21,1,6,4,0,0,1,1,0,0,0,0,0,0,1
2019,4,12,7,6,4,0,0,1,1,0,0,0,0,0,0,1
2018,10,16,3,5,3,0,0,1,0,1,0,0,1,0,0,0
2018,8,18,5,5,2,0,1,1,0,0,0,0,0,0,0,0
2019,10,15,3,2,6,0,1,1,0,0,0,0,0,0,0,0
2018,1,17,6,1,5,1,0,1,0,0,0,0,1,0,0,1
2019,3,8,3,6,2,0,0,0,1,0,1,0,0,0,0,1
2020,3,17,4,1,5,0,1,1,0,0,0,0,0,1,1,0
2021,11,15,5,2,2,0,0,1,0,0,0,0,0,0,2,0
2020,1,17,2,1,5,2,0,1,0,0,0,0,0,0,0,0
2018,11,10,7,5,3,0,0,1,0,0,0,0,0,0,0,0
2021,5,17,7,5,3,0,0,1,0,0,0,0,1,1,2,0
2018,10,13,3,0,2,0,1,1,0,0,0,0,1,0,0,1
2019,8,11,1,1,5,0,1,1,0,0,0,0,0,0,0,0
2021,10,8,4,5,2,0,1,1,0,0,0,0,0,0,1,0
2020,8,14,4,1,5,0,1,1,0,0,0,0,0,0,1,0
2018,5,14,6,2,6,0,0,1,0,0,0,0,0,0,0,0
2018,6,8,3,2,6,0,0,1,0,0,0,0,0,0,0,0
2021,3,15,2,2,6,0,0,1,0,0,0,1,1,0,2,0
2019,11,18,5,3,5,2,1,1,0,0,0,0,0,0,0,0
2020,6,13,6,0,1,0,0,0,0,1,0,0,0,0,1,0
2019,10,18,7,2,6,1,0,1,0,0,0,0,0,0,0,0
2020,10,10,4,2,6,0,0,1,0,0,0,1,1,1,1,0
2021,7,12,4,5,2,0,1,1,0,0,0,0,0,0,1,0
2019,10,9,3,5,2,0,1,0,0,0,0,1,1,0,0,0
2019,10,10,3,5,3,0,0,1,0,1,0,0,0,0,0,0
2018,8,16,7,5,7,0,1,1,0,0,0,0,0,0,0,0
2020,4,16,5,5,2,0,1,0,0,0,0,1,0,1,2,0
2019,12,19,2,5,3,2,1,1,0,0,0,0,1,0,0,0
2018,4,13,1,5,3,0,0,1,0,1,0,0,0,0,0,0
2020,9,21,4,5,3,2,1,1,0,0,0,0,0,0,1,1
2020,2,14,5,5,2,0,0,1,0,0,0,1,1,0,0,0
2019,3,9,7,8,1,0,0,1,0,0,0,0,0,0,0,1
2019,12,13,6,5,3,0,0,1,0,0,0,0,0,0,0,0
2021,10,15,6,5,3,0,0,1,0,0,0,0,0,0,1,0
2020,8,11,3,2,6,0,0,1,0,0,0,1,1,0,1,0
2018,6,18,2,6,4,0,0,1,1,0,0,0,0,0,0,1
2020,8,15,1,6,7,0,1,0,1,0,0,0,0,0,1,0
2018,4,17,5,2,6,0,0,1,0,0,0,0,0,0,0,0
2021,11,10,1,0,6,0,0,1,0,0,0,1,0,0,2,1
2019,8,10,1,0,6,0,1,1,0,0,0,0,0,0,0,0
2020,1,11,6,2,6,0,0,1,0,0,0,0,0,0,0,0
2019,1,15,3,5,3,1,1,1,0,0,0,0,0,0,0,0
2020,2,14,2,2,6,0,0,1,0,0,0,0,0,0,0,0
2020,3,4,4,5,2,2,0,0,0,1,0,1,0,1,1,0
2018,2,15,5,5,3,0,1,1,0,0,0,0,0,0,0,0
2018,8,17,6,6,2,0,0,1,1,0,0,0,0,0,0,1
2019,10,8,5,2,6,0,0,1,0,0,0,0,1,0,0,0
2021,8,19,4,1,5,0,0,1,0,0,0,0,0,0,1,0
2021,8,12,5,2,2,0,0,1,0,1,0,0,1,0,1,0
2018,7,23,7,6,4,2,0,1,1,0,0,0,0,0,0,1
2018,10,15,6,2,6,0,0,1,0,0,0,0,0,0,0,0
2018,6,16,2,5,2,0,0,1,0,0,0,0,0,0,0,0
2018,10,13,4,6,7,0,0,1,1,0,0,0,0,0,0,0
2018,1,18,4,5,3,1,0,1,0,1,0,0,1,0,0,0
2020,6,14,7,2,6,0,0,1,0,0,0,0,1,0,1,1
2019,2,15,6,5,2,0,0,1,0,1,0,0,0,0,0,1
2020,12,7,6,6,4,0,0,1,1,0,0,0,0,1,2,0
2018,1,9,3,2,6,0,0,1,0,0,0,1,0,0,0,0
2018,4,13,3,6,4,0,1,0,1,0,0,0,0,0,0,0
2020,12,6,4,2,1,2,1,1,0,0,0,0,0,1,2,0
2019,6,12,6,5,3,0,1,1,0,0,0,0,0,0,0,0
2019,12,6,2,5,2,2,1,0,0,0,0,1,1,0,0,0
2021,3,19,1,5,2,2,0,1,0,0,0,0,0,0,2,0
2018,1,18,4,2,6,2,0,1,0,0,0,0,0,0,0,0
2021,6,16,4,5,3,0,0,1,0,0,0,0,0,0,1,0
2019,6,15,1,5,2,0,0,1,0,0,0,0,0,0,0,0
2020,6,19,5,5,3,0,0,1,0,0,0,0,1,0,1,1
2020,7,10,2,5,3,0,1,1,0,0,0,0,0,0,1,0
2020,7,5,5,5,3,0,1,0,0,0,0,1,1,0,1,0
2021,2,17,1,4,5,2,0,1,0,0,0,0,2,1,2,0
2021,3,12,2,2,6,0,0,1,0,0,0,0,0,0,2,0
2021,10,15,6,2,6,0,0,1,0,0,0,0,1,0,1,0
2021,11,10,3,8,1,0,0,1,0,0,0,0,1,0,2,1