UJAHR,UMONAT,USTUNDE,UWOCHENTAG,UART,UTYP1,ULICHTVERH,IstRad,IstPKW,IstFuss,IstKrad,IstGkfz,IstSonstige,USTRZUSTAND,LOCKDOWN,COVID,UKATEGORIE
2019,3,9,3,5,3,0,1,1,0,0,0,0,0,0,0,0
2021,8,19,2,5,2,0,0,1,0,0,0,0,0,0,1,0
2018,6,17,3,2,2,0,0,1,0,0,0,0,0,0,0,0
2019,6,18,1,5,3,0,0,1,0,1,0,0,0,0,0,0
2020,9,16,1,6,4,0,0,1,1,0,0,0,0,0,1,0
2018,9,21,3,5,3,2,1,0,0,0,0,1,0,0,0,0
2018,11,19,7,6,4,2,0,1,1,0,0,0,0,0,0,0
2019,2,9,3,2,6,0,0,1,0,0,0,0,0,0,0,0
2018,7,14,4,5,7,0,0,1,0,0,0,0,0,0,0,0
2019,9,16,5,0,7,0,1,0,0,0,0,0,0,0,0,0
2018,8,15,4,0,1,0,1,0,0,0,0,0,0,0,0,1
2020,1,10,6,5,2,0,1,1,0,0,0,0,0,0,0,0
2020,9,15,3,5,2,0,0,1,0,1,0,0,0,0,1,1
2019,5,23,5,0,1,2,0,0,0,1,0,0,1,0,0,0
2019,6,14,6,2,6,0,0,1,0,0,0,0,0,0,0,0
2018,6,13,5,2,6,0,0,1,0,0,0,0,1,0,0,0
2020,9,18,2,1,5,1,1,1,0,0,0,0,0,0,1,0
2019,5,13,5,2,6,0,0,1,0,1,0,0,0,0,0,0
2018,5,11,3,5,2,0,1,1,0,0,0,0,0,0,0,0
2020,3,16,7,2,6,0,0,1,0,1,0,0,0,1,1,0
2019,6,10,7,5,2,0,1,1,0,0,0,0,0,0,0,0
2020,6,18,4,5,2,0,1,1,0,0,0,0,0,0,1,0
2019,6,8,6,5,2,0,1,1,0,0,0,0,0,0,0,0
2019,9,16,5,5,2,0,0,1,0,1,0,0,0,0,0,1
2020,3,15,2,5,2,0,1,0,0,0,0,1,0,1,1,0
2020,5,14,7,1,5,0,1,1,0,0,0,0,0,1,1,0
2018,3,6,5,5,2,1,1,0,0,0,1,0,1,0,0,0
2019,4,10,3,2,2,0,0,1,0,0,0,0,0,0,0,0
2018,10,15,5,2,7,0,0,1,0,1,0,0,0,0,0,0
2018,7,14,3,0,6,0,0,0,0,0,0,1,0,0,0,1
2018,12,5,3,8,1,2,0,1,0,0,0,0,1,0,0,0
2021,2,22,2,9,1,2,0,1,0,0,0,0,2,1,2,0
2019,7,15,2,2,6,0,0,1,0,0,0,0,0,0,0,0
2020,10,13,1,2,6,0,0,1,0,0,0,0,0,1,1,0
2020,7,17,2,5,2,0,1,1,0,0,0,0,0,0,1,1
2019,9,7,2,2,6,0,0,1,0,0,0,0,1,0,0,0
2018,11,7,6,1,5,1,1,1,0,0,0,0,1,0,0,0
2020,11,11,2,8,1,0,1,0,0,0,0,0,0,1,2,1
2018,11,9,5,6,4,0,0,1,1,0,0,0,0,0,0,1
2020,3,13,6,4,6,0,0,1,0,0,0,0,1,1,1,0
2021,11,9,5,5,3,0,0,1,0,0,0,1,0,0,2,0
2020,12,13,7,0,1,0,0,0,0,1,0,0,1,1,2,1
2019,4,10,3,3,6,0,1,1,0,0,0,0,0,0,0,0
2020,6,17,3,0,2,0,1,1,0,0,0,0,0,0,1,0
2018,3,13,5,2,6,0,0,1,0,0,0,0,0,0,0,0
2018,1,15,6,5,3,0,0,1,0,1,0,0,0,0,0,0
2021,7,7,3,5,2,0,1,0,0,0,0,1,0,0,1,0
2020,11,18,2,5,2,2,1,1,0,0,0,0,0,1,2,0
2018,8,19,4,5,2,0,0,1,0,1,0,0,0,0,0,0
2019,3,15,5,0,1,0,1,0,0,0,0,0,1,0,0,0
2019,7,2,6,3,6,2,0,0,0,0,0,1,0,0,0,0
2018,8,17,4,2,6,0,0,1,0,0,0,0,0,0,0,0
2020,6,12,3,5,2,0,1,1,0,0,0,0,0,0,1,0
2019,6,19,6,5,2,0,1,0,0,0,0,1,0,0,0,0
2018,11,8,4,5,7,0,1,1,0,0,0,0,0,0,0,0
2021,9,19,5,6,4,1,0,1,1,0,0,0,0,0,1,0
2018,1,16,3,5,3,1,1,1,0,0,0,0,1,0,0,0
2018,5,20,7,2,6,0,0,1,0,0,0,0,0,0,0,0
2019,9,17,6,0,1,1,0,0,0,1,0,0,1,0,0,0
2020,6,16,3,2,2,0,0,1,0,0,0,0,0,0,1,0
2020,11,4,7,1,1,2,0,1,0,0,0,0,1,1,2,1
2021,6,19,3,5,3,0,0,0,0,1,0,1,0,0,1,0
2019,1,14,5,5,7,0,0,1,0,0,0,0,0,0,0,1
2020,9,9,4,5,2,0,0,1,0,1,0,0,0,0,1,0
2019,11,14,4,6,4,0,0,1,1,0,0,0,0,0,0,0
2018,9,16,2,6,7,0,0,1,1,0,0,0,0,0,0,0
2018,12,21,1,6,2,2,0,1,1,0,0,0,1,0,0,0
2020,9,20,3,5,7,2,0,1,0,0,0,0,0,0,1,0
2020,5,19,3,2,6,0,0,1,0,0,0,0,0,1,1,0
2018,5,8,5,5,2,0,1,1,0,0,0,0,0,0,0,0
2019,2,17,5,5,3,2,1,1,0,0,0,0,1,0,0,0
2021,6,14,6,5,3,0,0,1,0,0,0,1,0,0,1,1
2019,8,9,6,5,2,0,1,0,0,0,1,0,0,0,0,0
2020,6,12,4,2,6,0,0,1,0,0,0,0,0,0,1,0
2019,1,8,2,0,1,0,1,0,0,0,0,0,2,0,0,0
2019,7,1,2,0,1,2,0,1,0,0,0,0,0,0,0,0
2019,11,9,4,4,7,0,1,0,0,0,0,0,0,0,0,0
2020,7,22,3,2,6,2,0,1,0,0,0,0,1,0,1,0
2019,7,23,7,5,2,2,0,1,0,1,0,0,0,0,0,0
2018,7,17,3,3,2,0,0,1,0,1,0,0,0,0,0,0
2018,2,13,3,1,5,0,1,1,0,0,0,0,0,0,0,1
2020,1,14,5,6,2,0,0,1,1,0,0,0,0,0,0,0
2019,5,9,2,6,4,0,0,1,1,0,0,0,0,0,0,0
2018,11,9,6,6,4,0,1,0,1,0,0,0,0,0,0,0
2018,9,15,6,5,3,0,0,1,0,0,0,0,0,0,0,0
2021,6,16,6,0,2,0,0,1,0,1,0,0,0,0,1,1
2021,1,17,2,2,6,2,0,1,0,0,0,0,1,1,2,0
2018,2,6,4,5,3,2,1,1,0,0,0,0,0,0,0,1
2018,5,14,6,0,7,0,0,0,0,0,0,1,0,0,0,0
2019,6,8,5,6,4,0,0,1,1,0,0,0,1,0,0,0
2019,3,10,3,6,4,0,0,1,1,0,0,0,0,0,0,0
2019,5,16,5,5,3,0,1,1,0,0,0,0,0,0,0,0
2018,7,19,2,1,5,0,1,1,0,0,0,0,0,0,0,0
2018,8,9,5,2,6,0,0,0,0,0,0,1,0,0,0,1
2018,8,20,6,6,4,1,1,0,1,0,0,0,0,0,0,0
2021,7,9,3,6,4,0,1,0,1,0,0,0,0,0,1,0
2021,5,8,6,5,2,0,1,1,0,0,0,0,1,1,2,0
2021,6,19,6,6,4,0,0,1,1,0,0,0,0,0,1,0
2018,7,8,2,5,3,0,0,1,0,0,0,0,0,0,0,0
2019,5,11,5,5,2,0,0,1,0,0,0,0,0,0,0,0
2020,12,17,5,6,4,2,0,1,1,0,0,0,0,1,2,1
2020,5,19,1,7,7,1,0,0,0,1,0,0,0,1,1,1
2020,7,21,5,5,2,1,1,1,0,0,0,0,0,0,1,0
2020,1,15,2,5,3,0,0,1,0,0,1,0,0,0,0,0
2019,12,9,3,0,2,0,1,1,0,0,0,0,1,0,0,0
2019,10,8,5,0,2,0,1,1,0,0,0,0,1,0,0,1
2019,4,23,2,5,3,2,0,1,0,0,0,0,0,0,0,0
2021,5,11,3,1,7,0,0,1,0,0,1,0,0,1,2,0
2019,12,16,7,0,1,2,1,0,0,0,0,0,0,0,0,0
2019,5,16,3,0,7,0,0,0,0,1,0,0,0,0,0,1
2021,7,18,2,5,2,0,0,1,0,0,0,0,0,0,1,1
2018,5,10,7,1,5,0,0,1,0,0,0,0,0,0,0,0
2019,3,19,2,6,2,2,0,1,1,0,0,0,1,0,0,0
2020,12,1,5,5,3,2,0,1,0,0,0,0,1,1,2,0
2018,3,13,6,9,1,0,0,0,0,0,0,1,0,0,0,0
2019,6,11,4,5,2,0,0,1,0,1,0,0,0,0,0,1
2019,7,17,2,0,7,0,1,1,0,0,0,0,1,0,0,0
2019,1,12,5,1,5,0,1,1,0,0,0,0,0,0,0,0
2021,3,19,4,0,6,2,0,1,0,1,0,0,0,0,2,0
2021,3,12,3,5,7,0,0,1,0,1,0,0,0,0,2,0
2019,5,19,1,1,5,0,0,1,0,0,0,0,0,0,0,0
2018,10,17,2,1,5,0,1,0,0,0,0,1,1,0,0,0
2018,10,8,5,4,1,0,0,1,0,0,0,0,1,0,0,0
2019,3,17,1,2,2,0,0,1,0,0,0,0,0,0,0,0
2018,5,8,3,5,3,0,1,0,0,0,0,1,0,0,0,0
2019,1,17,7,0,7,2,1,0,0,0,0,0,1,0,0,1
2019,5,7,6,0,7,0,1,0,0,0,0,1,1,0,0,0
2020,9,10,3,0,2,0,1,1,0,0,0,0,0,0,1,0
2018,10,15,7,5,2,0,0,1,0,0,0,0,0,0,0,0
2019,9,14,3,6,4,0,0,1,1,0,0,0,1,0,0,0
2018,5,13,5,5,3,0,1,1,0,0,0,0,0,0,0,0
2021,6,14,2,0,7,0,0,0,0,0,0,1,0,0,1,1
2021,9,17,2,2,6,0,0,1,0,0,0,0,0,0,1,0
2018,1,14,2,5,2,0,1,0,0,0,0,1,0,0,0,0
2019,1,19,3,6,2,2,0,1,1,0,0,0,1,0,0,0
2019,9,14,3,2,6,0,0,1,0,1,0,0,1,0,0,0
2021,9,9,3,4,5,0,1,0,0,0,1,0,0,0,1,0
2019,9,12,4,2,6,0,1,1,0,0,0,0,0,0,0,0
2019,7,12,6,2,6,0,0,1,0,0,0,0,1,0,0,0
2018,12,19,2,5,3,2,1,0,0,0,0,0,1,0,0,0
2020,9,2,6,1,5,2,0,1,0,0,0,1,0,0,1,0
2019,7,17,7,0,1,0,0,0,0,1,0,0,0,0,0,0
2019,2,9,7,2,2,0,0,1,0,0,0,0,1,0,0,0
2018,11,12,3,2,6,0,0,1,0,0,0,0,0,0,0,0
2020,2,9,1,2,6,0,0,1,0,0,0,0,1,0,0,0
2021,4,8,2,6,4,0,0,1,1,0,0,0,0,1,2,0
2020,10,15,6,5,2,0,1,1,0,0,0,0,0,1,1,0
2019,9,12,1,5,3,0,0,1,0,1,0,0,0,0,0,0
2019,4,14,3,5,3,0,1,1,0,0,0,0,0,0,0,0
2018,10,12,3,2,6,0,0,1,0,1,0,0,0,0,0,0
2019,1,15,5,2,6,0,0,1,0,0,0,0,0,0,0,0
2018,1,11,7,5,7,0,0,1,0,1,0,0,1,0,0,0
2021,8,18,3,5,2,0,1,1,0,0,0,0,0,0,1,0
2019,5,18,2,5,7,0,0,1,0,0,0,0,1,0,0,0
2019,6,12,6,5,3,0,1,1,0,0,0,0,0,0,0,0
2020,12,11,4,0,3,0,0,1,0,0,0,1,0,1,2,0
2021,8,19,3,1,5,0,1,1,0,0,0,0,0,0,1,0
2021,10,15,5,5,2,0,0,1,0,0,0,0,1,0,1,0
2021,8,7,4,5,2,0,1,0,0,0,0,0,0,0,1,0
2018,7,7,3,5,3,0,1,1,0,0,0,0,0,0,0,0
2018,5,16,5,5,2,0,0,1,0,1,0,0,0,0,0,0
2021,12,23,4,6,2,2,0,1,1,0,0,0,0,1,2,0
2021,12,21,6,5,2,2,0,1,0,0,0,0,1,1,2,1
2018,9,20,3,5,2,2,1,1,0,0,0,0,0,0,0,0
2018,12,14,5,6,4,0,0,1,1,0,0,0,0,0,0,0
2020,5,10,2,5,2,0,0,1,0,0,0,0,1,1,1,0
2019,3,6,2,5,3,1,1,1,0,0,0,0,0,0,0,1
2020,12,11,4,2,6,0,0,1,0,0,0,0,1,1,2,0
2019,7,11,4,0,1,0,1,0,0,0,0,0,0,0,0,0
2019,1,15,4,2,6,0,0,1,0,0,0,0,0,0,0,0
2021,6,11,4,5,2,0,1,0,0,0,1,0,0,0,1,0
2018,4,13,2,2,6,0,0,1,0,0,0,0,0,0,0,0
2019,4,0,1,5,2,2,1,1,0,0,0,0,0,0,0,0
2019,3,8,2,3,6,0,0,1,0,0,1,0,0,0,0,0
2018,6,21,7,0,1,0,1,0,0,0,0,0,0,0,0,0
2021,4,19,2,2,2,0,1,1,0,0,0,0,0,1,2,0
2018,7,16,3,3,6,0,1,1,0,0,0,0,0,0,0,0
2021,7,23,4,2,6,2,1,1,0,0,0,0,0,0,1,0
2019,12,19,7,2,6,2,0,1,0,0,0,0,0,0,0,0
2021,8,9,6,5,2,0,1,1,0,0,0,0,0,0,1,0
2021,9,15,6,6,4,0,0,1,1,0,0,0,1,0,1,0
2021,6,13,4,2,6,0,0,1,0,0,0,0,0,0,1,0
2018,1,23,4,8,1,2,0,1,0,0,0,0,1,0,0,0
2021,10,15,3,0,2,0,1,1,0,0,0,0,1,0,1,0
2019,7,6,3,5,3,0,0,1,0,1,0,0,0,0,0,0
2019,10,14,2,5,3,0,1,0,0,0,0,1,0,0,0,0
2019,4,20,5,1,5,1,0,1,0,1,0,0,0,0,0,0
2019,3,18,7,1,1,2,0,1,0,0,0,0,0,0,0,1
2019,7,21,7,5,2,2,1,1,0,0,0,0,1,0,0,0
2019,7,20,7,5,2,0,0,1,0,0,0,1,0,0,0,0
2020,3,11,4,1,1,0,0,1,0,1,0,1,0,1,1,0
2019,9,10,7,2,6,0,0,1,0,0,0,0,1,0,0,0
2021,7,10,2,2,6,0,0,1,0,1,0,0,1,0,1,0
2019,8,13,3,8,6,0,0,1,0,0,0,0,0,0,0,1
2018,6,7,6,5,3,0,1,1,0,0,0,0,0,0,0,0
2020,4,18,2,5,2,0,1,1,0,0,0,0,0,1,2,0
2018,3,17,2,8,1,0,0,0,0,1,0,0,0,0,0,0
2020,2,20,6,1,5,2,0,1,0,0,0,0,0,0,0,1
2018,11,14,2,5,7,0,0,1,0,0,0,0,1,0,0,0
2018,10,18,6,5,3,2,0,1,0,1,0,0,0,0,0,0
2021,9,13,3,0,5,0,0,1,0,1,0,0,0,0,1,0
2018,4,12,2,0,7,0,1,0,0,0,0,1,0,0,0,0
2019,10,10,3,5,2,0,1,1,0,0,0,0,1,0,0,0
2021,10,19,3,2,2,2,0,1,0,0,0,0,0,0,1,0
2018,6,15,5,5,2,0,1,1,0,0,0,0,0,0,0,0
2019,1,17,2,2,6,2,0,1,0,0,0,0,1,0,0,0
2019,10,19,6,5,3,2,0,1,0,0,0,0,1,0,0,0
2018,9,18,4,5,2,0,1,1,0,0,0,0,0,0,0,0
2019,8,15,2,2,6,0,0,1,0,1,0,0,0,0,0,0
2018,5,15,4,5,2,0,0,1,0,0,0,0,0,0,0,0
2019,2,8,6,5,2,0,1,0,0,0,0,0,0,0,0,1
2019,8,10,3,2,2,0,0,1,0,1,0,0,0,0,0,0
2021,5,15,3,5,3,0,1,1,0,0,0,0,1,1,2,0
2021,3,20,7,5,2,2,0,1,0,0,0,0,1,0,2,1
2019,5,5,5,4,6,1,0,0,0,0,0,1,1,0,0,1
2019,5,12,6,5,3,0,1,0,0,0,0,0,0,0,0,0
2021,6,16,2,5,3,0,1,1,0,0,0,0,0,0,1,0
2019,6,19,7,5,3,0,1,1,0,0,0,0,0,0,0,0
2018,8,8,3,5,2,0,0,1,0,1,0,0,0,0,0,0
2018,11,16,6,6,4,2,0,1,1,0,0,0,1,0,0,1
2019,1,17,3,6,2,2,0,1,1,0,0,0,1,0,0,1
2019,6,17,2,5,2,0,1,1,0,0,0,0,0,0,0,0
2019,3,12,5,1,5,0,1,1,0,0,0,0,0,0,0,0
2018,9,11,5,2,2,0,0,1,0,0,0,0,0,0,0,0
2018,8,20,5,3,6,1,1,1,0,0,0,0,1,0,0,0
2018,2,15,3,5,2,0,1,1,0,0,0,0,0,0,0,0
2019,7,14,3,5,3,0,0,1,0,1,0,0,0,0,0,0
2018,6,11,4,2,6,0,0,1,0,0,0,0,0,0,0,0
2020,1,14,6,0,1,0,1,0,0,0,0,0,0,0,0,0
2018,3,14,5,2,6,0,0,1,0,0,0,0,1,0,0,0
2021,6,16,6,4,6,0,1,1,0,0,0,0,0,0,1,0
2021,6,18,7,6,4,0,0,1,1,0,0,0,0,0,1,0
2019,4,12,6,5,7,0,0,1,0,0,0,1,0,0,0,0
2018,6,16,4,5,7,0,0,1,0,1,0,0,0,0,0,0
2020,10,7,4,2,6,0,0,1,0,0,0,1,1,1,1,0
2020,10,0,5,2,6,2,0,1,0,0,0,1,0,1,1,0
2020,7,18,6,5,3,0,1,1,0,0,0,0,0,0,1,1
2020,7,17,3,2,6,0,0,1,0,0,0,0,0,0,1,0
2019,11,19,7,6,2,2,0,1,1,0,0,0,0,0,0,0
2019,5,7,4,5,3,0,1,1,0,0,0,0,0,0,0,1
2019,9,19,6,0,1,2,0,0,0,0,0,1,1,0,0,0
2021,1,13,6,5,2,0,1,1,0,0,0,0,1,1,2,0
2020,3,8,4,6,2,0,0,1,1,0,0,0,0,1,1,0
2019,5,18,3,6,2,0,0,1,1,0,0,0,0,0,0,0
2020,3,15,2,2,6,0,0,1,0,0,0,0,0,1,1,1
2018,8,16,4,2,6,0,0,1,0,1,0,0,0,0,0,0
2021,5,14,6,5,3,0,0,1,0,0,0,0,0,1,2,0
2019,8,17,5,5,2,0,1,1,0,0,0,0,0,0,0,0
2018,3,13,7,6,4,0,1,0,1,0,0,0,0,0,0,1
2018,9,7,6,0,1,0,0,0,0,1,0,0,0,0,0,0
2019,8,16,3,1,7,0,0,1,0,0,0,0,0,0,0,0
2020,6,11,5,5,2,0,1,1,0,0,0,0,1,0,1,0
2020,7,17,4,6,4,0,0,1,1,0,0,0,0,0,1,0
2018,3,11,5,2,2,0,1,1,0,0,0,0,0,0,0,0
2019,12,0,5,0,7,2,0,0,0,0,0,1,0,0,0,1
2021,6,17,2,2,6,0,1,0,0,0,0,1,0,0,1,0
2019,10,7,7,5,3,0,0,1,0,0,0,0,0,0,0,0
2019,11,14,6,5,3,0,1,1,0,0,0,0,0,0,0,0
2021,10,8,3,5,3,0,1,1,0,0,0,0,1,0,1,0
2020,3,21,3,1,5,2,0,1,0,1,0,0,0,1,1,0
2021,3,11,3,3,6,0,1,1,0,0,0,0,0,0,2,0
2018,6,16,5,1,7,0,0,1,0,0,0,0,0,0,0,0
2019,7,18,5,5,3,0,0,1,0,1,0,0,0,0,0,0
2019,1,17,2,6,2,2,0,1,1,0,0,0,0,0,0,1
2019,7,20,1,0,1,0,1,0,0,0,0,0,0,0,0,0
2021,6,10,1,5,2,0,0,0,0,1,0,0,0,0,1,0
2021,4,12,4,5,7,0,0,1,0,0,0,0,0,1,2,1
2019,6,8,4,1,5,0,1,1,0,0,0,0,0,0,0,0
2021,2,11,5,2,6,0,0,1,0,0,1,0,2,1,2,0
2021,6,22,7,1,5,2,0,1,0,0,0,1,0,0,1,0
2019,5,7,4,5,2,0,1,0,0,0,0,1,0,0,0,0
2018,1,21,5,5,2,2,0,1,0,0,0,0,1,0,0,0
2021,3,16,2,2,2,0,0,1,0,0,0,0,0,0,2,0
2018,11,17,2,6,4,2,0,1,1,0,0,0,0,0,0,1
2021,5,8,5,6,4,0,1,0,1,0,0,0,0,1,2,0
2019,10,14,4,2,6,0,0,1,0,0,0,0,0,0,0,0
2018,9,22,3,5,3,2,1,1,0,0,0,0,0,0,0,1
2020,2,5,2,3,6,2,0,1,0,0,1,0,1,0,0,0
2021,5,13,7,1,5,0,1,1,0,0,0,0,0,1,2,0
2018,4,15,6,0,6,0,0,1,0,1,0,0,0,0,0,0
2019,6,10,3,2,6,0,1,1,0,0,0,0,0,0,0,0
2019,8,13,6,2,6,0,0,1,0,0,0,1,0,0,0,0
2019,5,9,4,5,3,0,1,1,0,0,0,0,0,0,0,0
2021,5,18,2,0,1,0,1,0,0,0,0,0,0,1,2,0
2021,5,6,3,1,5,0,0,1,0,1,0,0,0,1,2,0
2018,8,22,5,0,2,2,0,1,0,0,0,1,0,0,0,0
2020,9,6,2,2,6,1,0,1,0,0,0,0,0,0,1,0
2019,10,22,6,5,3,2,0,1,0,0,0,1,0,0,0,1
2020,11,14,3,5,3,0,0,1,0,0,0,0,0,1,2,0
2019,1,14,4,5,3,0,0,1,0,0,0,0,0,0,0,0
2020,2,19,4,2,6,2,0,1,0,0,0,0,1,0,0,0
2019,9,13,7,5,3,0,0,1,0,0,0,0,0,0,0,0
2019,8,10,3,2,3,0,0,1,0,1,0,0,0,0,0,0
2018,9,8,4,2,6,0,0,1,0,0,0,0,0,0,0,0
2019,8,15,2,5,3,0,1,0,0,0,0,0,0,0,0,0
2021,6,2,5,9,1,2,0,0,0,1,0,0,0,0,1,1
2021,8,21,5,6,4,2,0,1,1,0,0,0,0,0,1,0
2021,6,16,5,3,6,0,0,1,0,0,0,0,0,0,1,0
2019,1,7,4,5,2,2,1,1,0,0,0,0,1,0,0,0
2020,7,10,2,0,6,0,1,1,0,0,0,0,0,0,1,0
2019,8,13,2,5,3,0,1,1,0,0,0,0,0,0,0,0
2018,9,18,4,5,3,1,0,1,0,0,0,0,0,0,0,1
2019,12,19,3,5,2,2,1,1,0,0,0,0,0,0,0,0
2020,7,18,1,5,3,0,0,1,0,1,0,0,0,0,1,0
2018,5,11,2,2,6,0,0,1,0,0,0,0,0,0,0,0
2018,12,9,3,2,6,0,0,1,0,0,0,0,0,0,0,0
2020,8,1,1,3,6,2,0,1,0,0,0,1,0,0,1,0
2019,6,10,5,5,2,0,0,1,0,0,0,0,0,0,0,0
2019,11,18,6,5,2,2,1,1,0,0,0,0,0,0,0,0
2020,8,14,4,2,6,0,0,1,0,0,1,1,0,0,1,0
2020,12,17,2,5,3,2,0,1,0,0,0,0,0,1,2,0
2021,6,21,5,5,3,1,1,1,0,0,0,0,0,0,1,0
2020,5,14,6,5,3,0,1,1,0,0,0,0,0,1,1,1
2020,8,15,4,4,7,0,0,1,0,0,0,0,0,0,1,1
2021,7,8,3,0,7,0,1,0,0,0,0,0,0,0,1,0
2021,12,16,5,2,6,0,0,1,0,0,0,0,0,1,2,0
2018,11,13,5,5,3,0,1,1,0,0,0,0,0,0,0,0
2021,8,16,4,5,3,0,0,1,0,0,0,0,0,0,1,0
2019,2,8,1,1,5,0,0,1,0,0,0,1,0,0,0,0
2020,9,18,4,5,2,0,1,1,0,0,0,0,0,0,1,0
2020,1,11,2,5,2,0,0,1,0,0,0,0,0,0,0,0
2019,9,15,3,2,6,0,0,1,0,0,0,1,0,0,0,0
2020,6,7,3,1,5,0,1,0,0,0,0,1,0,0,1,0
2019,8,18,2,6,7,0,1,0,1,0,0,0,0,0,0,0
2020,8,13,7,5,3,0,0,1,0,0,0,0,0,0,1,0
2018,4,5,6,5,3,1,1,0,0,0,0,1,0,0,0,1
2019,2,18,6,3,2,2,1,1,0,0,0,0,1,0,0,0
2019,6,12,1,2,1,0,0,1,0,0,0,0,0,0,0,1
2018,4,20,6,2,6,2,0,1,0,1,0,0,1,0,0,0
2021,3,11,1,9,1,0,0,0,0,1,0,0,0,0,2,0
2019,9,16,2,6,4,0,0,1,1,0,0,0,1,0,0,0
2020,5,18,7,0,7,0,1,0,0,0,0,0,0,1,1,1
2019,10,14,5,3,6,0,0,1,0,1,0,0,0,0,0,0
2021,11,10,3,1,5,0,1,1,0,0,0,0,1,0,2,0
2018,3,18,6,6,4,2,0,1,1,0,0,0,0,0,0,0
2018,11,12,5,5,3,0,1,1,0,0,0,0,0,0,0,0
2018,6,9,1,5,3,0,0,1,0,0,0,0,0,0,0,1
2018,9,18,7,5,2,0,0,1,0,0,0,0,0,0,0,0
2019,6,16,6,5,2,0,1,0,0,1,0,0,0,0,0,0
2021,9,15,5,6,4,0,0,1,1,0,0,0,0,0,1,0
2019,9,1,7,2,2,2,0,1,0,0,0,0,0,0,0,0
2019,1,8,3,3,6,0,0,1,0,0,1,0,0,0,0,0
2019,11,1,5,0,1,2,0,0,0,0,0,1,0,0,0,0
2021,12,15,2,5,2,2,0,1,0,0,0,0,0,1,2,0
2019,5,16,4,5,2,0,1,0,0,0,0,1,0,0,0,1
2019,1,11,7,5,3,0,0,1,0,0,0,0,1,0,0,0
2021,9,15,4,2,6,0,0,1,0,0,0,1,1,0,1,0
2021,7,11,5,6,7,0,0,0,1,0,0,1,0,0,1,0
2018,6,15,2,5,3,0,0,1,0,0,0,0,0,0,0,0
2018,10,16,2,0,2,0,1,1,0,0,0,0,1,0,0,0
2019,6,0,3,1,1,2,0,1,0,0,0,0,0,0,0,0
2018,7,5,6,5,7,0,1,1,0,0,0,0,0,0,0,0
2018,11,0,5,8,1,2,0,0,0,1,0,0,0,0,0,0
2019,8,18,5,5,2,0,1,1,0,0,0,0,0,0,0,0
2018,9,21,4,5,2,2,0,1,0,0,0,0,0,0,0,0
2021,1,0,7,9,1,2,0,1,0,0,0,0,1,1,2,0
2020,8,15,2,5,2,0,1,1,0,0,0,0,0,0,1,1
2021,5,17,2,5,3,0,1,1,0,0,0,0,0,1,2,0
2019,8,4,6,1,5,2,1,1,0,0,0,0,0,0,0,0
2021,2,6,5,5,3,2,0,1,0,0,0,1,1,1,2,1
2018,3,16,5,2,6,0,0,1,0,0,0,0,1,0,0,0
2018,8,5,5,1,1,0,0,1,0,0,0,0,0,0,0,0
2018,10,7,3,6,2,0,0,0,1,0,0,1,1,0,0,0
2018,4,15,3,2,6,0,1,0,0,0,0,1,0,0,0,0
2018,11,9,4,6,4,0,0,1,1,0,0,0,0,0,0,0
2019,10,18,2,0,1,2,0,0,0,1,0,0,1,0,0,1
2020,3,14,3,2,6,0,0,1,0,0,0,0,0,1,1,0
2021,8,12,1,0,6,0,0,1,0,1,0,0,0,0,1,0
2018,10,20,4,0,2,2,1,1,0,0,0,0,0,0,0,0
2021,11,15,2,2,6,0,0,1,0,0,0,0,0,0,2,0
2021,7,9,5,3,6,0,1,0,0,0,0,1,0,0,1,0
2021,8,7,6,2,2,0,1,1,0,0,0,0,0,0,1,0
2021,9,15,3,5,3,0,1,0,0,1,0,0,0,0,1,0
2021,6,9,5,0,7,0,0,1,0,0,0,0,1,0,1,0
2021,10,22,1,6,4,2,0,1,1,0,0,0,0,0,1,0
2018,7,14,2,0,2,0,1,1,0,0,0,0,0,0,0,0
2021,6,17,2,2,6,0,0,1,0,0,0,0,0,0,1,0
2019,8,11,6,5,5,0,0,1,0,0,0,0,0,0,0,0
2020,6,14,7,2,3,0,1,0,0,1,0,0,0,0,1,0
2020,3,15,2,6,4,0,0,0,1,0,0,1,0,1,1,0
2021,5,10,7,2,6,0,0,1,0,0,0,0,0,1,2,0
2018,8,15,6,2,6,0,0,1,0,0,0,0,0,0,0,0
2018,9,7,4,5,3,0,1,0,0,0,0,0,0,0,0,0
2018,8,15,2,0,3,0,1,0,0,0,0,1,1,0,0,0
2020,6,18,7,5,3,1,1,1,0,0,0,0,1,0,1,0
2018,2,16,7,6,4,0,0,1,1,0,0,0,0,0,0,0
2019,2,16,3,5,2,0,0,1,0,0,0,0,0,0,0,0
2019,7,19,7,3,6,0,0,1,0,1,0,0,0,0,0,0
2021,6,9,2,6,4,0,0,1,1,0,0,0,0,0,1,0
2019,9,10,4,2,6,0,0,1,0,0,0,0,1,0,0,0
2020,7,17,7,5,2,0,1,1,0,0,0,0,0,0,1,0
2018,12,16,6,6,4,2,0,1,1,0,0,0,1,0,0,0
2019,6,14,6,5,2,0,1,1,0,0,0,0,0,0,0,0
2018,7,9,2,0,6,0,0,1,0,1,0,0,0,0,0,0