UJAHR,UMONAT,USTUNDE,UWOCHENTAG,UART,UTYP1,ULICHTVERH,IstRad,IstPKW,IstFuss,IstKrad,IstGkfz,IstSonstige,USTRZUSTAND,LOCKDOWN,COVID,UKATEGORIE
2020,2,5,6,2,6,2,0,1,0,1,0,0,1,0,0,0
2018,11,14,7,0,1,0,1,0,0,0,0,0,0,0,0,0
2019,6,16,5,2,6,0,0,1,0,1,0,0,0,0,0,0
2019,4,8,6,6,4,0,0,1,1,0,0,0,0,0,0,1
2021,9,12,4,5,2,0,0,1,0,0,0,1,0,0,1,0
2019,6,12,5,2,6,0,0,1,0,0,0,0,0,0,0,0
2018,5,20,5,6,4,1,0,1,1,0,0,0,0,0,0,1
2021,12,21,3,6,2,2,0,1,1,0,0,0,1,1,2,1
2021,1,12,3,5,7,0,1,1,0,0,0,0,1,1,2,0
2018,7,9,4,5,2,0,1,1,0,0,0,0,0,0,0,0
2020,4,14,5,5,3,0,1,1,0,0,0,0,0,1,2,1
2021,3,15,3,1,5,0,1,1,0,0,0,0,0,0,2,0
2020,2,16,3,2,6,0,1,1,0,0,0,0,1,0,0,0
2019,5,15,7,5,3,0,1,1,0,0,0,0,0,0,0,0
2018,11,14,2,8,1,0,0,1,0,0,0,0,0,0,0,0
2019,4,9,5,5,7,0,0,1,0,0,0,0,0,0,0,0
2021,5,14,5,5,2,0,1,1,0,0,0,0,0,1,2,0
2020,4,8,5,5,2,0,1,0,0,0,0,1,0,1,2,1
2018,7,17,6,2,2,0,1,1,0,0,0,0,0,0,0,0
2021,5,1,2,5,2,2,0,1,0,0,0,0,0,1,2,0
2019,5,8,3,2,6,0,0,1,0,0,1,0,0,0,0,0
2018,4,16,3,2,6,0,0,1,0,0,1,1,0,0,0,0
2020,2,15,5,0,7,0,1,0,0,0,0,0,1,0,0,0
2019,9,6,5,5,2,0,1,1,0,0,0,0,0,0,0,0
2020,9,16,3,0,3,0,1,1,0,0,0,0,0,0,1,0
2019,8,16,7,5,3,0,1,1,0,0,0,0,0,0,0,0
2021,9,16,3,6,4,0,0,1,1,0,0,0,0,0,1,0
2019,6,13,1,1,5,0,1,1,0,0,0,0,0,0,0,0
2020,5,17,1,0,1,0,0,0,0,1,0,0,0,1,1,0
2020,1,19,2,5,3,2,1,1,0,0,0,0,1,0,0,0
2019,7,14,6,5,3,0,0,1,0,1,0,0,1,0,0,1
2019,11,12,5,6,2,0,0,1,1,0,0,0,0,0,0,1
2021,2,17,3,6,2,2,0,1,1,0,0,0,1,1,2,0
2019,4,7,6,2,6,0,0,1,0,0,0,0,0,0,0,0
2020,11,14,3,0,1,0,0,0,0,1,0,0,0,1,2,0
2021,12,15,3,5,3,1,1,1,0,0,0,0,2,1,2,0
2020,7,16,2,5,2,0,0,1,0,0,0,0,0,0,1,1
2018,11,17,2,2,6,2,0,1,0,0,0,0,1,0,0,0
2020,9,13,3,3,6,0,0,1,0,0,0,0,0,0,1,0
2019,1,13,4,5,3,0,1,1,0,0,0,0,0,0,0,0
2019,12,7,2,5,3,1,1,0,0,0,0,1,1,0,0,1
2021,6,12,4,5,2,0,1,1,0,0,0,0,0,0,1,0
2019,10,22,3,5,2,2,0,1,0,1,0,0,0,0,0,0
2019,5,18,5,5,2,0,1,1,0,0,0,0,0,0,0,0
2018,5,16,2,3,6,0,1,0,0,0,1,0,0,0,0,0
2020,7,21,6,0,7,2,1,0,0,0,0,0,0,0,1,1
2018,11,6,4,1,5,1,1,1,0,0,0,0,0,0,0,0
2020,4,14,2,8,1,0,0,1,0,0,0,0,0,1,2,0
2021,7,9,3,2,3,0,1,0,0,0,0,0,0,0,1,0
2021,8,16,1,5,3,0,1,0,0,0,0,1,0,0,1,0
2019,9,14,4,5,2,0,1,1,0,0,0,0,1,0,0,0
2021,3,18,1,0,7,2,0,1,0,0,0,0,1,0,2,0
2018,8,13,7,3,6,0,1,0,0,0,1,0,0,0,0,0
2018,7,7,4,0,6,0,1,1,0,0,0,0,0,0,0,0
2020,6,11,2,5,2,0,0,1,0,0,0,1,0,0,1,0
2019,5,16,5,5,3,0,1,1,0,0,0,0,0,0,0,0
2020,9,15,2,2,6,0,0,1,0,0,0,0,0,0,1,0
2020,11,10,4,6,4,0,0,1,1,0,0,0,0,1,2,0
2020,8,14,6,5,3,0,1,0,0,0,0,1,0,0,1,1
2018,4,18,2,5,2,0,1,1,0,0,0,0,0,0,0,0
2021,8,16,3,5,2,0,0,1,0,1,0,0,0,0,1,1
2019,6,14,1,1,5,0,1,1,0,0,0,0,0,0,0,0
2018,11,17,5,4,7,2,1,0,0,0,0,0,0,0,0,0
2019,4,9,6,5,2,0,1,1,0,0,0,0,0,0,0,0
2018,9,16,4,6,4,0,0,1,1,0,0,0,0,0,0,1
2019,1,11,2,5,2,0,0,1,0,1,0,0,1,0,0,0
2020,11,17,3,2,2,2,0,1,0,0,0,0,1,1,2,0
2020,5,20,3,6,4,1,0,1,1,0,0,0,0,1,1,0
2021,5,19,1,0,1,0,1,0,0,0,0,0,0,1,2,0
2018,3,6,6,5,2,1,0,1,0,0,0,0,0,0,0,0
2021,11,11,2,5,3,0,1,1,0,0,0,0,0,0,2,0
2021,11,17,5,5,2,2,0,1,0,1,0,0,0,0,2,1
2020,1,0,1,5,2,2,1,1,0,0,0,0,0,0,0,0
2020,6,8,4,5,2,0,1,1,0,0,0,0,0,0,1,0
2018,12,15,3,5,3,1,1,1,0,0,0,0,0,0,0,0
2021,12,5,1,5,3,2,0,1,0,0,0,0,1,1,2,0
2019,8,17,2,4,6,0,1,0,0,0,0,0,0,0,0,0
2018,7,22,4,5,2,2,0,1,0,0,0,0,0,0,0,0
2021,11,17,2,5,2,2,0,1,0,0,0,0,1,0,2,0
2018,12,13,2,5,7,0,0,1,0,0,0,0,0,0,0,0
2019,5,15,5,6,2,0,0,1,1,0,0,0,1,0,0,0
2019,12,8,5,2,6,0,0,1,0,0,0,1,1,0,0,0
2020,10,9,6,5,2,0,1,1,0,0,0,0,0,1,1,0
2019,12,14,5,5,3,0,1,1,0,0,0,0,0,0,0,1
2021,5,9,4,1,5,0,1,1,0,0,0,0,0,1,2,0
2021,8,12,3,5,2,0,1,0,0,0,0,1,0,0,1,0
2019,2,11,5,6,2,0,0,0,1,0,0,1,1,0,0,1
2020,12,13,2,0,1,0,1,0,0,0,0,0,0,1,2,0
2019,8,10,4,3,6,0,0,1,0,0,0,0,0,0,0,0
2020,9,16,6,6,7,0,0,1,1,0,0,0,0,0,1,0
2020,9,12,6,5,7,0,1,1,0,0,0,0,0,0,1,0
2021,1,7,5,6,4,0,0,0,1,0,0,1,1,1,2,1
2018,4,15,4,2,7,0,0,1,0,0,0,0,0,0,0,0
2020,9,13,4,5,3,0,0,1,0,0,0,0,0,0,1,0
2019,10,15,1,2,6,0,0,1,0,1,0,0,0,0,0,0
2019,5,7,5,2,3,0,1,0,0,0,0,0,0,0,0,0
2018,8,15,4,1,5,0,0,1,0,1,0,0,0,0,0,0
2019,6,11,4,2,6,0,0,1,0,0,0,0,0,0,0,0
2020,1,6,3,6,2,2,0,1,1,0,0,0,1,0,0,1
2018,11,14,7,2,6,0,0,1,0,0,0,0,0,0,0,0
2020,7,22,4,0,1,2,1,0,0,0,0,0,0,0,1,1
2021,1,13,2,5,2,0,1,1,0,0,0,0,1,1,2,0
2021,12,5,2,6,2,2,0,1,1,0,0,0,1,1,2,0
2019,10,13,2,5,3,0,1,1,0,0,0,0,0,0,0,0
2018,2,15,2,2,6,0,0,1,0,0,0,0,0,0,0,0
2019,11,15,1,5,3,0,0,1,0,0,0,0,0,0,0,0
2020,3,12,7,5,3,0,0,1,0,1,0,0,0,1,1,1
2019,11,22,7,2,6,2,0,1,0,0,0,0,0,0,0,0
2021,11,13,6,5,3,0,0,1,0,0,0,0,1,0,2,0
2018,4,7,1,2,7,0,0,1,0,0,0,0,0,0,0,0
2019,9,15,3,2,7,0,1,1,0,0,0,0,0,0,0,0
2018,10,16,5,5,3,0,0,1,0,0,0,0,0,0,0,0
2021,12,11,2,5,3,0,0,1,0,0,0,0,0,1,2,0
2018,2,9,5,6,4,0,0,0,1,0,0,1,1,0,0,0
2018,8,12,6,5,3,0,0,1,0,1,0,0,0,0,0,0
2019,5,11,7,6,6,0,1,0,1,0,0,0,0,0,0,0
2020,9,17,6,2,6,0,0,1,0,1,0,0,0,0,1,0
2020,5,16,6,7,7,0,1,0,0,0,0,0,0,1,1,1
2019,8,9,3,5,2,0,0,1,0,0,0,0,0,0,0,0
2021,10,11,3,3,6,0,1,1,0,0,0,0,0,0,1,0
2018,11,11,2,5,2,0,0,1,0,1,0,0,1,0,0,1
2018,10,13,3,5,2,0,0,0,0,0,1,1,0,0,0,0
2021,2,20,7,1,1,2,0,1,0,0,1,0,1,1,2,1
2018,3,12,5,2,6,0,0,1,0,0,1,0,1,0,0,0
2020,11,12,1,0,1,0,1,0,0,0,0,0,1,1,2,0
2019,9,9,3,1,7,0,0,1,1,0,0,1,0,0,0,0
2019,5,16,2,2,7,0,0,1,0,0,1,0,0,0,0,0
2021,8,12,6,5,7,0,0,1,0,0,0,1,0,0,1,0
2021,9,16,5,0,3,0,0,1,0,1,0,0,0,0,1,0
2019,1,13,6,2,6,0,0,1,0,0,0,0,0,0,0,0
2019,5,18,2,5,2,0,1,1,0,0,0,0,0,0,0,0
2019,7,9,4,4,6,0,1,0,0,0,0,0,0,0,0,1
2021,8,13,2,6,7,0,1,0,1,0,0,0,0,0,1,0
2019,3,8,4,2,6,0,1,1,0,0,0,0,0,0,0,0
2019,1,14,2,2,3,0,0,1,0,0,0,0,0,0,0,0
2021,6,20,7,0,6,1,1,1,0,0,0,0,0,0,1,0
2019,10,7,6,0,7,0,0,1,0,0,0,1,0,0,0,0
2020,1,5,7,0,1,2,0,0,0,0,0,1,1,0,0,0
2020,11,5,5,6,2,2,0,1,1,0,0,0,1,1,2,0
2020,11,18,6,3,6,2,0,1,0,0,0,0,0,1,2,0
2020,10,16,6,6,7,1,1,0,1,0,0,0,0,1,1,0
2020,8,16,2,2,6,0,0,1,0,1,0,0,0,0,1,0
2018,1,17,5,6,2,2,0,1,1,0,0,0,1,0,0,0
2019,12,10,7,5,3,0,1,1,0,0,0,0,1,0,0,0
2018,11,7,5,2,2,1,0,1,0,0,0,0,0,0,0,0
2019,12,21,5,5,3,2,0,1,0,1,0,0,1,0,0,0
2019,6,14,6,5,2,0,1,1,0,0,0,0,0,0,0,0
2019,7,19,4,2,6,0,0,1,0,0,0,0,0,0,0,0
2019,12,18,4,5,2,2,0,1,0,1,0,0,0,0,0,0
2019,11,19,3,5,2,2,1,1,0,0,0,0,0,0,0,0
2020,11,16,5,2,6,2,0,1,0,1,0,0,1,1,2,0
2019,4,8,2,5,2,0,1,0,0,1,0,0,0,0,0,0
2021,2,19,4,6,2,2,0,1,1,0,0,0,1,1,2,0
2018,10,20,6,6,2,2,0,1,1,0,0,0,0,0,0,0
2018,9,13,4,7,7,0,1,0,0,0,0,0,0,0,0,0
2019,7,10,4,6,4,0,0,1,1,0,0,0,0,0,0,1
2021,7,13,5,1,5,0,0,1,0,0,0,0,0,0,1,0
2019,6,6,5,5,2,0,1,0,0,1,0,0,0,0,0,0
2020,6,17,3,5,3,0,1,0,0,0,0,1,0,0,1,0
2020,5,0,7,0,1,2,1,0,0,0,0,0,0,1,1,0
2018,4,17,5,5,3,0,0,1,0,0,0,0,0,0,0,0
2020,6,9,5,0,6,0,1,1,0,0,0,0,0,0,1,0
2018,4,7,5,2,6,0,0,1,0,0,0,0,0,0,0,0
2021,10,18,5,5,7,2,0,1,0,0,0,1,0,0,1,1
2020,6,19,5,0,6,0,1,0,0,0,0,0,0,0,1,0
2019,8,7,4,0,2,0,0,1,0,1,0,0,0,0,0,0
2020,11,8,2,5,3,0,1,0,0,0,0,1,0,1,2,0
2018,3,16,3,6,4,0,0,1,1,0,0,0,0,0,0,0
2018,11,15,6,2,2,2,0,1,0,0,0,0,1,0,0,0
2019,8,8,2,3,6,0,1,1,0,0,0,0,0,0,0,0
2018,12,20,3,3,6,2,1,1,0,0,0,0,1,0,0,0
2019,3,23,2,6,4,2,0,1,1,0,0,0,0,0,0,1
2019,8,12,3,5,7,0,1,1,0,0,0,0,0,0,0,0
2020,6,18,3,1,5,0,1,1,0,0,0,0,0,0,1,0
2021,2,13,7,5,3,0,0,1,0,0,0,0,1,1,2,0
2020,1,17,5,2,6,2,0,1,0,0,0,0,1,0,0,0
2018,4,18,5,5,3,0,0,1,0,1,0,0,1,0,0,0
2020,7,15,4,5,3,0,1,1,0,0,0,0,1,0,1,0
2019,11,15,2,1,5,1,0,1,0,1,0,0,1,0,0,0
2019,10,0,7,6,4,2,0,1,1,0,0,0,0,0,0,0
2018,4,12,1,2,6,0,0,1,0,0,0,0,0,0,0,0
2018,12,14,3,5,2,0,0,1,0,0,0,0,1,0,0,0
2019,11,7,5,5,3,0,1,1,0,0,0,0,0,0,0,0
2020,6,22,3,3,6,1,0,1,0,0,0,0,0,0,1,0
2021,9,15,7,1,5,0,0,1,0,1,0,0,0,0,1,1
2019,4,18,3,5,2,0,1,0,0,0,0,1,0,0,0,1
2019,12,11,3,6,7,0,0,1,1,0,1,1,0,0,0,1
2019,5,9,3,5,2,0,1,1,0,0,0,0,0,0,0,0
2018,4,13,2,3,6,0,0,1,0,0,0,0,0,0,0,0
2020,9,14,5,5,3,0,0,1,0,0,0,1,0,0,1,0
2019,5,16,6,3,6,0,0,1,0,0,0,0,0,0,0,0
2021,11,8,4,5,2,0,0,0,0,0,1,1,1,0,2,0
2020,8,17,4,6,7,0,0,1,1,0,0,0,0,0,1,0
2018,10,8,5,5,7,0,0,1,0,1,0,0,0,0,0,1
2018,8,10,2,5,7,0,0,1,0,1,0,0,0,0,0,0
2019,6,16,5,5,3,0,1,1,0,0,0,0,0,0,0,0
2020,7,14,6,6,4,0,0,1,1,0,0,0,1,0,1,0
2018,6,16,4,5,2,0,0,1,0,1,0,0,0,0,0,0
2021,5,11,7,1,5,0,1,1,0,0,0,0,0,1,2,0
2018,8,11,5,2,6,0,0,1,0,0,0,0,1,0,0,1
2021,10,17,1,5,2,0,1,0,0,1,0,0,0,0,1,1
2020,1,19,5,6,4,2,0,1,1,0,0,0,1,0,0,1
2019,10,8,2,1,5,0,1,1,0,0,0,0,0,0,0,0
2020,3,14,3,0,7,0,0,1,0,0,0,0,0,1,1,1
2020,4,22,4,1,5,2,0,1,0,0,0,1,1,1,2,0
2018,8,12,5,0,1,0,0,0,0,1,0,0,1,0,0,0
2019,6,13,6,1,5,0,1,1,0,0,0,0,0,0,0,0
2018,12,19,4,5,3,2,1,1,0,0,0,0,0,0,0,0
2020,4,13,7,5,2,0,1,1,0,0,0,0,0,1,2,0
2018,8,16,5,2,6,0,0,1,0,0,0,0,0,0,0,0
2020,9,9,1,5,3,0,1,0,0,0,0,0,0,0,1,0
2020,11,6,3,5,3,1,0,0,0,0,1,1,1,1,2,0
2019,2,14,3,5,3,0,0,1,0,0,0,0,0,0,0,0
2018,6,15,1,0,4,0,1,0,1,0,0,0,0,0,0,0
2021,3,17,7,5,2,0,1,1,0,0,0,0,1,0,2,0
2019,8,13,5,6,4,0,0,1,1,0,0,0,0,0,0,1
2020,2,14,4,5,3,0,0,1,0,0,0,1,0,0,0,1
2018,5,15,4,6,2,0,0,1,1,0,0,0,0,0,0,0
2019,12,21,7,6,4,2,0,1,1,0,0,0,0,0,0,1
2020,9,18,2,4,6,0,1,0,0,0,0,1,0,0,1,0
2021,11,18,2,5,2,2,1,1,0,0,0,0,1,0,2,0
2020,5,18,3,5,7,0,0,1,0,0,0,0,0,1,1,0
2021,7,19,1,1,5,0,0,1,0,1,0,0,1,0,1,0
2021,6,15,3,2,6,0,1,1,0,0,0,0,0,0,1,0
2018,9,7,3,2,6,0,0,1,0,0,0,0,0,0,0,0
2020,6,14,3,3,6,0,0,1,0,1,0,0,0,0,1,1
2021,10,9,5,2,2,0,0,1,0,1,0,0,0,0,1,0
2018,10,17,7,5,2,0,0,1,0,1,0,0,0,0,0,0
2020,10,19,4,1,5,2,1,1,0,0,0,0,1,1,1,0
2018,4,19,7,2,6,1,0,1,0,0,0,0,0,0,0,0
2020,3,9,4,5,2,0,0,1,0,0,0,1,0,1,1,0
2020,8,9,5,5,3,0,0,1,0,1,0,0,0,0,1,0
2018,10,9,7,5,2,0,1,1,0,0,0,0,0,0,0,0
2021,1,21,2,6,4,2,0,1,1,0,0,0,1,1,2,1
2019,8,15,3,0,6,0,0,1,0,1,0,0,1,0,0,0
2020,10,6,3,2,3,0,0,1,0,0,0,0,0,1,1,0
2018,12,17,3,6,4,2,0,1,1,0,0,0,1,0,0,0
2021,5,18,7,2,6,0,0,1,0,0,0,0,0,1,2,0
2020,1,13,2,5,3,0,0,1,0,0,0,0,0,0,0,0
2019,12,23,4,2,6,2,0,1,0,0,0,0,1,0,0,0
2020,9,7,2,1,7,0,1,1,0,0,0,0,0,0,1,0
2019,11,5,2,8,1,0,1,0,0,0,0,0,0,0,0,0
2018,3,21,4,1,1,2,0,1,0,0,0,0,1,0,0,1
2021,6,17,4,6,4,0,0,0,1,0,0,1,0,0,1,0
2021,9,14,4,5,2,0,0,1,0,1,0,0,0,0,1,0
2020,9,16,4,6,4,0,0,1,1,0,0,0,1,0,1,1
2019,7,7,3,6,7,0,0,1,1,0,0,0,0,0,0,0
2021,2,5,6,6,2,2,0,1,1,0,0,0,1,1,2,0
2021,7,17,2,0,1,0,1,1,0,0,0,0,0,0,1,0
2019,6,18,5,6,2,0,0,1,1,0,0,0,0,0,0,0
2018,9,17,1,2,6,0,0,1,0,0,0,0,1,0,0,0
2021,3,10,4,5,3,0,0,1,0,0,1,0,0,0,2,0
2018,8,18,5,1,5,0,1,1,0,1,0,0,0,0,0,0
2018,6,6,6,5,3,0,1,1,0,0,0,0,0,0,0,0
2018,12,12,6,5,3,0,1,1,0,0,0,0,0,0,0,0
2020,9,14,5,1,5,0,1,0,0,0,0,1,0,0,1,1
2019,2,8,6,5,2,0,1,1,0,0,0,0,0,0,0,0
2018,4,9,7,5,2,0,1,0,0,0,0,1,0,0,0,0
2020,6,9,5,0,3,0,1,1,0,0,0,0,0,0,1,0
2018,9,19,6,5,3,2,1,1,0,0,0,0,1,0,0,1
2021,8,9,4,5,2,0,1,1,0,0,0,0,0,0,1,0
2019,10,13,4,5,2,0,1,1,0,0,0,0,0,0,0,0
2018,5,17,5,2,6,0,0,1,0,0,0,1,0,0,0,0
2020,1,7,6,6,2,1,0,1,1,0,0,0,2,0,0,1
2018,11,16,3,6,2,2,0,1,1,0,0,0,1,0,0,0
2018,4,11,3,1,7,0,0,1,0,0,0,0,0,0,0,0
2020,2,21,3,2,6,2,0,1,0,0,0,0,0,0,0,0
2019,1,17,2,6,2,2,0,1,1,0,0,0,1,0,0,0
2018,1,19,2,9,1,2,0,1,0,0,0,0,0,0,0,1
2020,12,18,2,1,5,2,0,1,0,0,0,0,1,1,2,0
2019,3,8,2,5,3,0,1,1,0,0,0,0,1,0,0,0
2018,9,21,7,2,6,2,0,1,0,1,0,0,0,0,0,0
2021,6,13,5,1,5,0,1,0,0,0,1,0,0,0,1,1
2019,5,9,6,0,3,0,0,1,0,1,0,0,0,0,0,0
2018,10,10,3,3,6,0,0,1,0,0,0,1,0,0,0,0
2018,9,12,5,0,2,0,1,0,0,0,0,1,0,0,0,0
2019,10,15,2,5,3,0,1,0,0,1,0,0,0,0,0,0
2020,8,9,3,2,6,0,0,1,0,0,0,1,0,0,1,0
2019,10,13,7,3,6,0,1,0,0,0,0,0,0,0,0,0
2019,4,15,3,2,6,0,0,1,0,0,0,0,0,0,0,0
2021,4,13,4,0,7,0,0,1,0,0,0,0,0,1,2,1
2019,8,21,1,5,3,2,0,1,0,0,0,1,0,0,0,0
2018,5,18,2,2,6,0,0,1,0,1,0,0,0,0,0,1
2020,10,20,5,3,6,2,0,1,0,0,0,0,0,1,1,0
2019,4,12,6,5,2,0,1,1,0,0,0,0,0,0,0,0
2021,9,16,6,3,6,0,1,1,0,0,0,0,0,0,1,0
2021,11,12,4,5,3,0,1,0,0,1,0,0,0,0,2,0
2019,4,13,6,1,5,0,0,1,0,0,0,0,0,0,0,0
2019,9,7,5,5,3,0,1,1,0,0,0,0,0,0,0,1
2019,7,7,6,5,2,0,1,1,0,0,0,0,1,0,0,0
2021,10,22,7,5,3,2,0,1,0,0,0,0,1,0,1,0
2019,3,22,4,5,3,2,0,1,0,0,0,1,1,0,0,1
2018,5,14,7,5,3,0,0,1,0,0,0,0,0,0,0,0
2021,11,8,6,5,2,0,1,1,0,0,0,0,1,0,2,0
2021,8,9,2,5,2,0,1,0,0,0,1,0,0,0,1,0
2020,10,8,5,0,1,0,0,0,0,1,0,0,0,1,1,0
2021,7,23,2,1,5,2,1,1,0,0,0,0,0,0,1,0
2020,10,9,6,2,7,0,1,1,0,0,1,0,1,1,1,0
2019,7,21,2,9,1,1,0,1,0,0,0,0,1,0,0,0
2019,6,10,3,6,7,0,0,1,1,0,0,0,0,0,0,0
2018,8,15,4,2,6,0,0,1,0,0,0,1,0,0,0,0
2020,8,8,5,5,2,0,1,1,0,0,0,0,0,0,1,0
2018,8,18,2,2,6,0,0,1,0,1,0,0,0,0,0,0
2021,8,15,6,6,7,0,0,0,1,0,0,1,0,0,1,0
2019,4,18,3,5,3,0,1,1,0,0,0,0,0,0,0,0
2018,1,13,5,5,3,0,0,1,0,0,0,0,1,0,0,0
2020,5,6,7,8,1,0,0,1,0,0,0,0,0,1,1,1
2021,9,16,4,2,6,1,0,1,0,0,0,0,1,0,1,0
2020,8,13,2,5,3,0,1,1,0,0,0,0,0,0,1,1
2021,8,17,1,6,4,0,0,1,1,0,0,0,0,0,1,1
2019,5,12,5,0,1,0,0,1,0,1,0,0,1,0,0,0
2018,8,11,1,1,7,0,0,1,0,0,0,1,0,0,0,1
2018,8,12,5,5,7,0,1,1,0,0,0,0,1,0,0,0
2020,11,14,3,0,6,0,0,1,0,0,0,1,0,1,2,0
2020,9,10,5,6,3,0,0,1,1,0,0,0,0,0,1,0
2018,8,8,3,1,7,0,1,1,0,0,0,0,0,0,0,0
2021,6,6,3,1,5,0,1,1,0,0,0,0,0,0,1,1
2021,11,17,5,1,5,2,0,1,0,0,0,0,1,0,2,0
2018,8,18,2,5,3,0,0,1,0,1,0,0,0,0,0,1
2018,8,10,7,6,2,0,0,1,1,0,0,0,0,0,0,0
2020,1,16,7,0,1,1,1,0,0,0,0,0,1,0,0,0
2021,8,16,4,5,2,0,1,1,0,0,0,0,0,0,1,0
2018,12,8,3,6,2,0,0,1,1,0,0,0,1,0,0,0
2018,9,7,2,3,6,0,1,0,0,0,0,0,0,0,0,1
2021,7,17,1,5,7,0,0,1,0,0,0,1,0,0,1,0
2019,12,21,6,5,3,2,0,1,0,0,0,1,0,0,0,0
2021,2,15,2,5,3,0,0,1,0,0,0,0,0,1,2,0
2021,5,15,4,5,2,0,1,1,0,0,0,0,0,1,2,0
2021,1,8,4,5,2,0,1,1,0,0,0,0,0,1,2,0
2021,4,13,7,0,2,0,1,1,0,0,0,0,0,1,2,0
2018,6,14,2,5,3,0,0,1,0,0,0,1,0,0,0,0
2019,10,5,5,9,1,1,0,1,0,0,0,0,0,0,0,0
2019,1,10,4,5,3,0,0,1,0,0,0,0,1,0,0,0
2018,4,8,4,1,5,0,1,1,0,0,0,0,0,0,0,0
2020,1,19,5,5,3,2,0,1,0,0,0,0,1,0,0,0
2019,9,14,2,5,3,0,1,1,0,0,0,0,0,0,0,0
2018,8,22,2,0,6,2,0,1,0,1,0,0,0,0,0,0
2018,2,23,5,5,2,2,1,1,0,0,0,0,0,0,0,0
2019,8,14,3,0,2,0,0,1,0,1,0,0,0,0,0,0
2021,3,20,3,0,1,2,0,0,0,1,0,0,0,0,2,1
2020,8,12,4,3,6,0,1,0,0,0,1,0,0,0,1,0
2021,9,13,5,0,4,0,0,0,1,0,0,1,0,0,1,0
2018,2,6,6,6,2,2,0,1,1,0,0,0,0,0,0,0
2018,5,11,3,2,6,0,0,1,0,0,0,0,0,0,0,0
2019,10,17,7,5,3,1,1,1,0,0,0,0,0,0,0,0
2019,12,21,7,6,4,2,0,1,1,0,0,0,1,0,0,1
2020,8,16,4,3,6,0,1,0,0,0,0,0,1,0,1,1
2018,10,11,7,2,6,0,0,1,0,0,0,0,0,0,0,1
2021,11,16,7,3,6,0,0,1,0,1,0,0,0,0,2,0
2019,12,19,6,0,4,2,1,0,1,0,0,0,1,0,0,0
2019,12,19,6,1,5,2,1,1,0,0,0,0,0,0,0,0
2020,11,8,6,1,5,0,0,1,0,0,0,0,0,1,2,0
2021,6,17,4,5,2,0,1,1,0,0,0,0,0,0,1,0
2019,10,9,5,0,3,0,0,1,0,1,0,0,0,0,0,0
2020,2,19,7,6,2,2,0,1,1,0,0,0,1,0,0,0
2018,10,8,3,5,7,0,1,1,0,0,0,0,0,0,0,0
2021,8,7,6,3,6,1,0,1,0,0,1,0,1,0,1,0
2021,9,11,4,5,3,0,0,1,0,0,0,0,0,0,1,0
2018,7,15,6,5,2,0,1,1,0,0,0,0,0,0,0,0
2018,3,12,4,2,6,0,0,1,0,0,0,0,1,0,0,0
2020,9,12,6,5,3,0,0,1,0,1,0,0,1,0,1,0
2018,7,23,5,5,3,2,1,1,0,0,0,0,1,0,0,0
2018,5,16,1,0,2,0,1,1,0,0,0,0,0,0,0,0
2019,4,15,5,2,2,0,0,1,0,0,0,1,0,0,0,0
2021,12,17,2,0,2,2,1,0,0,0,0,1,0,1,2,0
2018,1,17,5,5,2,2,1,1,0,0,0,0,1,0,0,0
2018,9,15,4,5,2,0,1,1,0,0,0,0,0,0,0,0
2020,4,13,6,5,3,0,1,1,0,0,0,0,0,1,2,0
2018,10,15,6,5,2,0,0,1,0,1,0,0,0,0,0,0
2018,3,15,5,6,4,0,0,1,1,0,0,0,0,0,0,0
2020,9,18,2,5,2,0,0,1,0,1,0,0,0,0,1,1
2019,4,12,2,3,6,0,0,1,0,0,1,0,0,0,0,0
2019,10,5,1,1,5,2,1,1,0,0,0,1,1,0,0,0
2019,2,11,5,6,3,0,0,1,1,0,0,0,0,0,0,1
2020,4,1,1,0,1,2,0,0,0,1,0,0,0,1,2,0
2020,6,7,3,2,6,0,0,1,0,0,0,0,0,0,1,0
2018,7,14,7,6,4,0,0,1,1,0,0,0,0,0,0,0
2021,5,17,5,5,3,0,0,1,0,0,0,0,0,1,2,0
2021,5,8,2,2,6,0,0,1,0,0,0,1,0,1,2,0
2021,5,9,2,2,6,0,0,1,0,0,0,0,0,1,2,0
2021,10,13,7,2,6,0,0,1,0,0,0,0,0,0,1,0
2019,3,8,2,5,3,0,1,1,0,0,0,0,1,0,0,0
2021,12,16,5,2,6,1,0,1,0,0,0,1,1,1,2,0
2021,10,11,2,1,1,0,0,1,0,0,0,0,0,0,1,0
2020,1,17,3,5,3,2,1,1,0,0,0,0,1,0,0,0
2018,7,16,4,5,2,0,0,1,0,0,0,0,0,0,0,0
2018,11,8,5,0,2,0,1,0,0,0,0,1,0,0,0,0
2018,6,7,6,5,3,0,1,1,0,0,0,0,0,0,0,0
2020,2,5,4,5,3,2,1,1,0,0,0,0,0,0,0,0
2020,10,10,6,0,6,0,0,0,0,0,0,1,0,1,1,0
2021,7,16,6,2,6,0,0,1,0,0,0,0,0,0,1,0
2019,11,0,7,0,1,2,1,0,0,0,0,0,1,0,0,0
2019,10,12,2,5,3,0,1,1,0,0,0,0,0,0,0,0