UJAHR,UMONAT,USTUNDE,UWOCHENTAG,UART,UTYP1,ULICHTVERH,IstRad,IstPKW,IstFuss,IstKrad,IstGkfz,IstSonstige,USTRZUSTAND,LOCKDOWN,COVID,UKATEGORIE
2019,10,6,2,0,3,1,1,0,0,0,0,0,1,0,0,0
2018,12,21,6,5,3,2,0,1,0,0,0,0,1,0,0,0
2018,9,12,5,5,2,0,0,1,0,0,0,0,0,0,0,0
2021,4,12,7,0,6,0,0,1,0,1,0,0,0,1,2,1
2019,11,7,5,2,1,0,0,1,0,0,0,0,1,0,0,0
2019,4,23,3,0,1,2,0,0,0,1,0,0,0,0,0,0
2021,11,10,3,5,3,0,0,1,0,1,0,0,1,0,2,0
2018,7,22,4,6,4,2,1,0,1,0,0,0,0,0,0,0
2019,6,13,4,5,2,0,1,1,0,0,0,0,0,0,0,0
2019,9,6,5,2,6,0,0,1,0,0,0,1,1,0,0,0
2020,8,7,6,4,6,0,1,0,0,0,0,0,0,0,1,0
2021,12,7,2,6,4,2,0,1,1,0,0,0,0,1,2,0
2021,4,18,2,5,7,1,0,1,0,1,0,0,0,1,2,0
2021,8,17,7,5,7,0,1,1,0,0,0,0,0,0,1,1
2021,6,7,6,5,3,0,1,1,0,0,0,0,0,0,1,0
2018,8,17,1,5,2,0,1,1,0,0,0,0,0,0,0,0
2019,10,19,1,5,2,2,1,1,0,0,0,0,0,0,0,1
2019,3,16,7,2,6,0,0,1,0,0,0,1,0,0,0,0
2020,6,13,7,0,1,0,1,0,0,0,0,0,0,0,1,1
2019,7,14,4,6,4,0,0,1,1,0,0,0,0,0,0,0
2019,12,11,2,0,3,0,0,0,0,0,0,1,0,0,0,0
2020,1,10,6,5,3,0,1,1,0,0,0,0,0,0,0,1
2018,9,9,6,3,6,0,1,1,0,0,0,0,0,0,0,1
2018,3,8,1,5,3,0,0,1,0,0,0,1,0,0,0,1
2018,10,15,6,0,2,0,1,1,0,0,0,0,0,0,0,0
2018,1,10,5,5,2,1,1,1,0,0,0,0,1,0,0,0
2020,9,7,4,5,2,0,1,1,0,0,0,0,0,0,1,1
2021,8,10,6,2,6,0,0,1,0,0,0,0,0,0,1,0
2018,6,16,2,3,6,0,0,1,0,0,0,0,0,0,0,0
2019,4,11,2,2,6,0,0,1,0,0,0,0,0,0,0,0
2019,9,7,1,0,1,0,0,0,0,1,0,0,0,0,0,0
2019,8,18,4,5,2,0,0,1,0,1,0,0,0,0,0,0
2018,3,12,2,5,7,0,0,1,0,0,0,0,0,0,0,0
2020,8,15,6,5,3,0,0,1,0,0,0,0,0,0,1,0
2018,1,7,6,0,7,1,0,0,0,1,0,0,1,0,0,0
2018,9,1,1,0,1,2,1,0,0,0,0,0,0,0,0,0
2021,1,18,4,5,2,2,0,1,0,0,0,0,1,1,2,0
2019,6,10,1,5,2,0,0,1,0,1,0,0,0,0,0,0
2021,12,11,3,6,4,0,0,1,1,0,0,0,0,1,2,0
2019,4,17,3,4,7,0,1,1,0,0,0,0,0,0,0,0
2019,3,5,3,2,6,1,0,1,0,0,0,0,0,0,0,0
2020,10,10,1,0,1,0,0,0,0,1,0,0,0,1,1,0
2021,8,16,2,2,6,0,0,1,0,0,0,1,1,0,1,0
2021,7,16,5,5,2,0,0,1,0,1,0,0,1,0,1,0
2019,10,14,5,5,2,0,0,1,0,0,0,0,1,0,0,0
2020,1,19,3,5,2,2,1,1,0,0,0,0,1,0,0,0
2021,3,18,5,5,2,0,1,1,0,0,0,0,0,0,2,0
2019,9,0,7,5,3,2,0,1,0,0,0,0,0,0,0,0
2018,5,15,5,6,7,0,0,1,1,0,0,0,0,0,0,0
2020,8,10,1,3,6,0,1,1,0,0,0,0,0,0,1,0
2021,9,13,4,1,5,0,1,1,0,0,0,0,0,0,1,0
2018,4,9,3,6,4,0,0,1,1,0,0,0,0,0,0,1
2018,7,12,4,2,6,0,1,1,0,0,0,0,0,0,0,0
2018,5,15,5,5,2,0,1,1,0,0,0,0,0,0,0,0
2018,1,20,4,6,2,2,0,1,1,0,0,0,1,0,0,0
2020,7,7,2,1,5,0,1,1,0,0,0,0,0,0,1,0
2021,6,16,3,2,7,0,1,1,0,0,0,0,0,0,1,0
2018,10,1,1,5,3,2,0,1,0,0,0,0,0,0,0,0
2018,7,14,7,1,5,0,0,1,0,0,0,0,0,0,0,0
2020,2,17,5,6,2,2,0,1,1,0,0,0,0,0,0,0
2019,7,13,4,5,7,0,1,1,0,0,0,0,0,0,0,0
2019,2,14,5,6,4,0,0,1,1,0,0,0,0,0,0,0
2020,10,9,5,0,6,0,1,1,0,0,0,0,1,1,1,0
2021,9,15,4,5,3,0,0,1,0,0,0,0,0,0,1,0
2019,4,7,3,2,6,0,0,1,0,0,0,0,0,0,0,0
2019,4,20,2,6,2,2,0,1,1,0,0,0,0,0,0,0
2020,9,12,3,5,3,0,1,1,0,0,0,0,0,0,1,0
2018,12,17,1,2,6,2,0,1,0,0,0,0,1,0,0,0
2019,10,18,5,6,4,2,0,1,1,0,0,0,0,0,0,0
2020,12,17,1,6,2,2,0,1,1,0,0,0,0,1,2,0
2018,8,10,3,5,2,0,0,1,0,0,0,0,0,0,0,0
2019,12,16,5,0,3,2,0,1,0,1,0,0,1,0,0,0
2021,10,15,4,8,1,0,0,1,0,0,0,0,1,0,1,0
2018,11,12,2,5,3,0,0,1,0,0,0,1,0,0,0,0
2018,8,8,2,5,2,0,1,1,0,0,0,0,0,0,0,0
2018,9,15,4,0,1,0,0,0,0,1,0,0,0,0,0,1
2020,6,13,7,2,2,0,0,1,0,0,0,1,0,0,1,0
2019,9,13,6,2,2,0,0,1,0,0,0,1,1,0,0,0
2019,10,11,6,5,2,0,1,0,0,0,0,1,0,0,0,0
2019,4,18,4,0,6,0,1,0,0,0,0,1,0,0,0,0
2019,10,6,3,5,3,0,0,1,0,1,0,0,0,0,0,0
2019,10,17,2,1,5,0,0,1,0,0,0,0,0,0,0,1
2021,12,17,6,6,4,2,0,1,1,0,0,0,0,1,2,1
2020,3,14,6,6,4,0,0,1,1,0,0,0,0,1,1,0
2018,6,17,5,5,3,0,0,1,0,0,0,0,0,0,0,0
2018,2,20,2,5,2,2,0,1,0,0,0,0,1,0,0,0
2018,6,7,5,5,3,0,0,1,0,1,0,0,0,0,0,0
2018,5,10,3,3,6,0,0,1,0,1,0,0,0,0,0,0
2019,1,12,4,6,4,0,0,1,1,0,0,0,0,0,0,0
2020,1,20,3,2,6,2,0,1,0,0,0,0,0,0,0,0
2019,7,12,4,3,6,0,1,1,0,0,0,0,0,0,0,0
2021,9,16,5,5,3,0,1,1,0,0,0,0,0,0,1,0
2018,12,19,6,5,7,2,0,1,0,0,0,0,1,0,0,0
2020,10,17,7,2,6,0,1,1,0,0,0,0,0,1,1,0
2021,7,14,6,5,2,0,1,1,0,0,0,0,0,0,1,0
2020,9,20,2,9,1,2,0,0,0,1,0,0,0,0,1,0
2018,7,13,7,4,6,0,1,1,0,0,0,0,0,0,0,0
2020,4,7,4,6,2,0,0,1,1,0,0,0,0,1,2,0
2019,5,14,6,2,2,0,0,1,0,0,0,0,0,0,0,0
2019,5,14,4,3,6,0,0,1,0,1,0,0,0,0,0,0
2019,1,18,3,6,7,1,0,1,1,0,0,0,1,0,0,0
2019,3,16,5,2,6,0,0,1,0,0,0,1,1,0,0,0
2018,2,11,5,6,4,0,0,1,1,0,0,0,0,0,0,0
2021,6,16,7,5,3,0,1,1,0,0,0,0,0,0,1,0
2019,10,16,5,6,4,2,0,1,1,0,0,0,1,0,0,1
2020,9,18,6,6,4,0,0,1,1,0,0,0,0,0,1,1
2019,5,19,6,1,5,1,1,1,0,0,0,0,1,0,0,1
2019,12,19,5,6,1,2,0,1,1,0,0,0,0,0,0,1
2019,1,10,2,5,3,0,1,1,0,0,0,0,0,0,0,0
2021,11,12,5,6,3,0,0,1,1,0,0,0,0,0,2,0
2018,7,20,2,3,6,0,1,0,0,0,0,0,0,0,0,0
2018,3,15,4,2,6,0,1,0,0,0,0,0,0,0,0,0
2019,2,15,3,5,7,0,0,1,0,1,0,0,0,0,0,0
2018,5,18,5,5,3,0,0,1,0,0,0,0,0,0,0,1
2020,7,18,2,0,7,0,0,1,0,0,0,1,0,0,1,0
2019,3,14,1,0,1,0,0,0,0,1,0,0,1,0,0,0
2018,5,10,5,5,7,0,0,1,0,0,0,0,0,0,0,1
2020,2,15,5,6,2,0,0,1,1,0,0,0,0,0,0,0
2019,5,13,1,2,6,0,0,1,0,0,0,1,0,0,0,0
2019,3,7,4,5,3,0,1,1,0,0,0,0,0,0,0,0
2020,12,7,5,5,3,1,1,1,0,0,0,0,0,1,2,0
2020,7,16,4,1,7,0,0,1,0,0,0,0,0,0,1,0
2020,8,2,3,0,1,2,1,0,0,0,0,0,0,0,1,1
2019,2,13,3,2,6,0,0,1,0,0,0,1,0,0,0,0
2019,3,12,6,5,3,0,1,1,0,0,0,0,0,0,0,0
2018,1,15,3,1,5,0,1,1,0,0,0,0,1,0,0,0
2018,9,10,5,0,7,0,0,1,0,1,0,0,1,0,0,0
2020,10,19,5,4,6,2,0,1,0,0,0,1,0,1,1,0
2021,11,18,5,6,2,2,0,1,1,0,0,0,1,0,2,0
2018,7,15,5,6,7,0,1,0,1,0,0,0,0,0,0,0
2020,4,18,2,2,6,0,1,1,0,0,0,0,0,1,2,0
2021,3,13,3,5,3,0,0,1,0,0,0,0,0,0,2,0
2019,11,15,7,6,4,0,0,1,1,0,0,0,0,0,0,0
2020,7,13,4,6,4,0,0,1,1,0,0,0,0,0,1,0
2019,6,9,5,2,1,0,0,1,0,0,0,0,0,0,0,0
2018,10,15,7,2,1,0,0,1,0,0,0,0,0,0,0,0
2021,6,11,6,1,5,0,0,1,0,0,0,0,0,0,1,0
2018,5,18,3,5,5,0,1,1,0,0,0,0,0,0,0,0
2021,7,20,4,2,2,0,0,1,0,1,0,0,0,0,1,0
2019,7,20,6,0,7,1,1,1,0,0,0,0,0,0,0,0
2018,7,3,4,3,6,2,0,1,0,1,0,0,0,0,0,0
2021,3,11,6,6,7,0,0,0,1,0,0,1,1,0,2,0
2018,12,17,5,6,2,2,0,0,1,0,0,1,1,0,0,0
2019,6,15,1,3,6,0,0,1,0,1,0,0,0,0,0,1
2021,3,16,3,6,4,0,0,1,1,0,0,0,0,0,2,0
2018,6,12,4,2,6,0,0,1,0,0,0,0,0,0,0,0
2020,12,13,4,8,1,0,0,1,1,0,0,0,0,1,2,0
2021,9,11,5,2,2,0,1,1,0,0,0,0,0,0,1,0
2020,10,16,5,5,5,0,1,1,0,0,0,0,0,1,1,0
2020,10,9,6,5,7,0,0,1,0,1,0,0,1,1,1,0
2019,12,5,2,5,2,2,1,1,0,0,0,0,0,0,0,0
2020,8,15,7,5,3,0,1,0,0,1,0,0,0,0,1,0
2021,10,7,2,5,3,0,0,1,0,1,0,0,0,0,1,0
2019,4,14,4,0,5,0,1,0,0,0,0,1,0,0,0,1
2021,11,18,5,5,7,2,0,1,0,0,0,1,1,0,2,0
2018,3,15,7,1,5,0,0,1,0,0,0,0,1,0,0,0
2020,11,19,5,5,2,2,0,1,0,1,0,0,0,1,2,0
2021,8,17,6,5,2,0,1,0,0,0,0,1,1,0,1,1
2019,8,12,1,2,6,0,0,1,0,1,0,0,0,0,0,0
2019,9,9,3,2,6,0,0,1,0,0,0,0,0,0,0,0
2018,8,18,4,2,6,0,0,1,0,0,0,0,0,0,0,0
2020,10,15,3,5,2,0,1,1,0,0,0,0,0,1,1,0
2021,5,11,1,1,5,0,1,1,0,0,0,0,1,1,2,0
2021,6,15,2,0,7,0,1,0,1,0,0,0,0,0,1,0
2019,8,10,4,5,2,0,1,0,0,0,0,1,0,0,0,0
2020,6,7,6,6,4,0,0,1,1,0,0,0,0,0,1,0
2019,11,20,7,2,6,2,0,1,0,0,0,0,0,0,0,0
2021,8,15,5,5,3,0,1,1,0,0,0,0,0,0,1,0
2018,8,14,7,2,6,0,1,1,0,0,0,1,0,0,0,0
2019,4,15,3,2,6,0,0,1,0,0,0,0,0,0,0,0
2018,12,19,6,9,1,2,0,1,0,0,0,0,1,0,0,0
2020,6,8,2,0,7,0,1,0,0,0,0,0,0,0,1,0
2020,2,20,4,6,4,2,0,0,1,0,0,1,1,0,0,1
2018,9,11,6,5,2,0,1,1,0,0,0,0,0,0,0,0
2018,3,14,5,2,6,0,0,1,0,0,0,0,0,0,0,0
2021,12,8,5,3,6,0,0,1,0,0,0,0,0,1,2,0
2021,12,17,5,5,3,2,1,1,0,0,0,0,1,1,2,0
2018,9,16,6,5,3,0,1,0,0,0,0,1,0,0,0,0
2018,5,17,1,5,3,0,0,1,0,0,0,0,0,0,0,0
2020,3,9,1,5,3,0,0,1,0,0,0,0,0,1,1,0
2018,7,13,1,4,6,0,0,1,0,0,0,0,0,0,0,1
2018,9,20,4,5,2,1,1,1,0,0,0,0,0,0,0,0
2020,10,14,2,3,6,0,0,1,0,0,0,1,0,1,1,0
2021,9,13,1,5,2,0,0,1,0,0,0,0,0,0,1,0
2018,10,13,5,5,2,0,0,1,0,0,0,0,0,0,0,0
2018,6,13,6,0,6,0,0,1,0,1,0,0,0,0,0,0
2021,6,12,1,5,2,0,0,1,0,0,0,0,0,0,1,1
2020,9,13,2,2,6,0,1,1,0,0,0,0,0,0,1,0
2019,12,14,2,5,3,0,0,1,0,0,0,0,0,0,0,0
2018,7,15,6,5,3,0,0,1,0,0,0,1,0,0,0,0
2019,8,13,7,6,4,0,1,0,1,0,0,0,0,0,0,0
2021,4,10,5,5,3,0,0,1,0,0,0,0,1,1,2,0
2019,2,15,3,2,6,0,0,1,0,0,0,0,0,0,0,0
2019,11,13,6,5,2,0,1,1,0,0,0,0,0,0,0,0
2021,7,12,2,0,1,0,1,1,0,0,0,0,0,0,1,0
2018,4,10,7,3,6,0,1,0,0,0,0,0,0,0,0,1
2020,7,1,6,0,1,2,1,0,0,0,0,0,0,0,1,0
2020,9,6,4,7,7,1,0,0,0,1,0,0,0,0,1,1
2020,6,8,6,1,5,0,1,1,0,0,0,0,0,0,1,0
2018,11,7,4,5,2,0,1,1,0,0,0,0,0,0,0,0
2018,10,15,6,5,2,0,0,1,0,0,0,0,0,0,0,0
2019,12,10,5,5,3,0,1,0,0,0,1,0,0,0,0,1
2020,8,12,4,6,7,0,1,0,1,0,0,0,0,0,1,0
2018,1,18,3,6,4,2,1,0,1,0,0,0,1,0,0,1
2018,7,13,5,0,6,0,0,0,0,1,0,1,1,0,0,0
2019,4,17,3,6,3,0,0,1,1,0,0,0,0,0,0,0
2019,8,15,6,5,3,0,1,1,0,0,0,0,0,0,0,1
2019,10,14,3,5,2,0,1,1,0,0,0,0,1,0,0,0
2018,4,21,1,1,5,2,0,1,0,0,0,0,0,0,0,0
2021,4,11,3,2,6,0,0,1,0,0,0,0,0,1,2,0
2021,12,9,2,6,2,0,0,1,1,0,0,0,0,1,2,0
2020,1,16,5,3,6,2,0,0,0,1,0,1,0,0,0,0
2019,2,11,7,5,2,0,1,1,0,0,0,0,0,0,0,0
2018,1,7,2,5,3,1,0,1,0,0,0,0,0,0,0,0
2019,5,11,7,5,3,0,0,1,0,1,0,0,0,0,0,0
2020,6,15,5,5,3,0,0,1,0,0,0,1,0,0,1,0
2021,8,19,2,5,2,0,0,1,0,0,0,0,0,0,1,1
2020,9,6,5,2,6,0,0,1,0,0,0,0,0,0,1,0
2018,5,16,4,2,6,0,0,0,0,1,0,1,0,0,0,1
2021,12,7,5,5,3,0,1,1,0,0,0,0,2,1,2,1
2021,4,17,1,6,2,0,0,1,1,0,0,0,0,1,2,0
2021,10,14,1,0,2,0,1,1,0,0,0,0,0,0,1,0
2020,4,16,5,0,4,0,1,0,1,0,0,0,0,1,2,0
2018,11,16,2,2,6,2,0,1,0,0,0,0,1,0,0,0
2019,3,16,3,5,2,0,0,1,0,0,0,0,0,0,0,0
2019,1,17,7,6,2,2,0,1,1,0,0,0,1,0,0,0
2019,5,11,3,6,4,0,0,1,1,0,0,0,0,0,0,0
2019,4,14,3,5,2,0,0,1,0,0,0,1,0,0,0,0
2019,4,13,2,1,5,0,0,1,0,0,0,1,0,0,0,0
2019,11,13,1,2,6,0,0,1,0,0,0,1,0,0,0,0
2019,3,18,7,0,3,1,0,1,0,0,0,1,1,0,0,0
2019,8,17,2,2,7,0,0,1,0,0,0,0,0,0,0,1
2020,11,18,6,5,3,2,1,1,0,0,0,0,0,1,2,0
2021,9,16,4,2,6,0,0,1,0,0,0,0,1,0,1,1
2018,1,17,3,3,6,2,0,1,0,0,0,1,1,0,0,0
2020,9,16,3,5,2,0,1,1,0,0,0,0,0,0,1,1
2018,6,21,6,5,3,2,0,1,0,1,0,0,0,0,0,0
2020,10,20,3,6,4,2,0,1,1,0,0,0,0,1,1,1
2019,12,18,2,6,4,2,0,1,1,0,0,0,1,0,0,1
2020,6,17,6,2,2,0,0,1,0,1,0,0,0,0,1,0
2021,9,13,4,2,6,0,0,1,0,0,0,0,0,0,1,0
2018,8,10,1,6,4,0,0,1,1,0,0,0,0,0,0,0
2018,7,9,2,2,6,0,0,1,0,0,0,0,0,0,0,0
2019,8,14,4,3,6,0,1,0,0,0,0,0,0,0,0,1
2018,4,17,5,4,6,0,1,0,0,0,0,0,0,0,0,0
2018,11,16,6,5,2,1,1,1,0,0,0,0,1,0,0,0
2019,4,16,3,5,3,0,1,1,0,0,0,0,0,0,0,0
2019,12,17,3,2,6,2,0,1,0,0,0,0,1,0,0,0
2021,8,12,2,3,6,0,0,1,0,0,0,0,0,0,1,0
2021,9,19,5,5,3,2,0,1,0,0,0,0,0,0,1,0
2019,2,11,6,5,2,0,0,0,0,1,1,0,1,0,0,0
2019,11,9,3,0,7,0,0,1,0,0,0,0,0,0,0,0
2020,3,5,3,2,6,1,0,1,0,0,0,0,0,1,1,0
2021,6,14,7,5,3,0,1,1,0,0,0,0,0,0,1,0
2020,7,6,6,5,3,0,1,1,0,0,0,0,0,0,1,0
2021,10,16,1,8,1,0,1,1,0,0,0,0,0,0,1,1
2020,12,1,3,0,1,2,0,0,0,0,0,1,1,1,2,1
2019,1,12,4,6,3,0,0,1,1,0,0,0,0,0,0,0
2018,12,8,2,6,4,0,0,1,1,0,0,0,1,0,0,0
2019,6,12,3,3,6,0,0,1,0,1,0,0,0,0,0,0
2019,7,18,4,5,7,0,0,1,0,0,0,0,0,0,0,0
2018,1,17,7,2,6,2,0,1,0,0,0,0,0,0,0,0
2019,4,12,4,5,3,0,1,1,0,0,0,0,0,0,0,0
2021,7,8,3,3,6,0,1,1,0,0,1,0,0,0,1,0
2020,6,7,5,0,3,0,1,0,0,0,0,0,0,0,1,0
2021,2,21,3,0,7,2,1,0,0,0,0,0,1,1,2,0
2018,5,14,7,6,4,0,0,0,1,0,0,1,0,0,0,1
2021,2,14,3,0,2,0,1,0,0,0,0,1,1,1,2,0
2019,11,15,1,1,7,1,0,1,0,0,0,1,1,0,0,0
2018,7,16,5,2,6,0,1,1,0,0,0,0,0,0,0,0
2019,1,17,2,2,6,2,0,1,0,0,0,0,0,0,0,0
2018,3,13,6,8,1,0,0,1,0,0,0,0,1,0,0,0
2021,9,17,5,6,4,0,0,1,1,0,0,0,0,0,1,1
2019,8,17,3,5,2,0,0,1,0,1,0,0,0,0,0,0
2019,8,19,6,0,2,0,0,1,0,0,0,1,0,0,0,1
2020,2,8,3,2,6,0,0,1,0,0,0,0,1,0,0,0
2020,12,17,2,0,7,2,0,1,0,0,0,0,1,1,2,0
2018,1,17,7,5,3,2,1,1,0,0,0,0,0,0,0,0
2019,3,11,3,5,7,0,1,0,0,0,0,1,0,0,0,0
2018,2,15,2,0,6,0,0,1,0,0,0,0,0,0,0,0
2019,2,11,5,2,6,0,0,1,0,0,0,1,0,0,0,1
2019,6,18,2,2,6,0,0,1,0,0,0,0,0,0,0,0
2019,11,8,1,5,3,0,0,1,0,1,0,0,1,0,0,0
2018,6,3,7,0,1,1,1,0,0,0,0,0,0,0,0,1
2018,7,7,2,5,3,0,1,1,0,0,0,0,0,0,0,0
2019,6,14,6,3,6,0,0,1,0,0,1,0,0,0,0,0
2018,12,15,7,0,1,1,1,0,0,0,0,0,0,0,0,0
2020,1,7,5,6,4,1,0,1,1,0,0,0,1,0,0,0
2019,7,16,2,1,5,0,1,1,0,0,0,0,0,0,0,0
2020,1,17,6,5,3,1,0,1,1,0,0,0,0,0,0,1
2018,6,18,2,5,2,0,1,1,0,0,0,0,0,0,0,0
2021,3,11,2,5,7,0,1,0,0,0,0,1,0,0,2,0
2019,4,8,7,3,6,0,1,0,0,0,0,0,0,0,0,1
2020,8,16,1,6,7,0,0,1,1,0,0,0,0,0,1,0
2021,4,19,3,1,5,0,0,1,0,0,0,0,0,1,2,0
2020,1,8,6,5,3,0,1,1,0,0,0,0,0,0,0,0
2021,9,10,2,0,6,0,0,1,0,1,0,0,0,0,1,0
2021,10,14,5,3,6,0,1,1,0,0,0,0,0,0,1,0
2020,8,14,7,5,7,0,0,1,0,1,0,0,0,0,1,0
2021,5,11,7,0,2,0,0,1,0,0,0,1,0,1,2,0
2018,10,11,7,1,5,0,0,1,0,0,0,0,0,0,0,0
2020,6,7,3,5,2,0,1,1,0,0,0,0,0,0,1,0
2021,1,17,7,5,3,2,0,1,0,0,0,0,0,1,2,0
2019,5,12,6,0,7,0,1,0,0,0,0,1,1,0,0,0
2020,1,21,3,3,6,2,0,1,0,1,0,0,0,0,0,0
2021,9,8,5,5,3,0,0,1,0,1,0,0,0,0,1,0
2018,9,13,2,5,3,0,0,1,0,0,0,0,0,0,0,0
2018,11,18,4,2,6,0,0,1,0,0,0,0,0,0,0,0
2018,8,15,3,5,2,0,1,0,0,0,0,1,0,0,0,0
2020,9,18,7,5,3,0,0,1,0,0,0,1,0,0,1,0
2021,6,16,6,2,6,0,0,1,0,0,0,0,0,0,1,0
2021,4,14,4,1,5,0,1,0,0,0,0,1,0,1,2,0
2018,8,18,6,5,3,0,1,0,0,1,0,0,0,0,0,1
2020,6,5,3,5,3,0,1,1,0,0,0,0,0,0,1,0
2019,6,0,1,0,1,2,1,0,0,0,0,0,0,0,0,0
2021,10,9,3,2,7,0,0,1,0,0,0,1,0,0,1,0
2021,3,10,5,0,4,0,0,1,1,0,0,0,1,0,2,0
2019,10,19,5,5,5,2,0,1,0,1,0,0,0,0,0,1
2019,12,17,2,2,6,2,0,1,0,0,0,0,1,0,0,0
2021,10,20,7,0,7,2,1,0,0,0,0,0,0,0,1,0
2021,5,12,1,0,1,0,1,0,0,0,0,0,0,1,2,0
2021,4,13,3,2,6,0,0,1,0,0,0,0,0,1,2,0
2019,8,23,5,6,6,2,0,1,1,0,0,0,0,0,0,1
2019,1,14,2,5,2,0,0,1,0,0,0,0,1,0,0,0
2019,2,20,4,5,3,2,0,1,0,0,0,0,1,0,0,1
2018,9,11,2,0,2,0,1,1,0,0,0,0,1,0,0,0
2018,8,14,2,5,2,0,1,1,0,0,0,0,0,0,0,0
2019,5,13,2,5,3,0,1,1,0,0,0,0,0,0,0,0
2020,2,11,4,5,3,0,1,1,0,0,0,0,0,0,0,0
2020,6,18,7,0,1,0,0,0,0,1,0,0,1,0,1,0
2021,3,0,7,5,7,2,0,1,0,0,0,0,0,0,2,0
2020,10,13,6,1,5,0,1,0,0,1,0,0,0,1,1,0
2019,2,14,3,4,7,0,0,1,0,0,0,0,0,0,0,0
2020,7,20,5,0,7,0,0,1,0,0,0,1,0,0,1,0
2018,9,17,2,2,2,0,1,1,0,0,0,0,0,0,0,0
2020,6,21,4,2,6,1,0,1,0,1,0,0,0,0,1,0
2018,9,8,4,5,3,0,0,1,0,0,0,0,0,0,0,0
2019,5,21,4,3,6,2,0,1,0,0,0,0,0,0,0,0
2018,2,13,1,5,2,0,0,1,0,0,0,0,0,0,0,1
2021,4,11,6,5,3,0,1,0,0,0,0,1,0,1,2,0
2021,3,17,4,1,5,0,0,1,0,1,0,0,0,0,2,0
2018,3,16,2,5,3,0,1,1,0,0,0,0,1,0,0,0
2020,4,18,2,0,1,0,1,0,0,0,0,0,0,1,2,0
2021,7,17,5,5,7,0,0,1,0,1,0,0,0,0,1,0
2019,8,16,6,0,5,0,1,0,0,0,0,1,0,0,0,0
2021,11,7,3,5,3,0,0,1,0,0,0,0,1,0,2,0
2020,10,13,3,2,2,0,0,1,0,1,0,0,0,1,1,0
2020,10,6,4,1,5,0,1,1,0,0,0,0,1,1,1,0
2018,11,14,4,5,2,0,1,1,0,0,0,0,0,0,0,0
2018,11,7,3,2,6,1,0,1,0,0,0,0,1,0,0,0
2021,9,10,2,1,5,0,1,0,0,0,0,1,0,0,1,0
2020,8,19,1,6,4,2,0,1,1,0,0,0,1,0,1,0
2020,3,18,3,5,3,2,1,1,0,0,0,0,1,1,1,0
2018,10,16,5,1,5,0,1,1,0,0,0,0,0,0,0,0
2019,4,16,3,5,2,0,0,1,0,0,0,1,0,0,0,0
2021,11,7,3,0,2,2,0,1,0,1,0,0,1,0,2,0
2020,4,14,2,2,2,0,0,1,0,0,0,0,0,1,2,1
2019,6,16,7,2,2,0,1,1,0,0,0,0,0,0,0,0
2021,7,14,5,5,2,0,0,1,0,0,0,0,0,0,1,0
2018,5,19,3,5,7,0,0,0,0,1,0,1,0,0,0,0
2019,7,13,6,2,6,0,0,1,0,0,0,1,0,0,0,0
2019,8,17,2,3,6,0,1,1,0,0,0,0,0,0,0,0
2020,12,14,6,5,2,0,1,1,0,0,0,0,0,1,2,0
2019,5,14,7,0,6,0,0,1,0,0,0,1,0,0,0,1
2019,10,13,1,5,2,0,0,1,0,0,0,0,0,0,0,0
2021,3,13,3,3,6,0,0,1,0,1,0,0,0,0,2,0
2020,1,8,5,2,7,0,0,1,0,0,0,0,0,0,0,0
2019,8,15,6,5,2,0,1,1,0,0,0,0,0,0,0,0
2020,1,8,2,2,6,0,0,1,0,0,0,0,0,0,0,0
2020,11,15,1,6,7,1,0,1,1,0,0,0,0,1,2,0
2019,1,12,2,5,2,0,0,1,0,1,0,0,0,0,0,1
2021,5,11,6,2,6,0,0,1,0,0,0,1,1,1,2,0
2021,7,11,5,5,3,0,0,0,0,1,0,1,0,0,1,1
2018,4,7,3,0,2,0,1,1,0,0,0,0,0,0,0,0
2021,5,13,5,5,3,0,1,1,0,0,0,0,0,1,2,0
2020,9,17,4,2,6,0,0,1,0,1,0,0,0,0,1,0
2021,11,8,3,5,2,0,1,1,0,0,0,0,1,0,2,1
2021,8,11,4,5,7,0,0,1,0,0,0,0,0,0,1,0
2018,8,21,1,5,3,1,1,0,0,0,0,0,0,0,0,0
2019,7,18,6,6,7,0,0,0,1,0,0,1,0,0,0,0
2020,11,9,3,5,3,0,0,1,0,0,0,0,0,1,2,0
2019,9,17,7,3,6,0,0,1,0,0,0,0,0,0,0,0
2021,1,3,6,2,7,2,0,1,0,0,0,0,0,1,2,0
2021,10,10,3,2,6,0,0,1,0,0,0,0,0,0,1,0
2019,6,18,3,5,3,0,0,1,0,0,0,0,0,0,0,0
2018,1,9,3,0,3,0,0,1,0,1,0,0,1,0,0,0
2018,12,7,3,5,3,0,1,1,0,0,0,0,1,0,0,0
2020,8,15,1,5,3,0,0,1,0,0,0,0,0,0,1,0
2021,6,14,7,6,4,0,0,1,1,0,0,0,1,0,1,0
2018,3,13,4,1,5,0,0,1,0,0,0,0,1,0,0,0
2018,3,11,7,6,4,0,0,1,1,0,0,0,0,0,0,0
2020,2,17,3,2,6,1,0,1,0,0,0,0,0,0,0,0
2018,4,7,2,2,2,0,0,1,0,0,0,0,0,0,0,0