UJAHR,UMONAT,USTUNDE,UWOCHENTAG,UART,UTYP1,ULICHTVERH,IstRad,IstPKW,IstFuss,IstKrad,IstGkfz,IstSonstige,USTRZUSTAND,LOCKDOWN,COVID,UKATEGORIE
2018,4,17,5,6,4,0,0,1,1,0,0,0,0,0,0,0
2019,4,5,1,1,5,1,0,1,0,0,0,1,1,0,0,0
2021,11,8,6,5,2,0,0,1,0,0,0,0,1,0,2,0
2018,8,16,4,5,2,0,1,1,0,0,0,0,0,0,0,0
2019,10,18,3,0,1,2,1,0,0,0,0,0,1,0,0,1
2021,9,16,7,2,6,0,0,1,0,0,0,0,0,0,1,0
2020,6,15,3,1,5,0,1,1,0,0,0,0,0,0,1,0
2019,11,7,3,1,5,1,0,0,0,0,0,1,0,0,0,0
2020,7,19,2,2,6,0,1,0,0,0,0,0,0,0,1,1
2021,9,10,3,0,1,0,0,0,0,1,0,0,1,0,1,0
2021,9,11,2,0,7,0,0,0,0,1,0,0,0,0,1,0
2021,4,19,1,5,2,1,1,1,0,0,0,0,0,1,2,0
2018,8,15,3,5,2,1,1,1,0,0,0,0,0,0,0,1
2018,3,13,4,3,3,0,0,1,0,0,0,1,0,0,0,0
2019,10,20,4,5,3,1,0,1,0,0,0,0,0,0,0,0
2018,9,9,4,3,6,0,1,0,0,0,0,0,0,0,0,0
2021,12,18,2,6,2,2,0,0,1,0,0,1,1,1,2,0
2019,1,13,4,5,3,0,0,1,0,0,1,0,0,0,0,0
2019,9,15,5,6,2,0,0,1,1,0,0,0,0,0,0,0
2019,10,16,6,5,2,0,1,0,0,0,0,1,0,0,0,0
2019,3,15,2,2,6,0,0,1,0,0,0,0,0,0,0,0
2020,8,11,2,5,2,0,0,1,0,1,0,0,0,0,1,1
2021,7,14,4,5,3,0,1,1,0,0,0,0,0,0,1,1
2019,11,19,3,5,2,2,0,1,0,0,0,0,0,0,0,0
2021,7,13,1,5,2,0,0,1,0,1,0,0,0,0,1,1
2021,12,17,3,2,6,2,0,1,0,0,0,0,0,1,2,0
2021,12,11,5,5,2,0,0,1,0,0,0,0,0,1,2,0
2018,7,13,2,5,3,0,0,1,0,1,0,0,0,0,0,0
2021,12,10,3,3,6,0,1,0,0,0,1,0,1,1,2,1
2019,7,22,1,1,7,2,0,0,0,1,0,1,0,0,0,0
2021,8,12,2,5,2,0,1,0,0,0,1,0,1,0,1,0
2020,8,13,6,0,6,0,0,1,0,0,0,1,0,0,1,0
2019,10,21,3,6,7,2,1,0,1,0,0,0,1,0,0,0
2019,9,22,1,5,3,2,1,1,0,0,0,0,0,0,0,0
2018,9,4,7,3,6,2,1,0,0,0,0,1,0,0,0,0
2018,6,18,2,5,2,0,0,1,0,0,0,0,0,0,0,0
2019,12,8,2,6,4,0,0,0,1,1,0,0,0,0,0,0
2020,6,23,1,5,2,2,1,1,0,0,0,0,0,0,1,0
2018,6,19,5,6,4,0,1,0,1,0,0,0,0,0,0,0
2020,8,18,2,1,3,0,1,1,0,0,0,0,0,0,1,0
2021,3,14,5,0,3,0,0,1,0,1,0,0,0,0,2,0
2018,3,21,7,8,7,2,0,1,0,0,0,1,1,0,0,0
2018,7,16,2,5,2,0,1,1,0,0,0,0,0,0,0,0
2018,4,13,1,5,3,0,1,1,0,0,0,0,1,0,0,0
2018,8,8,2,1,5,0,0,1,0,1,0,0,0,0,0,1
2021,2,6,5,3,6,2,0,1,0,0,0,0,1,1,2,0
2018,4,19,7,3,6,0,1,1,0,0,0,0,0,0,0,1
2019,4,23,4,8,1,2,0,1,0,0,0,0,0,0,0,0
2019,6,18,4,3,6,0,1,1,0,0,0,0,0,0,0,0
2021,6,16,5,0,7,0,1,1,0,0,0,0,0,0,1,1
2018,5,13,4,0,1,0,1,0,0,0,0,0,0,0,0,1
2018,3,19,1,5,2,2,0,1,0,0,0,0,0,0,0,0
2019,8,12,3,2,6,0,0,1,0,0,0,0,0,0,0,0
2018,10,7,3,0,4,0,1,0,1,0,0,0,1,0,0,0
2018,11,13,5,5,2,0,0,1,0,0,0,0,0,0,0,1
2019,7,14,5,5,7,0,0,1,0,0,0,0,0,0,0,0
2020,9,19,4,2,6,2,0,1,0,0,0,1,1,0,1,0
2021,6,8,3,0,2,0,1,1,0,0,0,0,0,0,1,0
2021,3,19,2,5,3,2,0,1,0,0,0,0,0,0,2,0
2021,3,12,6,3,6,0,1,0,0,0,1,0,0,0,2,0
2021,9,18,4,2,2,0,1,1,0,0,0,0,0,0,1,0
2018,10,9,3,8,1,0,0,1,0,0,0,0,0,0,0,1
2020,2,13,6,5,3,0,0,1,0,0,0,0,0,0,0,0
2021,6,13,3,6,7,0,0,1,1,0,0,0,0,0,1,0
2020,6,15,7,0,5,0,0,1,0,0,0,0,0,0,1,0
2020,9,11,4,5,3,0,0,1,0,0,1,0,1,0,1,1
2018,8,12,6,3,6,0,0,1,0,1,0,0,0,0,0,0
2018,4,13,7,5,2,0,0,1,0,0,0,0,1,0,0,0
2018,5,12,1,3,2,0,0,1,0,1,0,0,0,0,0,0
2021,8,17,3,5,3,1,1,1,0,0,0,0,0,0,1,1
2018,6,20,2,5,2,0,0,1,0,0,0,0,0,0,0,1
2021,7,9,4,0,7,0,1,0,0,0,1,0,0,0,1,0
2020,10,7,5,5,3,1,1,1,0,0,0,0,1,1,1,0
2019,10,15,2,5,7,0,0,0,0,0,0,1,0,0,0,0
2018,8,5,6,5,2,1,1,1,0,0,0,0,0,0,0,0
2020,11,23,7,5,2,2,0,1,0,0,0,0,0,1,2,0
2021,8,8,6,6,2,0,0,1,1,0,0,0,1,0,1,0
2020,10,15,5,6,4,0,0,1,1,0,0,0,1,1,1,0
2019,2,14,6,2,6,0,0,1,0,0,0,0,0,0,0,0
2019,1,16,6,0,6,2,0,1,0,0,0,1,1,0,0,0
2018,1,11,2,3,6,0,0,1,0,0,0,1,0,0,0,0
2019,3,12,6,6,4,0,0,1,1,0,0,0,0,0,0,0
2019,5,10,7,0,7,0,1,0,0,0,0,0,0,0,0,0
2018,9,18,5,5,3,0,0,1,0,1,0,0,1,0,0,0
2021,9,8,2,5,2,0,0,1,0,0,0,0,0,0,1,0
2020,8,8,2,6,7,0,1,0,1,0,0,0,0,0,1,1
2020,10,16,2,1,5,0,1,1,0,0,0,0,0,1,1,0
2018,9,18,5,5,2,1,1,1,0,0,0,0,0,0,0,0
2021,9,19,7,5,2,1,0,1,0,1,0,0,0,0,1,0
2018,9,9,3,4,2,0,1,1,0,0,0,0,0,0,0,0
2021,11,13,7,5,3,0,0,1,0,0,0,0,0,0,2,0
2020,6,19,4,5,2,0,1,0,0,1,0,0,0,0,1,0
2018,1,12,2,2,6,0,0,1,0,0,1,0,0,0,0,0
2021,8,15,2,5,3,0,1,1,0,0,0,0,1,0,1,1
2018,10,18,4,1,5,1,1,1,0,0,0,1,0,0,0,0
2018,5,17,2,0,1,0,1,0,0,0,0,0,0,0,0,1
2021,6,20,3,5,3,0,1,1,0,0,0,0,1,0,1,0
2019,9,12,6,5,2,0,1,0,0,0,1,0,0,0,0,0
2020,8,17,3,3,6,0,1,0,0,0,0,0,0,0,1,0
2019,6,11,1,5,3,0,0,1,0,0,0,1,0,0,0,0
2020,7,12,3,0,1,0,0,0,0,1,0,0,0,0,1,0
2021,6,8,4,5,3,0,1,1,0,0,0,0,0,0,1,1
2021,8,16,4,5,2,0,1,1,0,0,0,0,0,0,1,1
2021,11,20,3,5,2,2,0,1,0,0,0,0,1,0,2,1
2020,4,17,7,5,3,0,0,1,0,0,0,0,0,1,2,0
2018,5,18,3,5,5,0,1,1,0,0,0,0,0,0,0,0
2021,3,12,5,6,4,0,1,0,1,0,0,0,0,0,2,1
2018,6,17,3,2,6,0,1,1,0,0,0,0,0,0,0,0
2021,5,15,5,5,3,0,1,1,0,0,0,0,0,1,2,0
2019,6,8,6,5,3,0,0,1,0,0,0,1,0,0,0,0
2020,10,11,2,5,3,0,1,1,0,0,0,0,0,1,1,0
2018,10,18,3,2,6,1,0,1,0,0,0,0,0,0,0,0
2018,1,13,2,3,6,0,0,1,0,0,0,1,0,0,0,1
2019,8,9,3,5,3,0,1,1,0,0,0,0,0,0,0,0
2021,10,14,5,1,5,0,0,1,0,0,0,1,0,0,1,0
2018,8,5,5,3,2,0,1,0,0,0,1,0,0,0,0,1
2020,3,15,6,5,3,0,0,1,0,1,0,0,0,1,1,0
2020,6,13,4,2,6,0,0,1,0,0,0,1,0,0,1,0
2018,5,11,7,0,1,0,1,0,0,0,0,0,0,0,0,0
2019,1,7,6,6,4,1,0,1,1,0,0,0,1,0,0,1
2019,7,15,5,6,3,0,0,1,1,0,0,0,0,0,0,0
2018,9,18,4,5,7,0,1,1,0,0,0,0,0,0,0,0
2020,6,10,3,5,7,0,0,1,0,0,0,0,0,0,1,0
2019,7,7,5,5,3,0,1,1,0,0,0,0,0,0,0,0
2020,9,8,4,1,3,0,1,1,0,0,0,0,0,0,1,0
2020,10,15,7,9,6,0,0,1,0,0,0,0,1,1,1,0
2018,9,13,6,5,3,0,1,1,0,0,0,0,0,0,0,0
2018,9,8,3,5,2,0,0,1,0,0,0,0,0,0,0,0
2018,2,18,7,2,6,2,0,1,0,0,0,0,0,0,0,0
2021,4,17,7,5,3,0,1,1,0,0,0,0,0,1,2,0
2021,4,10,6,5,3,0,0,1,0,0,0,0,0,1,2,0
2021,10,11,4,6,4,0,0,0,1,1,0,0,0,0,1,0
2018,2,14,3,2,6,0,0,1,0,0,0,1,0,0,0,0
2021,4,11,2,2,2,0,0,1,0,0,0,0,0,1,2,0
2019,11,7,4,5,2,0,0,1,0,0,0,1,1,0,0,0
2019,1,9,5,5,3,0,1,1,0,0,0,0,0,0,0,0
2021,6,14,7,0,7,0,0,0,0,1,0,0,0,0,1,0
2020,8,2,7,6,4,2,0,0,1,0,0,1,0,0,1,1
2020,8,13,3,6,4,0,1,0,1,0,0,0,0,0,1,0
2021,3,6,2,2,6,0,0,1,0,0,0,0,0,0,2,0
2020,7,5,6,3,2,1,0,1,0,0,1,0,0,0,1,0
2021,11,11,4,0,1,0,1,0,0,0,0,0,0,0,2,0
2021,9,13,2,6,4,0,0,1,1,0,0,0,0,0,1,0
2020,7,11,7,0,7,0,0,1,0,0,0,0,0,0,1,1
2018,4,23,4,6,4,2,0,1,1,0,0,0,0,0,0,0
2019,6,14,2,5,2,0,0,1,0,0,0,0,0,0,0,0
2019,10,10,2,6,4,0,1,0,1,0,0,0,0,0,0,0
2021,6,21,7,5,2,2,0,1,0,1,0,0,0,0,1,0
2018,9,12,2,6,4,0,0,0,1,0,1,0,0,0,0,0
2021,8,16,5,5,2,0,0,1,0,0,0,1,0,0,1,1
2018,12,3,4,5,3,2,0,1,0,0,0,0,0,0,0,0
2019,2,18,6,2,6,2,0,1,0,0,0,0,0,0,0,0
2020,5,16,2,5,2,0,0,1,0,1,0,0,1,1,1,1
2018,7,18,4,5,3,0,1,1,0,0,0,0,0,0,0,0
2020,9,16,3,5,7,0,0,1,0,0,0,0,0,0,1,0
2018,5,9,2,0,7,0,0,0,0,1,0,0,0,0,0,0
2019,4,8,3,5,3,0,1,1,0,0,0,0,0,0,0,0
2019,1,16,6,0,6,0,0,1,0,0,0,1,0,0,0,0
2020,12,15,7,5,3,0,0,1,0,0,0,0,1,1,2,1
2020,3,10,6,0,3,0,0,1,0,0,0,1,0,1,1,0
2018,7,7,5,5,2,0,1,1,0,0,0,0,0,0,0,0
2019,10,14,3,6,6,0,1,0,1,0,0,0,0,0,0,0
2019,10,17,2,2,6,1,0,1,0,0,0,1,0,0,0,0
2021,12,14,3,6,2,0,0,1,1,0,0,0,0,1,2,0
2018,4,20,6,2,6,2,0,1,0,0,0,0,0,0,0,0
2018,4,16,5,1,5,0,1,1,0,0,0,0,0,0,0,0
2021,10,23,5,5,3,2,0,1,0,0,0,0,0,0,1,0
2018,5,6,3,3,2,0,0,1,0,1,0,0,0,0,0,0
2019,1,1,1,5,3,2,0,1,0,0,0,1,1,0,0,0
2020,12,16,3,2,6,2,0,0,0,1,0,1,0,1,2,0
2018,7,6,5,5,3,0,1,1,0,0,0,0,0,0,0,0
2019,9,14,2,2,2,0,0,1,0,1,0,0,0,0,0,0
2021,7,17,4,1,1,0,0,1,0,1,0,0,0,0,1,1
2020,11,9,1,5,3,0,1,1,0,0,0,0,0,1,2,0
2019,2,15,2,3,2,0,0,1,0,1,0,0,0,0,0,0
2018,1,14,6,6,4,0,0,1,1,0,0,0,0,0,0,0
2020,10,11,4,0,7,0,1,0,0,0,0,0,1,1,1,0
2018,9,6,3,5,2,0,1,1,0,0,0,0,0,0,0,0
2021,4,8,4,5,2,0,1,0,0,0,1,0,0,1,2,0
2018,1,19,1,6,4,2,0,1,1,0,0,0,0,0,0,0
2019,5,17,6,2,6,0,0,1,0,0,0,0,0,0,0,0
2021,11,16,2,2,6,2,0,1,0,0,0,0,1,0,2,0
2018,9,8,6,6,4,0,1,0,1,0,0,0,1,0,0,0
2018,10,11,3,1,5,0,1,1,0,0,0,0,0,0,0,0
2018,7,20,1,3,6,1,1,1,0,0,0,0,0,0,0,1
2019,5,12,7,2,6,0,0,1,0,1,0,0,0,0,0,0
2019,3,14,6,5,3,0,1,1,0,0,0,0,0,0,0,0
2018,12,14,6,5,3,0,1,1,0,0,0,0,1,0,0,0
2019,4,14,2,5,3,0,1,1,0,0,0,0,0,0,0,0
2020,9,14,2,5,7,0,0,1,0,0,0,1,0,0,1,0
2021,11,8,5,5,2,0,1,1,0,0,0,0,1,0,2,0
2019,6,15,7,0,1,0,1,0,0,0,0,0,0,0,0,0
2019,5,7,4,5,7,0,0,1,0,1,0,0,0,0,0,1
2018,7,1,1,1,5,2,1,1,0,0,0,0,0,0,0,0
2020,7,22,3,6,4,2,0,1,1,0,0,0,0,0,1,1
2018,2,14,3,6,4,0,0,1,1,0,0,0,0,0,0,0
2018,9,20,4,5,7,2,1,1,0,0,0,0,0,0,0,0
2021,9,15,5,2,6,0,0,1,0,0,0,0,0,0,1,0
2019,7,8,5,5,3,0,1,1,0,0,0,0,0,0,0,1
2019,4,17,4,2,6,0,0,1,0,0,0,0,0,0,0,0
2021,4,23,7,1,7,2,0,1,0,1,0,0,0,1,2,0
2019,11,20,6,8,1,2,0,1,0,0,0,0,1,0,0,0
2021,12,16,5,2,2,1,0,1,0,0,0,0,1,1,2,0
2020,1,20,6,5,3,2,0,1,0,0,0,0,0,0,0,0
2019,8,7,6,1,5,0,0,1,0,0,1,0,0,0,0,0
2019,8,15,3,5,3,0,1,0,0,0,0,0,0,0,0,0
2021,9,15,6,5,2,0,1,1,0,0,0,0,0,0,1,0
2019,6,13,7,5,2,0,1,1,0,0,0,0,0,0,0,0
2021,7,20,1,5,3,0,0,1,0,0,0,0,0,0,1,0
2020,11,14,1,2,2,0,1,1,0,0,0,0,0,1,2,0
2018,3,7,4,5,3,0,1,1,0,0,0,0,0,0,0,0
2021,2,13,6,9,1,0,0,0,0,0,0,1,0,1,2,0
2019,4,22,3,1,5,2,0,1,0,0,0,0,0,0,0,0
2021,5,18,2,2,6,0,0,0,0,1,0,1,0,1,2,0
2021,10,13,1,5,3,0,0,1,0,1,0,0,0,0,1,0
2019,6,7,4,5,3,0,1,0,0,0,0,0,0,0,0,0
2019,9,14,7,2,6,0,0,1,0,0,0,0,1,0,0,0
2018,7,20,2,3,6,0,1,1,0,0,0,0,0,0,0,0
2020,11,12,4,8,1,0,0,1,0,0,0,0,0,1,2,0
2020,5,16,2,6,4,0,1,0,1,0,0,0,1,1,1,1
2021,8,18,5,1,5,0,1,1,0,0,0,0,0,0,1,0
2019,2,18,4,1,5,1,1,1,0,0,0,0,0,0,0,0
2020,7,18,4,0,7,0,1,0,0,0,0,0,0,0,1,0
2020,11,15,5,5,2,0,1,0,0,0,0,1,0,1,2,0
2018,6,19,7,6,4,0,0,1,1,0,0,0,0,0,0,1
2018,11,8,3,5,2,0,1,1,0,0,0,0,0,0,0,0
2019,2,15,3,5,3,0,0,1,0,0,0,0,0,0,0,0
2021,9,19,4,6,4,2,0,1,1,0,0,0,0,0,1,0
2018,9,10,3,1,5,0,1,1,0,0,0,0,0,0,0,0
2019,6,16,1,1,5,0,1,1,0,0,0,0,0,0,0,0
2019,6,18,5,0,1,0,0,0,0,1,0,0,1,0,0,0
2021,10,14,6,3,6,0,0,1,0,0,0,0,0,0,1,0
2018,7,12,3,2,6,0,0,1,0,0,0,0,0,0,0,0
2018,11,15,2,5,2,0,1,1,0,0,0,0,1,0,0,0
2018,5,14,5,3,6,0,0,1,0,1,0,0,0,0,0,0
2018,6,12,4,5,2,0,0,1,0,1,0,0,0,0,0,0
2018,6,17,1,8,1,0,0,1,0,0,0,0,0,0,0,0
2020,11,14,4,5,2,0,1,1,0,0,0,0,0,1,2,0
2019,4,10,2,5,2,0,0,1,0,0,0,0,1,0,0,1
2021,5,8,4,2,6,0,0,1,0,0,0,0,0,1,2,0
2020,5,13,2,5,3,0,0,1,0,1,0,0,1,1,1,1
2019,9,17,4,5,3,0,0,1,0,0,0,1,1,0,0,1
2021,11,18,3,5,3,2,1,1,0,0,0,0,1,0,2,0
2021,6,11,1,5,3,0,1,0,0,0,0,1,0,0,1,0
2018,4,17,1,2,6,0,0,1,0,0,0,0,0,0,0,0
2020,3,11,2,1,5,0,0,1,0,0,0,0,1,1,1,1
2020,7,20,4,5,3,0,1,1,0,0,0,0,0,0,1,0
2020,11,15,4,5,3,0,1,0,0,0,0,1,0,1,2,0
2018,8,13,7,5,3,0,1,1,0,0,0,0,0,0,0,0
2018,5,14,1,2,6,0,0,1,0,0,0,0,0,0,0,0
2018,11,15,5,2,2,0,0,1,0,0,0,0,0,0,0,0
2019,10,11,2,2,6,1,0,1,0,0,0,1,0,0,0,0
2020,11,14,2,5,3,0,0,1,0,1,0,0,0,1,2,0
2020,10,9,3,0,7,0,1,1,0,0,0,0,1,1,1,0
2021,12,12,5,3,6,0,1,0,0,0,0,0,1,1,2,0
2019,1,10,4,1,5,1,1,1,0,0,0,0,1,0,0,0
2018,8,11,4,0,3,0,1,0,0,0,0,1,0,0,0,0
2021,6,20,7,0,1,0,0,0,0,1,0,0,0,0,1,0
2019,9,9,2,5,3,0,1,0,0,0,0,0,0,0,0,1
2020,6,17,2,0,2,0,1,0,0,0,0,1,0,0,1,0
2019,4,17,6,2,6,1,0,1,0,0,0,0,0,0,0,0
2020,2,1,2,5,2,2,0,1,0,0,0,0,1,0,0,0
2021,4,16,4,5,3,0,1,1,0,0,0,0,0,1,2,0
2018,10,20,5,0,1,2,0,0,0,1,0,0,1,0,0,0
2019,8,17,1,0,1,0,0,0,0,1,0,0,0,0,0,0
2021,7,10,4,0,3,0,1,0,0,0,0,1,1,0,1,1
2018,5,16,2,5,2,0,0,1,0,0,0,0,0,0,0,0
2019,7,19,1,0,2,0,1,1,0,0,0,0,0,0,0,0
2021,4,17,5,3,6,0,0,1,0,0,0,0,0,1,2,0
2020,8,11,2,6,4,0,0,0,1,0,0,1,0,0,1,1
2019,7,19,3,0,3,0,1,0,0,0,0,0,0,0,0,0
2020,2,15,1,1,5,0,0,1,0,0,0,0,1,0,0,0
2020,11,0,7,2,6,2,1,0,0,0,0,0,0,1,2,0
2019,11,17,2,2,6,2,0,1,0,0,0,1,1,0,0,0
2019,10,3,2,0,7,2,0,1,0,0,0,0,0,0,0,0
2018,10,11,2,5,2,0,1,1,0,0,0,0,0,0,0,0
2020,1,18,4,6,4,2,1,0,1,0,0,0,0,0,0,0
2019,7,17,2,5,2,0,1,1,0,0,0,0,0,0,0,0
2021,4,15,7,0,2,0,1,1,0,0,0,0,0,1,2,0
2020,12,11,7,2,2,0,0,1,0,0,0,0,0,1,2,0
2018,1,15,4,1,5,0,1,1,0,0,0,0,0,0,0,0
2019,3,15,6,1,5,0,0,1,0,0,0,1,0,0,0,1
2021,9,19,6,3,6,2,0,1,0,1,0,0,0,0,1,0
2018,1,13,7,5,3,0,0,1,0,0,0,0,0,0,0,0
2020,2,13,4,3,6,0,1,1,0,0,0,0,0,0,0,0
2020,2,11,4,5,3,0,1,0,0,0,0,0,1,0,0,0
2019,9,17,3,2,6,0,0,1,0,0,0,0,1,0,0,0
2018,2,19,6,2,6,2,0,1,0,0,0,0,0,0,0,0
2020,10,12,7,4,6,0,1,0,0,0,0,1,1,1,1,0
2021,6,23,7,5,3,2,0,1,0,0,0,1,0,0,1,0
2018,11,15,3,5,3,0,1,1,0,0,0,0,0,0,0,0
2021,9,18,2,1,5,1,1,0,0,0,1,0,0,0,1,0
2021,10,13,2,1,5,0,0,1,0,0,0,0,0,0,1,0
2021,9,11,6,0,1,0,0,0,0,1,0,0,0,0,1,0
2018,4,16,5,2,7,0,0,1,0,1,0,1,0,0,0,1
2018,11,12,2,1,5,0,0,1,0,0,0,1,0,0,0,0
2018,12,18,7,6,2,2,0,1,1,0,0,0,0,0,0,0
2018,9,14,2,5,2,0,0,1,0,1,0,0,1,0,0,0
2018,3,7,4,6,4,0,0,1,1,0,0,0,1,0,0,0
2021,3,13,2,1,5,0,0,1,0,0,0,0,0,0,2,0
2018,1,15,7,6,4,0,0,0,1,0,0,1,0,0,0,0
2020,10,14,3,0,1,0,0,0,0,1,0,0,0,1,1,0
2020,3,9,4,5,3,0,0,1,0,0,0,0,0,1,1,0
2020,10,18,2,5,2,1,1,1,0,0,0,0,0,1,1,0
2021,3,16,3,6,7,0,0,1,1,0,0,0,0,0,2,0
2020,6,16,2,0,1,0,1,0,0,0,0,0,1,0,1,0
2021,3,18,5,6,4,2,0,0,1,0,0,1,1,0,2,1
2019,4,12,7,6,4,0,1,0,1,0,0,0,0,0,0,1
2019,2,10,7,9,1,0,0,1,0,0,0,0,0,0,0,1
2019,8,14,6,3,6,0,1,1,0,0,0,1,0,0,0,0
2019,5,7,5,3,6,0,0,1,0,1,0,1,0,0,0,1
2021,10,6,4,6,4,1,0,0,1,1,0,0,1,0,1,0
2019,2,12,6,5,3,0,0,1,0,0,0,0,0,0,0,0
2018,4,19,7,5,3,2,1,1,0,0,0,0,0,0,0,0
2019,6,18,4,5,3,0,1,0,0,1,0,0,0,0,0,0
2020,10,15,4,2,6,0,0,1,0,0,0,0,0,1,1,0
2019,8,22,6,5,2,2,1,1,0,0,0,0,0,0,0,1
2019,9,13,5,6,2,0,0,1,1,0,0,0,0,0,0,0
2019,3,18,4,5,3,1,0,1,0,0,0,0,1,0,0,0
2018,9,19,5,3,6,2,1,0,0,0,0,0,1,0,0,0
2021,12,5,4,5,2,2,0,1,0,0,0,1,1,1,2,0
2021,6,10,2,5,2,0,0,1,0,0,0,1,0,0,1,0
2021,7,5,3,0,7,0,0,0,0,1,0,0,1,0,1,0
2018,8,8,3,6,4,0,1,0,1,0,0,0,0,0,0,0
2021,9,5,1,9,1,2,0,1,0,0,0,0,0,0,1,1
2018,4,9,3,0,3,0,1,0,0,1,0,0,0,0,0,0
2020,1,9,4,6,4,0,0,1,1,0,0,0,1,0,0,0
2018,6,14,2,0,1,0,1,0,0,0,0,0,0,0,0,0
2020,4,14,1,2,6,0,0,1,0,0,0,0,0,1,2,0
2021,11,1,1,0,1,2,1,0,0,0,0,0,0,0,2,0
2020,8,9,2,5,2,0,1,1,0,0,0,0,0,0,1,0
2019,7,18,6,2,6,0,0,1,0,0,0,0,0,0,0,0
2021,9,14,3,5,3,0,1,1,0,0,0,0,0,0,1,0
2021,11,21,3,5,3,2,1,1,0,0,0,0,0,0,2,0
2019,3,14,5,6,7,0,0,1,1,0,0,0,0,0,0,0
2019,12,7,5,6,4,0,0,1,1,0,0,0,1,0,0,1
2020,3,2,1,5,2,2,0,1,0,0,0,0,0,1,1,0
2018,4,17,4,2,2,0,1,1,0,0,0,0,0,0,0,0
2018,8,7,6,5,3,0,1,0,0,0,0,0,0,0,0,0
2020,6,5,7,3,6,1,1,1,0,0,0,0,0,0,1,0
2018,11,7,7,5,3,0,0,1,0,0,0,0,0,0,0,0
2019,9,19,5,3,6,2,0,1,0,1,0,0,0,0,0,0
2021,8,17,1,2,6,1,0,1,0,1,0,0,1,0,1,0
2019,5,11,4,5,7,0,1,1,0,0,0,0,0,0,0,0
2021,6,16,5,2,6,0,0,1,0,1,0,0,0,0,1,0
2018,6,19,6,5,2,0,1,1,0,0,0,0,1,0,0,0
2021,4,7,2,5,7,0,0,0,0,1,1,0,0,1,2,0
2018,6,16,6,6,4,0,0,1,1,0,0,0,0,0,0,1
2018,6,12,6,5,3,0,1,1,0,0,0,0,0,0,0,0
2021,2,9,5,2,6,0,0,1,0,0,0,0,1,1,2,0
2021,9,13,6,2,6,0,0,1,0,0,0,0,0,0,1,0
2020,11,15,2,2,2,0,1,1,0,0,0,0,0,1,2,0
2020,3,8,2,5,3,0,1,1,0,0,0,0,0,1,1,0
2019,7,15,5,5,2,0,1,1,0,0,0,0,0,0,0,0
2018,5,14,4,3,6,0,1,0,0,0,0,0,0,0,0,0
2021,9,9,3,5,3,0,0,0,0,0,0,1,0,0,1,1
2021,9,23,4,1,5,2,1,1,0,0,0,0,0,0,1,0
2020,10,14,1,0,6,0,0,1,0,0,0,0,1,1,1,0
2019,7,6,2,2,6,0,0,1,0,1,0,0,0,0,0,0
2021,11,0,7,1,5,2,1,1,0,0,0,0,0,0,2,0
2021,10,16,6,5,3,0,0,1,0,0,0,0,1,0,1,0
2019,12,13,5,2,7,0,0,1,0,0,0,0,0,0,0,0
2020,8,9,2,5,2,0,0,1,0,0,0,0,0,0,1,0
2021,12,12,6,0,1,0,0,0,0,1,0,0,2,1,2,0
2021,9,13,7,2,6,0,0,1,0,0,0,0,0,0,1,0
2020,8,14,3,0,1,0,0,0,0,1,0,0,0,0,1,0
2020,8,15,3,3,6,0,1,0,0,0,0,0,0,0,1,0
2019,1,22,4,5,3,2,0,1,0,0,0,0,0,0,0,0
2018,5,7,2,0,3,0,0,0,0,1,1,0,0,0,0,0
2019,3,14,7,5,2,0,1,1,0,0,0,0,0,0,0,1
2021,7,1,7,6,2,2,0,1,1,0,0,0,1,0,1,0
2019,5,17,6,5,3,0,0,1,0,0,0,1,0,0,0,1
2020,9,10,6,5,2,0,1,1,0,0,0,0,0,0,1,0
2020,7,12,4,5,3,0,0,1,0,0,0,0,1,0,1,0
2018,2,19,4,6,4,2,0,1,1,0,0,0,0,0,0,0
2018,7,8,4,0,7,0,1,1,0,0,0,0,0,0,0,0
2021,5,18,1,5,3,0,1,1,0,0,0,0,0,1,2,0
2021,10,16,6,0,7,0,0,1,0,0,0,0,0,0,1,0
2021,11,18,5,5,3,2,0,1,0,0,0,1,1,0,2,0
2021,11,18,3,5,2,1,1,0,0,0,0,1,0,0,2,0
2018,4,7,5,5,3,0,1,1,0,0,0,0,0,0,0,0
2020,5,10,4,5,2,0,1,1,0,0,0,0,0,1,1,0
2018,7,20,6,4,6,1,1,1,0,0,0,0,0,0,0,0
2018,9,16,3,5,2,0,0,1,0,0,0,0,0,0,0,0
2020,11,14,3,2,7,0,0,1,0,0,0,0,0,1,2,0
2018,11,20,4,5,2,2,1,1,0,0,0,0,0,0,0,0
2020,6,15,3,5,2,0,0,1,0,1,0,0,0,0,1,1
2021,5,16,2,5,2,0,1,1,0,0,0,0,0,1,2,0
2020,1,10,6,5,2,0,0,1,0,0,0,0,0,0,0,0
2018,7,13,7,9,1,0,0,0,0,1,0,0,0,0,0,1
2018,6,15,6,2,6,0,0,1,0,0,0,0,0,0,0,0
2021,11,19,1,5,3,2,0,1,0,0,0,0,1,0,2,1
2020,5,12,7,5,3,0,0,1,0,0,0,0,1,1,1,0